7,-1,tx/tE5T/QaiyNGZl0IRSuL1i2bk=,2m5rAcCwnwYrv93/5UkzGUnVJyo=
7,-2,tx/tE5T/QaiyNGZl0IRSuL1i2bk=,2m5rAcCwnwYrv93/5UkzGUnVJyo=
7,-3,tx/tE5T/QaiyNGZl0IRSuL1i2bk=,2m5rAcCwnwYrv93/5UkzGUnVJyo=
7,-4,tx/tE5T/QaiyNGZl0IRSuL1i2bk=,2m5rAcCwnwYrv93/5UkzGUnVJyo=
7,-5,tx/tE5T/QaiyNGZl0IRSuL1i2bk=,d/WSTtU1fhLWk6sLEb61r229hk0=
7,-6,tx/tE5T/QaiyNGZl0IRSuL1i2bk=,d/WSTtU1fhLWk6sLEb61r229hk0=
7,-7,tx/tE5T/QaiyNGZl0IRSuL1i2bk=,d/WSTtU1fhLWk6sLEb61r229hk0=
7,-8,tx/tE5T/QaiyNGZl0IRSuL1i2bk=,8qHGYnUYuLcnHcMEXbvi7PZ4WMA=
6,-2,tx/tE5T/QaiyNGZl0IRSuL1i2bk=,rgXaewO7G3Dx/glrcNMxnL7HZ7Q=
6,-1,tx/tE5T/QaiyNGZl0IRSuL1i2bk=,31KS1nWXGv2xy7f+J8zzYpmdWLA=
6,-4,tx/tE5T/QaiyNGZl0IRSuL1i2bk=,31KS1nWXGv2xy7f+J8zzYpmdWLA=
6,-3,tx/tE5T/QaiyNGZl0IRSuL1i2bk=,31KS1nWXGv2xy7f+J8zzYpmdWLA=
6,-6,tx/tE5T/QaiyNGZl0IRSuL1i2bk=,31KS1nWXGv2xy7f+J8zzYpmdWLA=
6,-5,tx/tE5T/QaiyNGZl0IRSuL1i2bk=,31KS1nWXGv2xy7f+J8zzYpmdWLA=
6,-8,tx/tE5T/QaiyNGZl0IRSuL1i2bk=,31KS1nWXGv2xy7f+J8zzYpmdWLA=
6,-7,K4osbhxOSBw5DBnRdrmJul8c1TY=,31KS1nWXGv2xy7f+J8zzYpmdWLA=
5,-3,K4osbhxOSBw5DBnRdrmJul8c1TY=,b3EjxJKDYgKE6f0pIKAa6EkSfbo=
5,-4,K4osbhxOSBw5DBnRdrmJul8c1TY=,b3EjxJKDYgKE6f0pIKAa6EkSfbo=
5,-1,K4osbhxOSBw5DBnRdrmJul8c1TY=,nJUaXAgJhbCglHh8Eque6b2FFM0=
5,-2,K4osbhxOSBw5DBnRdrmJul8c1TY=,dNHFcCVRWaURX4XIJBQlWChiLIY=
5,-7,K4osbhxOSBw5DBnRdrmJul8c1TY=,dNHFcCVRWaURX4XIJBQlWChiLIY=
5,-8,K4osbhxOSBw5DBnRdrmJul8c1TY=,wnHdnM6yhBVr22ORQUWDWm2wNlE=
5,-5,K4osbhxOSBw5DBnRdrmJul8c1TY=,wnHdnM6yhBVr22ORQUWDWm2wNlE=
5,-6,K4osbhxOSBw5DBnRdrmJul8c1TY=,wnHdnM6yhBVr22ORQUWDWm2wNlE=
4,-4,K4osbhxOSBw5DBnRdrmJul8c1TY=,QMoz/TEP2UEPBF7aT6utPrkYPXk=
4,-3,K4osbhxOSBw5DBnRdrmJul8c1TY=,QMoz/TEP2UEPBF7aT6utPrkYPXk=
4,-2,K4osbhxOSBw5DBnRdrmJul8c1TY=,QMoz/TEP2UEPBF7aT6utPrkYPXk=
4,-1,K4osbhxOSBw5DBnRdrmJul8c1TY=,QMoz/TEP2UEPBF7aT6utPrkYPXk=
4,-8,K4osbhxOSBw5DBnRdrmJul8c1TY=,QMoz/TEP2UEPBF7aT6utPrkYPXk=
4,-7,K4osbhxOSBw5DBnRdrmJul8c1TY=,QMoz/TEP2UEPBF7aT6utPrkYPXk=
4,-6,K4osbhxOSBw5DBnRdrmJul8c1TY=,QMoz/TEP2UEPBF7aT6utPrkYPXk=
4,-5,K4osbhxOSBw5DBnRdrmJul8c1TY=,QMoz/TEP2UEPBF7aT6utPrkYPXk=
3,-5,K4osbhxOSBw5DBnRdrmJul8c1TY=,pyC1F017H2i7aNEwT7cOEpVLGms=
3,-6,K4osbhxOSBw5DBnRdrmJul8c1TY=,pyC1F017H2i7aNEwT7cOEpVLGms=
3,-7,zTLHu2qahUFE8x1nGpxiqtjby50=,pyC1F017H2i7aNEwT7cOEpVLGms=
3,-8,zTLHu2qahUFE8x1nGpxiqtjby50=,LfkjcYxfyz7N7tnWXAehJHYwd48=
3,-1,zTLHu2qahUFE8x1nGpxiqtjby50=,LfkjcYxfyz7N7tnWXAehJHYwd48=
3,-2,zTLHu2qahUFE8x1nGpxiqtjby50=,LfkjcYxfyz7N7tnWXAehJHYwd48=
3,-3,zTLHu2qahUFE8x1nGpxiqtjby50=,LfkjcYxfyz7N7tnWXAehJHYwd48=
3,-4,zTLHu2qahUFE8x1nGpxiqtjby50=,uYslRF+COsiK0kFKrX9AFEQw73A=
2,-6,zTLHu2qahUFE8x1nGpxiqtjby50=,B4VaN2lg6ikyHSp4sIjO8tf+5t4=
2,-5,zTLHu2qahUFE8x1nGpxiqtjby50=,B4VaN2lg6ikyHSp4sIjO8tf+5t4=
2,-8,zTLHu2qahUFE8x1nGpxiqtjby50=,B4VaN2lg6ikyHSp4sIjO8tf+5t4=
2,-7,zTLHu2qahUFE8x1nGpxiqtjby50=,zmGo0jvZDMSU7LMN6ox3MwJE5Ng=
2,-2,zTLHu2qahUFE8x1nGpxiqtjby50=,zmGo0jvZDMSU7LMN6ox3MwJE5Ng=
2,-1,zTLHu2qahUFE8x1nGpxiqtjby50=,zmGo0jvZDMSU7LMN6ox3MwJE5Ng=
2,-4,zTLHu2qahUFE8x1nGpxiqtjby50=,zmGo0jvZDMSU7LMN6ox3MwJE5Ng=
2,-3,zTLHu2qahUFE8x1nGpxiqtjby50=,zmGo0jvZDMSU7LMN6ox3MwJE5Ng=
1,-7,zTLHu2qahUFE8x1nGpxiqtjby50=,Vv2+BGMuuGwdivfmvPCUeeUHds4=
1,-8,zTLHu2qahUFE8x1nGpxiqtjby50=,Vv2+BGMuuGwdivfmvPCUeeUHds4=
1,-5,zTLHu2qahUFE8x1nGpxiqtjby50=,Vv2+BGMuuGwdivfmvPCUeeUHds4=
1,-6,zTLHu2qahUFE8x1nGpxiqtjby50=,Vv2+BGMuuGwdivfmvPCUeeUHds4=
1,-3,zTLHu2qahUFE8x1nGpxiqtjby50=,Vv2+BGMuuGwdivfmvPCUeeUHds4=
1,-4,zTLHu2qahUFE8x1nGpxiqtjby50=,Vv2+BGMuuGwdivfmvPCUeeUHds4=
1,-1,zTLHu2qahUFE8x1nGpxiqtjby50=,NoQbhSy489j0nrAIXTNKvo25as4=
1,-2,zTLHu2qahUFE8x1nGpxiqtjby50=,1xwOSGZpa+ikRCeEYfPUq3amCOk=
0,-8,H8AjjWhb4ocKWeo3F3DIPoUi0gQ=,CE4aJOsoQiMK3zMCjq77mUJSopg=
0,-7,H8AjjWhb4ocKWeo3F3DIPoUi0gQ=,m91BoYN6jngYIAX5RHPG8jWwdQE=
0,-6,H8AjjWhb4ocKWeo3F3DIPoUi0gQ=,m91BoYN6jngYIAX5RHPG8jWwdQE=
0,-5,H8AjjWhb4ocKWeo3F3DIPoUi0gQ=,m91BoYN6jngYIAX5RHPG8jWwdQE=
0,-4,H8AjjWhb4ocKWeo3F3DIPoUi0gQ=,m91BoYN6jngYIAX5RHPG8jWwdQE=
0,-3,H8AjjWhb4ocKWeo3F3DIPoUi0gQ=,m91BoYN6jngYIAX5RHPG8jWwdQE=
0,-2,H8AjjWhb4ocKWeo3F3DIPoUi0gQ=,TSnuqsEl+iMvCwEHYdzC41XzPxw=
0,-1,H8AjjWhb4ocKWeo3F3DIPoUi0gQ=,TSnuqsEl+iMvCwEHYdzC41XzPxw=
