-18,6,AlYqZFRAYLaeuyYCM4p+EybGFtY=,n2d5jn4f3X2B13SvmPZzr2s/apM=
-19,6,AlYqZFRAYLaeuyYCM4p+EybGFtY=,n2d5jn4f3X2B13SvmPZzr2s/apM=
-19,5,AlYqZFRAYLaeuyYCM4p+EybGFtY=,n2d5jn4f3X2B13SvmPZzr2s/apM=
-18,5,AlYqZFRAYLaeuyYCM4p+EybGFtY=,n2d5jn4f3X2B13SvmPZzr2s/apM=
-18,4,AlYqZFRAYLaeuyYCM4p+EybGFtY=,n2d5jn4f3X2B13SvmPZzr2s/apM=
-19,3,AlYqZFRAYLaeuyYCM4p+EybGFtY=,n2d5jn4f3X2B13SvmPZzr2s/apM=
-18,3,AlYqZFRAYLaeuyYCM4p+EybGFtY=,n2d5jn4f3X2B13SvmPZzr2s/apM=
-20,1,AlYqZFRAYLaeuyYCM4p+EybGFtY=,n2d5jn4f3X2B13SvmPZzr2s/apM=
-19,2,AlYqZFRAYLaeuyYCM4p+EybGFtY=,n2d5jn4f3X2B13SvmPZzr2s/apM=
-18,2,AlYqZFRAYLaeuyYCM4p+EybGFtY=,n2d5jn4f3X2B13SvmPZzr2s/apM=
-18,1,AlYqZFRAYLaeuyYCM4p+EybGFtY=,n2d5jn4f3X2B13SvmPZzr2s/apM=
-19,4,AlYqZFRAYLaeuyYCM4p+EybGFtY=,n2d5jn4f3X2B13SvmPZzr2s/apM=
-19,1,AlYqZFRAYLaeuyYCM4p+EybGFtY=,n2d5jn4f3X2B13SvmPZzr2s/apM=
-21,2,AlYqZFRAYLaeuyYCM4p+EybGFtY=,n2d5jn4f3X2B13SvmPZzr2s/apM=
-23,3,AlYqZFRAYLaeuyYCM4p+EybGFtY=,n2d5jn4f3X2B13SvmPZzr2s/apM=
-23,2,AlYqZFRAYLaeuyYCM4p+EybGFtY=,n2d5jn4f3X2B13SvmPZzr2s/apM=
-21,1,AlYqZFRAYLaeuyYCM4p+EybGFtY=,n2d5jn4f3X2B13SvmPZzr2s/apM=
-22,1,AlYqZFRAYLaeuyYCM4p+EybGFtY=,n2d5jn4f3X2B13SvmPZzr2s/apM=
-20,2,AlYqZFRAYLaeuyYCM4p+EybGFtY=,n2d5jn4f3X2B13SvmPZzr2s/apM=
-22,2,AlYqZFRAYLaeuyYCM4p+EybGFtY=,n2d5jn4f3X2B13SvmPZzr2s/apM=
-22,4,AlYqZFRAYLaeuyYCM4p+EybGFtY=,n2d5jn4f3X2B13SvmPZzr2s/apM=
-20,5,AlYqZFRAYLaeuyYCM4p+EybGFtY=,n2d5jn4f3X2B13SvmPZzr2s/apM=
-23,1,AlYqZFRAYLaeuyYCM4p+EybGFtY=,n2d5jn4f3X2B13SvmPZzr2s/apM=
-23,4,AlYqZFRAYLaeuyYCM4p+EybGFtY=,n2d5jn4f3X2B13SvmPZzr2s/apM=
-21,6,AlYqZFRAYLaeuyYCM4p+EybGFtY=,n2d5jn4f3X2B13SvmPZzr2s/apM=
-20,4,AlYqZFRAYLaeuyYCM4p+EybGFtY=,n2d5jn4f3X2B13SvmPZzr2s/apM=
-21,3,AlYqZFRAYLaeuyYCM4p+EybGFtY=,n2d5jn4f3X2B13SvmPZzr2s/apM=
-21,4,AlYqZFRAYLaeuyYCM4p+EybGFtY=,n2d5jn4f3X2B13SvmPZzr2s/apM=
-20,6,AlYqZFRAYLaeuyYCM4p+EybGFtY=,n2d5jn4f3X2B13SvmPZzr2s/apM=
-22,3,AlYqZFRAYLaeuyYCM4p+EybGFtY=,n2d5jn4f3X2B13SvmPZzr2s/apM=
-20,3,AlYqZFRAYLaeuyYCM4p+EybGFtY=,n2d5jn4f3X2B13SvmPZzr2s/apM=
-23,6,AlYqZFRAYLaeuyYCM4p+EybGFtY=,n2d5jn4f3X2B13SvmPZzr2s/apM=
-21,5,AlYqZFRAYLaeuyYCM4p+EybGFtY=,n2d5jn4f3X2B13SvmPZzr2s/apM=
-22,5,AlYqZFRAYLaeuyYCM4p+EybGFtY=,n2d5jn4f3X2B13SvmPZzr2s/apM=
-22,6,AlYqZFRAYLaeuyYCM4p+EybGFtY=,n2d5jn4f3X2B13SvmPZzr2s/apM=
-23,5,AlYqZFRAYLaeuyYCM4p+EybGFtY=,n2d5jn4f3X2B13SvmPZzr2s/apM=
-23,9,snVegg9AAYZs77vomMagnx6Ber4=,n2d5jn4f3X2B13SvmPZzr2s/apM=
-22,7,snVegg9AAYZs77vomMagnx6Ber4=,n2d5jn4f3X2B13SvmPZzr2s/apM=
-22,9,snVegg9AAYZs77vomMagnx6Ber4=,n2d5jn4f3X2B13SvmPZzr2s/apM=
-22,10,snVegg9AAYZs77vomMagnx6Ber4=,n2d5jn4f3X2B13SvmPZzr2s/apM=
-23,10,snVegg9AAYZs77vomMagnx6Ber4=,n2d5jn4f3X2B13SvmPZzr2s/apM=
-23,7,snVegg9AAYZs77vomMagnx6Ber4=,n2d5jn4f3X2B13SvmPZzr2s/apM=
-22,8,snVegg9AAYZs77vomMagnx6Ber4=,n2d5jn4f3X2B13SvmPZzr2s/apM=
-23,8,snVegg9AAYZs77vomMagnx6Ber4=,n2d5jn4f3X2B13SvmPZzr2s/apM=
-20,7,snVegg9AAYZs77vomMagnx6Ber4=,n2d5jn4f3X2B13SvmPZzr2s/apM=
-21,7,snVegg9AAYZs77vomMagnx6Ber4=,n2d5jn4f3X2B13SvmPZzr2s/apM=
-18,10,snVegg9AAYZs77vomMagnx6Ber4=,n2d5jn4f3X2B13SvmPZzr2s/apM=
-19,10,snVegg9AAYZs77vomMagnx6Ber4=,n2d5jn4f3X2B13SvmPZzr2s/apM=
-19,9,snVegg9AAYZs77vomMagnx6Ber4=,n2d5jn4f3X2B13SvmPZzr2s/apM=
-20,10,snVegg9AAYZs77vomMagnx6Ber4=,n2d5jn4f3X2B13SvmPZzr2s/apM=
-18,9,snVegg9AAYZs77vomMagnx6Ber4=,n2d5jn4f3X2B13SvmPZzr2s/apM=
-18,7,snVegg9AAYZs77vomMagnx6Ber4=,n2d5jn4f3X2B13SvmPZzr2s/apM=
-20,9,snVegg9AAYZs77vomMagnx6Ber4=,n2d5jn4f3X2B13SvmPZzr2s/apM=
-21,9,snVegg9AAYZs77vomMagnx6Ber4=,n2d5jn4f3X2B13SvmPZzr2s/apM=
-21,8,snVegg9AAYZs77vomMagnx6Ber4=,n2d5jn4f3X2B13SvmPZzr2s/apM=
-21,10,snVegg9AAYZs77vomMagnx6Ber4=,n2d5jn4f3X2B13SvmPZzr2s/apM=
-23,13,snVegg9AAYZs77vomMagnx6Ber4=,zAiy0qBVgly+nlz9bh60tJcsXZE=
-19,8,snVegg9AAYZs77vomMagnx6Ber4=,n2d5jn4f3X2B13SvmPZzr2s/apM=
-22,12,snVegg9AAYZs77vomMagnx6Ber4=,zAiy0qBVgly+nlz9bh60tJcsXZE=
-23,12,snVegg9AAYZs77vomMagnx6Ber4=,zAiy0qBVgly+nlz9bh60tJcsXZE=
-18,8,snVegg9AAYZs77vomMagnx6Ber4=,n2d5jn4f3X2B13SvmPZzr2s/apM=
-19,7,snVegg9AAYZs77vomMagnx6Ber4=,n2d5jn4f3X2B13SvmPZzr2s/apM=
-20,8,snVegg9AAYZs77vomMagnx6Ber4=,n2d5jn4f3X2B13SvmPZzr2s/apM=
-22,11,snVegg9AAYZs77vomMagnx6Ber4=,n2d5jn4f3X2B13SvmPZzr2s/apM=
-22,13,snVegg9AAYZs77vomMagnx6Ber4=,zAiy0qBVgly+nlz9bh60tJcsXZE=
-22,14,snVegg9AAYZs77vomMagnx6Ber4=,zAiy0qBVgly+nlz9bh60tJcsXZE=
-23,14,snVegg9AAYZs77vomMagnx6Ber4=,zAiy0qBVgly+nlz9bh60tJcsXZE=
-23,11,snVegg9AAYZs77vomMagnx6Ber4=,n2d5jn4f3X2B13SvmPZzr2s/apM=
-21,12,snVegg9AAYZs77vomMagnx6Ber4=,zAiy0qBVgly+nlz9bh60tJcsXZE=
-20,13,snVegg9AAYZs77vomMagnx6Ber4=,n2d5jn4f3X2B13SvmPZzr2s/apM=
-18,12,snVegg9AAYZs77vomMagnx6Ber4=,n2d5jn4f3X2B13SvmPZzr2s/apM=
-20,12,snVegg9AAYZs77vomMagnx6Ber4=,n2d5jn4f3X2B13SvmPZzr2s/apM=
-18,11,snVegg9AAYZs77vomMagnx6Ber4=,n2d5jn4f3X2B13SvmPZzr2s/apM=
-21,11,snVegg9AAYZs77vomMagnx6Ber4=,n2d5jn4f3X2B13SvmPZzr2s/apM=
-19,12,snVegg9AAYZs77vomMagnx6Ber4=,n2d5jn4f3X2B13SvmPZzr2s/apM=
-18,14,snVegg9AAYZs77vomMagnx6Ber4=,n2d5jn4f3X2B13SvmPZzr2s/apM=
-19,14,snVegg9AAYZs77vomMagnx6Ber4=,n2d5jn4f3X2B13SvmPZzr2s/apM=
-19,11,snVegg9AAYZs77vomMagnx6Ber4=,n2d5jn4f3X2B13SvmPZzr2s/apM=
-19,13,snVegg9AAYZs77vomMagnx6Ber4=,n2d5jn4f3X2B13SvmPZzr2s/apM=
-20,11,snVegg9AAYZs77vomMagnx6Ber4=,n2d5jn4f3X2B13SvmPZzr2s/apM=
-20,14,snVegg9AAYZs77vomMagnx6Ber4=,n2d5jn4f3X2B13SvmPZzr2s/apM=
-21,13,snVegg9AAYZs77vomMagnx6Ber4=,zAiy0qBVgly+nlz9bh60tJcsXZE=
-21,14,snVegg9AAYZs77vomMagnx6Ber4=,zAiy0qBVgly+nlz9bh60tJcsXZE=
-18,13,snVegg9AAYZs77vomMagnx6Ber4=,n2d5jn4f3X2B13SvmPZzr2s/apM=
-26,10,8WPn+E2cyQVEfXjWaBBHsK+yOgk=,Fzc22T8RBqlLV3SRgGuv0BDM/Ws=
-27,9,8WPn+E2cyQVEfXjWaBBHsK+yOgk=,Fzc22T8RBqlLV3SRgGuv0BDM/Ws=
-25,10,8WPn+E2cyQVEfXjWaBBHsK+yOgk=,Fzc22T8RBqlLV3SRgGuv0BDM/Ws=
-24,9,8WPn+E2cyQVEfXjWaBBHsK+yOgk=,n2d5jn4f3X2B13SvmPZzr2s/apM=
-24,10,8WPn+E2cyQVEfXjWaBBHsK+yOgk=,n2d5jn4f3X2B13SvmPZzr2s/apM=
-27,10,8WPn+E2cyQVEfXjWaBBHsK+yOgk=,Fzc22T8RBqlLV3SRgGuv0BDM/Ws=
-25,9,8WPn+E2cyQVEfXjWaBBHsK+yOgk=,Fzc22T8RBqlLV3SRgGuv0BDM/Ws=
-26,9,8WPn+E2cyQVEfXjWaBBHsK+yOgk=,Fzc22T8RBqlLV3SRgGuv0BDM/Ws=
-25,13,8WPn+E2cyQVEfXjWaBBHsK+yOgk=,Fzc22T8RBqlLV3SRgGuv0BDM/Ws=
-25,11,8WPn+E2cyQVEfXjWaBBHsK+yOgk=,Fzc22T8RBqlLV3SRgGuv0BDM/Ws=
-26,11,8WPn+E2cyQVEfXjWaBBHsK+yOgk=,Fzc22T8RBqlLV3SRgGuv0BDM/Ws=
-24,11,8WPn+E2cyQVEfXjWaBBHsK+yOgk=,n2d5jn4f3X2B13SvmPZzr2s/apM=
-26,13,8WPn+E2cyQVEfXjWaBBHsK+yOgk=,Fzc22T8RBqlLV3SRgGuv0BDM/Ws=
-25,14,8WPn+E2cyQVEfXjWaBBHsK+yOgk=,Fzc22T8RBqlLV3SRgGuv0BDM/Ws=
-26,14,8WPn+E2cyQVEfXjWaBBHsK+yOgk=,Fzc22T8RBqlLV3SRgGuv0BDM/Ws=
-27,14,8WPn+E2cyQVEfXjWaBBHsK+yOgk=,Fzc22T8RBqlLV3SRgGuv0BDM/Ws=
-27,11,8WPn+E2cyQVEfXjWaBBHsK+yOgk=,Fzc22T8RBqlLV3SRgGuv0BDM/Ws=
-27,13,8WPn+E2cyQVEfXjWaBBHsK+yOgk=,Fzc22T8RBqlLV3SRgGuv0BDM/Ws=
-24,13,8WPn+E2cyQVEfXjWaBBHsK+yOgk=,zAiy0qBVgly+nlz9bh60tJcsXZE=
-24,12,8WPn+E2cyQVEfXjWaBBHsK+yOgk=,zAiy0qBVgly+nlz9bh60tJcsXZE=
-26,12,8WPn+E2cyQVEfXjWaBBHsK+yOgk=,Fzc22T8RBqlLV3SRgGuv0BDM/Ws=
-24,14,8WPn+E2cyQVEfXjWaBBHsK+yOgk=,zAiy0qBVgly+nlz9bh60tJcsXZE=
-27,12,8WPn+E2cyQVEfXjWaBBHsK+yOgk=,Fzc22T8RBqlLV3SRgGuv0BDM/Ws=
-25,12,8WPn+E2cyQVEfXjWaBBHsK+yOgk=,Fzc22T8RBqlLV3SRgGuv0BDM/Ws=
-25,5,8WPn+E2cyQVEfXjWaBBHsK+yOgk=,Fzc22T8RBqlLV3SRgGuv0BDM/Ws=
-24,7,8WPn+E2cyQVEfXjWaBBHsK+yOgk=,n2d5jn4f3X2B13SvmPZzr2s/apM=
-27,5,8WPn+E2cyQVEfXjWaBBHsK+yOgk=,Fzc22T8RBqlLV3SRgGuv0BDM/Ws=
-27,6,8WPn+E2cyQVEfXjWaBBHsK+yOgk=,Fzc22T8RBqlLV3SRgGuv0BDM/Ws=
-26,6,8WPn+E2cyQVEfXjWaBBHsK+yOgk=,Fzc22T8RBqlLV3SRgGuv0BDM/Ws=
-25,8,8WPn+E2cyQVEfXjWaBBHsK+yOgk=,Fzc22T8RBqlLV3SRgGuv0BDM/Ws=
-24,8,8WPn+E2cyQVEfXjWaBBHsK+yOgk=,n2d5jn4f3X2B13SvmPZzr2s/apM=
-25,6,8WPn+E2cyQVEfXjWaBBHsK+yOgk=,Fzc22T8RBqlLV3SRgGuv0BDM/Ws=
-24,6,8WPn+E2cyQVEfXjWaBBHsK+yOgk=,n2d5jn4f3X2B13SvmPZzr2s/apM=
-26,5,8WPn+E2cyQVEfXjWaBBHsK+yOgk=,Fzc22T8RBqlLV3SRgGuv0BDM/Ws=
-24,5,8WPn+E2cyQVEfXjWaBBHsK+yOgk=,n2d5jn4f3X2B13SvmPZzr2s/apM=
-25,7,8WPn+E2cyQVEfXjWaBBHsK+yOgk=,Fzc22T8RBqlLV3SRgGuv0BDM/Ws=
-26,8,8WPn+E2cyQVEfXjWaBBHsK+yOgk=,Fzc22T8RBqlLV3SRgGuv0BDM/Ws=
-27,3,8WPn+E2cyQVEfXjWaBBHsK+yOgk=,n2d5jn4f3X2B13SvmPZzr2s/apM=
-27,8,8WPn+E2cyQVEfXjWaBBHsK+yOgk=,Fzc22T8RBqlLV3SRgGuv0BDM/Ws=
-27,7,8WPn+E2cyQVEfXjWaBBHsK+yOgk=,Fzc22T8RBqlLV3SRgGuv0BDM/Ws=
-26,7,8WPn+E2cyQVEfXjWaBBHsK+yOgk=,Fzc22T8RBqlLV3SRgGuv0BDM/Ws=
-25,2,8WPn+E2cyQVEfXjWaBBHsK+yOgk=,n2d5jn4f3X2B13SvmPZzr2s/apM=
-26,2,8WPn+E2cyQVEfXjWaBBHsK+yOgk=,n2d5jn4f3X2B13SvmPZzr2s/apM=
-24,2,8WPn+E2cyQVEfXjWaBBHsK+yOgk=,n2d5jn4f3X2B13SvmPZzr2s/apM=
-25,4,8WPn+E2cyQVEfXjWaBBHsK+yOgk=,Fzc22T8RBqlLV3SRgGuv0BDM/Ws=
-25,1,8WPn+E2cyQVEfXjWaBBHsK+yOgk=,n2d5jn4f3X2B13SvmPZzr2s/apM=
-24,3,8WPn+E2cyQVEfXjWaBBHsK+yOgk=,n2d5jn4f3X2B13SvmPZzr2s/apM=
-27,2,8WPn+E2cyQVEfXjWaBBHsK+yOgk=,n2d5jn4f3X2B13SvmPZzr2s/apM=
-26,1,8WPn+E2cyQVEfXjWaBBHsK+yOgk=,n2d5jn4f3X2B13SvmPZzr2s/apM=
-24,4,8WPn+E2cyQVEfXjWaBBHsK+yOgk=,n2d5jn4f3X2B13SvmPZzr2s/apM=
-27,4,8WPn+E2cyQVEfXjWaBBHsK+yOgk=,Fzc22T8RBqlLV3SRgGuv0BDM/Ws=
-26,4,8WPn+E2cyQVEfXjWaBBHsK+yOgk=,Fzc22T8RBqlLV3SRgGuv0BDM/Ws=
-24,1,8WPn+E2cyQVEfXjWaBBHsK+yOgk=,n2d5jn4f3X2B13SvmPZzr2s/apM=
-27,1,8WPn+E2cyQVEfXjWaBBHsK+yOgk=,n2d5jn4f3X2B13SvmPZzr2s/apM=
-26,3,8WPn+E2cyQVEfXjWaBBHsK+yOgk=,n2d5jn4f3X2B13SvmPZzr2s/apM=
-25,3,8WPn+E2cyQVEfXjWaBBHsK+yOgk=,n2d5jn4f3X2B13SvmPZzr2s/apM=
-31,5,GR9Z4K2RwFFOmH45BOb5rw+uutU=,Fzc22T8RBqlLV3SRgGuv0BDM/Ws=
-30,5,GR9Z4K2RwFFOmH45BOb5rw+uutU=,Fzc22T8RBqlLV3SRgGuv0BDM/Ws=
-31,6,GR9Z4K2RwFFOmH45BOb5rw+uutU=,Fzc22T8RBqlLV3SRgGuv0BDM/Ws=
-30,6,GR9Z4K2RwFFOmH45BOb5rw+uutU=,Fzc22T8RBqlLV3SRgGuv0BDM/Ws=
-28,6,GR9Z4K2RwFFOmH45BOb5rw+uutU=,Fzc22T8RBqlLV3SRgGuv0BDM/Ws=
-28,5,GR9Z4K2RwFFOmH45BOb5rw+uutU=,Fzc22T8RBqlLV3SRgGuv0BDM/Ws=
-29,6,GR9Z4K2RwFFOmH45BOb5rw+uutU=,Fzc22T8RBqlLV3SRgGuv0BDM/Ws=
-29,5,GR9Z4K2RwFFOmH45BOb5rw+uutU=,Fzc22T8RBqlLV3SRgGuv0BDM/Ws=
-29,2,GR9Z4K2RwFFOmH45BOb5rw+uutU=,Fzc22T8RBqlLV3SRgGuv0BDM/Ws=
-31,4,GR9Z4K2RwFFOmH45BOb5rw+uutU=,Fzc22T8RBqlLV3SRgGuv0BDM/Ws=
-28,2,GR9Z4K2RwFFOmH45BOb5rw+uutU=,n2d5jn4f3X2B13SvmPZzr2s/apM=
-31,1,GR9Z4K2RwFFOmH45BOb5rw+uutU=,Fzc22T8RBqlLV3SRgGuv0BDM/Ws=
-31,2,GR9Z4K2RwFFOmH45BOb5rw+uutU=,Fzc22T8RBqlLV3SRgGuv0BDM/Ws=
-28,1,GR9Z4K2RwFFOmH45BOb5rw+uutU=,n2d5jn4f3X2B13SvmPZzr2s/apM=
-30,3,GR9Z4K2RwFFOmH45BOb5rw+uutU=,Fzc22T8RBqlLV3SRgGuv0BDM/Ws=
-29,1,GR9Z4K2RwFFOmH45BOb5rw+uutU=,Fzc22T8RBqlLV3SRgGuv0BDM/Ws=
-28,4,GR9Z4K2RwFFOmH45BOb5rw+uutU=,Fzc22T8RBqlLV3SRgGuv0BDM/Ws=
-30,1,GR9Z4K2RwFFOmH45BOb5rw+uutU=,Fzc22T8RBqlLV3SRgGuv0BDM/Ws=
-29,3,GR9Z4K2RwFFOmH45BOb5rw+uutU=,Fzc22T8RBqlLV3SRgGuv0BDM/Ws=
-29,4,GR9Z4K2RwFFOmH45BOb5rw+uutU=,Fzc22T8RBqlLV3SRgGuv0BDM/Ws=
-31,3,GR9Z4K2RwFFOmH45BOb5rw+uutU=,Fzc22T8RBqlLV3SRgGuv0BDM/Ws=
-30,4,GR9Z4K2RwFFOmH45BOb5rw+uutU=,Fzc22T8RBqlLV3SRgGuv0BDM/Ws=
-28,3,GR9Z4K2RwFFOmH45BOb5rw+uutU=,n2d5jn4f3X2B13SvmPZzr2s/apM=
-30,2,GR9Z4K2RwFFOmH45BOb5rw+uutU=,Fzc22T8RBqlLV3SRgGuv0BDM/Ws=
-29,9,GR9Z4K2RwFFOmH45BOb5rw+uutU=,Fzc22T8RBqlLV3SRgGuv0BDM/Ws=
-29,8,GR9Z4K2RwFFOmH45BOb5rw+uutU=,Fzc22T8RBqlLV3SRgGuv0BDM/Ws=
-29,10,GR9Z4K2RwFFOmH45BOb5rw+uutU=,Fzc22T8RBqlLV3SRgGuv0BDM/Ws=
-28,7,GR9Z4K2RwFFOmH45BOb5rw+uutU=,Fzc22T8RBqlLV3SRgGuv0BDM/Ws=
-28,10,GR9Z4K2RwFFOmH45BOb5rw+uutU=,Fzc22T8RBqlLV3SRgGuv0BDM/Ws=
-31,9,GR9Z4K2RwFFOmH45BOb5rw+uutU=,Fzc22T8RBqlLV3SRgGuv0BDM/Ws=
-31,10,GR9Z4K2RwFFOmH45BOb5rw+uutU=,Fzc22T8RBqlLV3SRgGuv0BDM/Ws=
-30,9,GR9Z4K2RwFFOmH45BOb5rw+uutU=,Fzc22T8RBqlLV3SRgGuv0BDM/Ws=
-30,10,GR9Z4K2RwFFOmH45BOb5rw+uutU=,Fzc22T8RBqlLV3SRgGuv0BDM/Ws=
-28,9,GR9Z4K2RwFFOmH45BOb5rw+uutU=,Fzc22T8RBqlLV3SRgGuv0BDM/Ws=
-29,7,GR9Z4K2RwFFOmH45BOb5rw+uutU=,Fzc22T8RBqlLV3SRgGuv0BDM/Ws=
-31,8,GR9Z4K2RwFFOmH45BOb5rw+uutU=,Fzc22T8RBqlLV3SRgGuv0BDM/Ws=
-31,7,GR9Z4K2RwFFOmH45BOb5rw+uutU=,Fzc22T8RBqlLV3SRgGuv0BDM/Ws=
-29,12,GR9Z4K2RwFFOmH45BOb5rw+uutU=,Fzc22T8RBqlLV3SRgGuv0BDM/Ws=
-30,8,GR9Z4K2RwFFOmH45BOb5rw+uutU=,Fzc22T8RBqlLV3SRgGuv0BDM/Ws=
-30,7,GR9Z4K2RwFFOmH45BOb5rw+uutU=,Fzc22T8RBqlLV3SRgGuv0BDM/Ws=
-31,13,GR9Z4K2RwFFOmH45BOb5rw+uutU=,Fzc22T8RBqlLV3SRgGuv0BDM/Ws=
-28,8,GR9Z4K2RwFFOmH45BOb5rw+uutU=,Fzc22T8RBqlLV3SRgGuv0BDM/Ws=
-28,11,GR9Z4K2RwFFOmH45BOb5rw+uutU=,Fzc22T8RBqlLV3SRgGuv0BDM/Ws=
-30,12,GR9Z4K2RwFFOmH45BOb5rw+uutU=,Fzc22T8RBqlLV3SRgGuv0BDM/Ws=
-31,12,GR9Z4K2RwFFOmH45BOb5rw+uutU=,Fzc22T8RBqlLV3SRgGuv0BDM/Ws=
-31,11,GR9Z4K2RwFFOmH45BOb5rw+uutU=,Fzc22T8RBqlLV3SRgGuv0BDM/Ws=
-30,11,GR9Z4K2RwFFOmH45BOb5rw+uutU=,Fzc22T8RBqlLV3SRgGuv0BDM/Ws=
-30,13,GR9Z4K2RwFFOmH45BOb5rw+uutU=,Fzc22T8RBqlLV3SRgGuv0BDM/Ws=
-29,14,GR9Z4K2RwFFOmH45BOb5rw+uutU=,Fzc22T8RBqlLV3SRgGuv0BDM/Ws=
-28,14,GR9Z4K2RwFFOmH45BOb5rw+uutU=,Fzc22T8RBqlLV3SRgGuv0BDM/Ws=
-29,11,GR9Z4K2RwFFOmH45BOb5rw+uutU=,Fzc22T8RBqlLV3SRgGuv0BDM/Ws=
-28,12,GR9Z4K2RwFFOmH45BOb5rw+uutU=,Fzc22T8RBqlLV3SRgGuv0BDM/Ws=
-28,13,GR9Z4K2RwFFOmH45BOb5rw+uutU=,Fzc22T8RBqlLV3SRgGuv0BDM/Ws=
-30,14,GR9Z4K2RwFFOmH45BOb5rw+uutU=,Fzc22T8RBqlLV3SRgGuv0BDM/Ws=
-31,14,GR9Z4K2RwFFOmH45BOb5rw+uutU=,Fzc22T8RBqlLV3SRgGuv0BDM/Ws=
-29,13,GR9Z4K2RwFFOmH45BOb5rw+uutU=,Fzc22T8RBqlLV3SRgGuv0BDM/Ws=
-32,9,GR9Z4K2RwFFOmH45BOb5rw+uutU=,Fzc22T8RBqlLV3SRgGuv0BDM/Ws=
-32,2,GR9Z4K2RwFFOmH45BOb5rw+uutU=,Fzc22T8RBqlLV3SRgGuv0BDM/Ws=
-32,10,GR9Z4K2RwFFOmH45BOb5rw+uutU=,Fzc22T8RBqlLV3SRgGuv0BDM/Ws=
-32,1,GR9Z4K2RwFFOmH45BOb5rw+uutU=,Fzc22T8RBqlLV3SRgGuv0BDM/Ws=
-32,13,GR9Z4K2RwFFOmH45BOb5rw+uutU=,Fzc22T8RBqlLV3SRgGuv0BDM/Ws=
-32,14,GR9Z4K2RwFFOmH45BOb5rw+uutU=,Fzc22T8RBqlLV3SRgGuv0BDM/Ws=
-32,12,GR9Z4K2RwFFOmH45BOb5rw+uutU=,Fzc22T8RBqlLV3SRgGuv0BDM/Ws=
-32,11,GR9Z4K2RwFFOmH45BOb5rw+uutU=,Fzc22T8RBqlLV3SRgGuv0BDM/Ws=
-32,3,GR9Z4K2RwFFOmH45BOb5rw+uutU=,Fzc22T8RBqlLV3SRgGuv0BDM/Ws=
-32,5,GR9Z4K2RwFFOmH45BOb5rw+uutU=,Fzc22T8RBqlLV3SRgGuv0BDM/Ws=
-32,8,GR9Z4K2RwFFOmH45BOb5rw+uutU=,Fzc22T8RBqlLV3SRgGuv0BDM/Ws=
-32,6,GR9Z4K2RwFFOmH45BOb5rw+uutU=,Fzc22T8RBqlLV3SRgGuv0BDM/Ws=
-32,4,GR9Z4K2RwFFOmH45BOb5rw+uutU=,Fzc22T8RBqlLV3SRgGuv0BDM/Ws=
-32,7,GR9Z4K2RwFFOmH45BOb5rw+uutU=,Fzc22T8RBqlLV3SRgGuv0BDM/Ws=
-31,15,GR9Z4K2RwFFOmH45BOb5rw+uutU=,Fzc22T8RBqlLV3SRgGuv0BDM/Ws=
-30,15,GR9Z4K2RwFFOmH45BOb5rw+uutU=,Fzc22T8RBqlLV3SRgGuv0BDM/Ws=
-26,15,GR9Z4K2RwFFOmH45BOb5rw+uutU=,Fzc22T8RBqlLV3SRgGuv0BDM/Ws=
-29,15,GR9Z4K2RwFFOmH45BOb5rw+uutU=,Fzc22T8RBqlLV3SRgGuv0BDM/Ws=
-27,15,GR9Z4K2RwFFOmH45BOb5rw+uutU=,Fzc22T8RBqlLV3SRgGuv0BDM/Ws=
-28,15,GR9Z4K2RwFFOmH45BOb5rw+uutU=,Fzc22T8RBqlLV3SRgGuv0BDM/Ws=
-25,15,GR9Z4K2RwFFOmH45BOb5rw+uutU=,Fzc22T8RBqlLV3SRgGuv0BDM/Ws=
-22,15,GR9Z4K2RwFFOmH45BOb5rw+uutU=,zAiy0qBVgly+nlz9bh60tJcsXZE=
-23,15,GR9Z4K2RwFFOmH45BOb5rw+uutU=,zAiy0qBVgly+nlz9bh60tJcsXZE=
-24,15,GR9Z4K2RwFFOmH45BOb5rw+uutU=,zAiy0qBVgly+nlz9bh60tJcsXZE=
-20,15,GR9Z4K2RwFFOmH45BOb5rw+uutU=,n2d5jn4f3X2B13SvmPZzr2s/apM=
-19,15,GR9Z4K2RwFFOmH45BOb5rw+uutU=,n2d5jn4f3X2B13SvmPZzr2s/apM=
-18,15,GR9Z4K2RwFFOmH45BOb5rw+uutU=,n2d5jn4f3X2B13SvmPZzr2s/apM=
-21,15,GR9Z4K2RwFFOmH45BOb5rw+uutU=,zAiy0qBVgly+nlz9bh60tJcsXZE=
-17,13,GR9Z4K2RwFFOmH45BOb5rw+uutU=,n2d5jn4f3X2B13SvmPZzr2s/apM=
-17,14,GR9Z4K2RwFFOmH45BOb5rw+uutU=,n2d5jn4f3X2B13SvmPZzr2s/apM=
-17,11,GR9Z4K2RwFFOmH45BOb5rw+uutU=,n2d5jn4f3X2B13SvmPZzr2s/apM=
-17,10,GR9Z4K2RwFFOmH45BOb5rw+uutU=,n2d5jn4f3X2B13SvmPZzr2s/apM=
-17,12,GR9Z4K2RwFFOmH45BOb5rw+uutU=,n2d5jn4f3X2B13SvmPZzr2s/apM=
-17,9,GR9Z4K2RwFFOmH45BOb5rw+uutU=,n2d5jn4f3X2B13SvmPZzr2s/apM=
-17,5,GR9Z4K2RwFFOmH45BOb5rw+uutU=,n2d5jn4f3X2B13SvmPZzr2s/apM=
-17,8,GR9Z4K2RwFFOmH45BOb5rw+uutU=,n2d5jn4f3X2B13SvmPZzr2s/apM=
-17,6,GR9Z4K2RwFFOmH45BOb5rw+uutU=,n2d5jn4f3X2B13SvmPZzr2s/apM=
-17,7,GR9Z4K2RwFFOmH45BOb5rw+uutU=,n2d5jn4f3X2B13SvmPZzr2s/apM=
-17,1,GR9Z4K2RwFFOmH45BOb5rw+uutU=,n2d5jn4f3X2B13SvmPZzr2s/apM=
-17,2,GR9Z4K2RwFFOmH45BOb5rw+uutU=,n2d5jn4f3X2B13SvmPZzr2s/apM=
-17,4,GR9Z4K2RwFFOmH45BOb5rw+uutU=,n2d5jn4f3X2B13SvmPZzr2s/apM=
-17,3,GR9Z4K2RwFFOmH45BOb5rw+uutU=,n2d5jn4f3X2B13SvmPZzr2s/apM=
-19,0,GR9Z4K2RwFFOmH45BOb5rw+uutU=,n2d5jn4f3X2B13SvmPZzr2s/apM=
-18,0,GR9Z4K2RwFFOmH45BOb5rw+uutU=,n2d5jn4f3X2B13SvmPZzr2s/apM=
-17,0,GR9Z4K2RwFFOmH45BOb5rw+uutU=,n2d5jn4f3X2B13SvmPZzr2s/apM=
-17,15,GR9Z4K2RwFFOmH45BOb5rw+uutU=,n2d5jn4f3X2B13SvmPZzr2s/apM=
-32,15,GR9Z4K2RwFFOmH45BOb5rw+uutU=,Fzc22T8RBqlLV3SRgGuv0BDM/Ws=
-20,0,GR9Z4K2RwFFOmH45BOb5rw+uutU=,n2d5jn4f3X2B13SvmPZzr2s/apM=
-22,0,GR9Z4K2RwFFOmH45BOb5rw+uutU=,n2d5jn4f3X2B13SvmPZzr2s/apM=
-23,0,GR9Z4K2RwFFOmH45BOb5rw+uutU=,n2d5jn4f3X2B13SvmPZzr2s/apM=
-21,0,GR9Z4K2RwFFOmH45BOb5rw+uutU=,n2d5jn4f3X2B13SvmPZzr2s/apM=
-24,0,GR9Z4K2RwFFOmH45BOb5rw+uutU=,n2d5jn4f3X2B13SvmPZzr2s/apM=
-25,0,GR9Z4K2RwFFOmH45BOb5rw+uutU=,n2d5jn4f3X2B13SvmPZzr2s/apM=
-26,0,GR9Z4K2RwFFOmH45BOb5rw+uutU=,n2d5jn4f3X2B13SvmPZzr2s/apM=
-27,0,GR9Z4K2RwFFOmH45BOb5rw+uutU=,n2d5jn4f3X2B13SvmPZzr2s/apM=
-30,0,GR9Z4K2RwFFOmH45BOb5rw+uutU=,Fzc22T8RBqlLV3SRgGuv0BDM/Ws=
-32,0,GR9Z4K2RwFFOmH45BOb5rw+uutU=,Fzc22T8RBqlLV3SRgGuv0BDM/Ws=
-29,0,GR9Z4K2RwFFOmH45BOb5rw+uutU=,Fzc22T8RBqlLV3SRgGuv0BDM/Ws=
-28,0,GR9Z4K2RwFFOmH45BOb5rw+uutU=,n2d5jn4f3X2B13SvmPZzr2s/apM=
-31,0,GR9Z4K2RwFFOmH45BOb5rw+uutU=,Fzc22T8RBqlLV3SRgGuv0BDM/Ws=
-30,21,Gmr3hNBJFB4zUe1GC/Nrco0X/Xo=,Fzc22T8RBqlLV3SRgGuv0BDM/Ws=
-31,22,Gmr3hNBJFB4zUe1GC/Nrco0X/Xo=,Fzc22T8RBqlLV3SRgGuv0BDM/Ws=
-30,22,Gmr3hNBJFB4zUe1GC/Nrco0X/Xo=,Fzc22T8RBqlLV3SRgGuv0BDM/Ws=
-31,21,Gmr3hNBJFB4zUe1GC/Nrco0X/Xo=,Fzc22T8RBqlLV3SRgGuv0BDM/Ws=
-28,22,Gmr3hNBJFB4zUe1GC/Nrco0X/Xo=,Fzc22T8RBqlLV3SRgGuv0BDM/Ws=
-28,21,Gmr3hNBJFB4zUe1GC/Nrco0X/Xo=,Fzc22T8RBqlLV3SRgGuv0BDM/Ws=
-29,22,Gmr3hNBJFB4zUe1GC/Nrco0X/Xo=,Fzc22T8RBqlLV3SRgGuv0BDM/Ws=
-27,22,Gmr3hNBJFB4zUe1GC/Nrco0X/Xo=,Fzc22T8RBqlLV3SRgGuv0BDM/Ws=
-26,21,Gmr3hNBJFB4zUe1GC/Nrco0X/Xo=,Fzc22T8RBqlLV3SRgGuv0BDM/Ws=
-24,21,Gmr3hNBJFB4zUe1GC/Nrco0X/Xo=,zAiy0qBVgly+nlz9bh60tJcsXZE=
-26,22,Gmr3hNBJFB4zUe1GC/Nrco0X/Xo=,Fzc22T8RBqlLV3SRgGuv0BDM/Ws=
-29,21,Gmr3hNBJFB4zUe1GC/Nrco0X/Xo=,Fzc22T8RBqlLV3SRgGuv0BDM/Ws=
-27,21,Gmr3hNBJFB4zUe1GC/Nrco0X/Xo=,Fzc22T8RBqlLV3SRgGuv0BDM/Ws=
-20,21,Gmr3hNBJFB4zUe1GC/Nrco0X/Xo=,zAiy0qBVgly+nlz9bh60tJcsXZE=
-23,22,Gmr3hNBJFB4zUe1GC/Nrco0X/Xo=,zAiy0qBVgly+nlz9bh60tJcsXZE=
-25,22,Gmr3hNBJFB4zUe1GC/Nrco0X/Xo=,Fzc22T8RBqlLV3SRgGuv0BDM/Ws=
-23,21,Gmr3hNBJFB4zUe1GC/Nrco0X/Xo=,zAiy0qBVgly+nlz9bh60tJcsXZE=
-18,22,Gmr3hNBJFB4zUe1GC/Nrco0X/Xo=,zAiy0qBVgly+nlz9bh60tJcsXZE=
-22,22,Gmr3hNBJFB4zUe1GC/Nrco0X/Xo=,zAiy0qBVgly+nlz9bh60tJcsXZE=
-19,22,Gmr3hNBJFB4zUe1GC/Nrco0X/Xo=,zAiy0qBVgly+nlz9bh60tJcsXZE=
-24,22,Gmr3hNBJFB4zUe1GC/Nrco0X/Xo=,zAiy0qBVgly+nlz9bh60tJcsXZE=
-21,22,Gmr3hNBJFB4zUe1GC/Nrco0X/Xo=,zAiy0qBVgly+nlz9bh60tJcsXZE=
-22,21,Gmr3hNBJFB4zUe1GC/Nrco0X/Xo=,zAiy0qBVgly+nlz9bh60tJcsXZE=
-25,21,Gmr3hNBJFB4zUe1GC/Nrco0X/Xo=,Fzc22T8RBqlLV3SRgGuv0BDM/Ws=
-21,21,Gmr3hNBJFB4zUe1GC/Nrco0X/Xo=,zAiy0qBVgly+nlz9bh60tJcsXZE=
-18,21,Gmr3hNBJFB4zUe1GC/Nrco0X/Xo=,zAiy0qBVgly+nlz9bh60tJcsXZE=
-19,21,Gmr3hNBJFB4zUe1GC/Nrco0X/Xo=,zAiy0qBVgly+nlz9bh60tJcsXZE=
-20,22,Gmr3hNBJFB4zUe1GC/Nrco0X/Xo=,zAiy0qBVgly+nlz9bh60tJcsXZE=
-23,23,RLUrCIhqUqI9HDQVXAMwCMeh7qg=,zAiy0qBVgly+nlz9bh60tJcsXZE=
-23,24,RLUrCIhqUqI9HDQVXAMwCMeh7qg=,zAiy0qBVgly+nlz9bh60tJcsXZE=
-22,24,RLUrCIhqUqI9HDQVXAMwCMeh7qg=,zAiy0qBVgly+nlz9bh60tJcsXZE=
-22,23,RLUrCIhqUqI9HDQVXAMwCMeh7qg=,zAiy0qBVgly+nlz9bh60tJcsXZE=
-22,26,RLUrCIhqUqI9HDQVXAMwCMeh7qg=,zAiy0qBVgly+nlz9bh60tJcsXZE=
-23,26,RLUrCIhqUqI9HDQVXAMwCMeh7qg=,zAiy0qBVgly+nlz9bh60tJcsXZE=
-23,25,RLUrCIhqUqI9HDQVXAMwCMeh7qg=,zAiy0qBVgly+nlz9bh60tJcsXZE=
-25,24,RLUrCIhqUqI9HDQVXAMwCMeh7qg=,Fzc22T8RBqlLV3SRgGuv0BDM/Ws=
-22,25,RLUrCIhqUqI9HDQVXAMwCMeh7qg=,zAiy0qBVgly+nlz9bh60tJcsXZE=
-26,26,RLUrCIhqUqI9HDQVXAMwCMeh7qg=,Fzc22T8RBqlLV3SRgGuv0BDM/Ws=
-24,24,RLUrCIhqUqI9HDQVXAMwCMeh7qg=,zAiy0qBVgly+nlz9bh60tJcsXZE=
-25,26,RLUrCIhqUqI9HDQVXAMwCMeh7qg=,Fzc22T8RBqlLV3SRgGuv0BDM/Ws=
-26,25,RLUrCIhqUqI9HDQVXAMwCMeh7qg=,Fzc22T8RBqlLV3SRgGuv0BDM/Ws=
-25,25,RLUrCIhqUqI9HDQVXAMwCMeh7qg=,Fzc22T8RBqlLV3SRgGuv0BDM/Ws=
-24,26,RLUrCIhqUqI9HDQVXAMwCMeh7qg=,zAiy0qBVgly+nlz9bh60tJcsXZE=
-27,24,RLUrCIhqUqI9HDQVXAMwCMeh7qg=,Fzc22T8RBqlLV3SRgGuv0BDM/Ws=
-26,24,RLUrCIhqUqI9HDQVXAMwCMeh7qg=,Fzc22T8RBqlLV3SRgGuv0BDM/Ws=
-25,23,RLUrCIhqUqI9HDQVXAMwCMeh7qg=,Fzc22T8RBqlLV3SRgGuv0BDM/Ws=
-26,23,RLUrCIhqUqI9HDQVXAMwCMeh7qg=,Fzc22T8RBqlLV3SRgGuv0BDM/Ws=
-24,23,RLUrCIhqUqI9HDQVXAMwCMeh7qg=,zAiy0qBVgly+nlz9bh60tJcsXZE=
-27,25,RLUrCIhqUqI9HDQVXAMwCMeh7qg=,Fzc22T8RBqlLV3SRgGuv0BDM/Ws=
-27,23,RLUrCIhqUqI9HDQVXAMwCMeh7qg=,Fzc22T8RBqlLV3SRgGuv0BDM/Ws=
-24,25,RLUrCIhqUqI9HDQVXAMwCMeh7qg=,zAiy0qBVgly+nlz9bh60tJcsXZE=
-27,26,RLUrCIhqUqI9HDQVXAMwCMeh7qg=,Fzc22T8RBqlLV3SRgGuv0BDM/Ws=
-19,24,RLUrCIhqUqI9HDQVXAMwCMeh7qg=,zAiy0qBVgly+nlz9bh60tJcsXZE=
-18,24,RLUrCIhqUqI9HDQVXAMwCMeh7qg=,zAiy0qBVgly+nlz9bh60tJcsXZE=
-18,26,RLUrCIhqUqI9HDQVXAMwCMeh7qg=,zAiy0qBVgly+nlz9bh60tJcsXZE=
-20,24,RLUrCIhqUqI9HDQVXAMwCMeh7qg=,zAiy0qBVgly+nlz9bh60tJcsXZE=
-20,26,RLUrCIhqUqI9HDQVXAMwCMeh7qg=,zAiy0qBVgly+nlz9bh60tJcsXZE=
-20,23,RLUrCIhqUqI9HDQVXAMwCMeh7qg=,zAiy0qBVgly+nlz9bh60tJcsXZE=
-19,26,RLUrCIhqUqI9HDQVXAMwCMeh7qg=,zAiy0qBVgly+nlz9bh60tJcsXZE=
-18,23,RLUrCIhqUqI9HDQVXAMwCMeh7qg=,zAiy0qBVgly+nlz9bh60tJcsXZE=
-21,24,RLUrCIhqUqI9HDQVXAMwCMeh7qg=,zAiy0qBVgly+nlz9bh60tJcsXZE=
-28,23,RLUrCIhqUqI9HDQVXAMwCMeh7qg=,Fzc22T8RBqlLV3SRgGuv0BDM/Ws=
-18,25,RLUrCIhqUqI9HDQVXAMwCMeh7qg=,zAiy0qBVgly+nlz9bh60tJcsXZE=
-19,23,RLUrCIhqUqI9HDQVXAMwCMeh7qg=,zAiy0qBVgly+nlz9bh60tJcsXZE=
-29,25,RLUrCIhqUqI9HDQVXAMwCMeh7qg=,Fzc22T8RBqlLV3SRgGuv0BDM/Ws=
-19,25,RLUrCIhqUqI9HDQVXAMwCMeh7qg=,zAiy0qBVgly+nlz9bh60tJcsXZE=
-28,25,RLUrCIhqUqI9HDQVXAMwCMeh7qg=,Fzc22T8RBqlLV3SRgGuv0BDM/Ws=
-20,25,RLUrCIhqUqI9HDQVXAMwCMeh7qg=,zAiy0qBVgly+nlz9bh60tJcsXZE=
-21,25,RLUrCIhqUqI9HDQVXAMwCMeh7qg=,zAiy0qBVgly+nlz9bh60tJcsXZE=
-29,24,RLUrCIhqUqI9HDQVXAMwCMeh7qg=,Fzc22T8RBqlLV3SRgGuv0BDM/Ws=
-28,24,RLUrCIhqUqI9HDQVXAMwCMeh7qg=,Fzc22T8RBqlLV3SRgGuv0BDM/Ws=
-31,23,RLUrCIhqUqI9HDQVXAMwCMeh7qg=,Fzc22T8RBqlLV3SRgGuv0BDM/Ws=
-21,26,RLUrCIhqUqI9HDQVXAMwCMeh7qg=,zAiy0qBVgly+nlz9bh60tJcsXZE=
-29,23,RLUrCIhqUqI9HDQVXAMwCMeh7qg=,Fzc22T8RBqlLV3SRgGuv0BDM/Ws=
-21,23,RLUrCIhqUqI9HDQVXAMwCMeh7qg=,zAiy0qBVgly+nlz9bh60tJcsXZE=
-30,25,RLUrCIhqUqI9HDQVXAMwCMeh7qg=,Fzc22T8RBqlLV3SRgGuv0BDM/Ws=
-30,24,RLUrCIhqUqI9HDQVXAMwCMeh7qg=,Fzc22T8RBqlLV3SRgGuv0BDM/Ws=
-31,24,RLUrCIhqUqI9HDQVXAMwCMeh7qg=,Fzc22T8RBqlLV3SRgGuv0BDM/Ws=
-31,25,RLUrCIhqUqI9HDQVXAMwCMeh7qg=,Fzc22T8RBqlLV3SRgGuv0BDM/Ws=
-31,26,RLUrCIhqUqI9HDQVXAMwCMeh7qg=,Fzc22T8RBqlLV3SRgGuv0BDM/Ws=
-29,26,RLUrCIhqUqI9HDQVXAMwCMeh7qg=,Fzc22T8RBqlLV3SRgGuv0BDM/Ws=
-30,23,RLUrCIhqUqI9HDQVXAMwCMeh7qg=,Fzc22T8RBqlLV3SRgGuv0BDM/Ws=
-28,26,RLUrCIhqUqI9HDQVXAMwCMeh7qg=,Fzc22T8RBqlLV3SRgGuv0BDM/Ws=
-30,26,RLUrCIhqUqI9HDQVXAMwCMeh7qg=,Fzc22T8RBqlLV3SRgGuv0BDM/Ws=
-23,28,fByJd/ugFuly845MS4zcf/+2iLg=,Fzc22T8RBqlLV3SRgGuv0BDM/Ws=
-23,27,fByJd/ugFuly845MS4zcf/+2iLg=,zAiy0qBVgly+nlz9bh60tJcsXZE=
-22,29,fByJd/ugFuly845MS4zcf/+2iLg=,Fzc22T8RBqlLV3SRgGuv0BDM/Ws=
-22,27,fByJd/ugFuly845MS4zcf/+2iLg=,zAiy0qBVgly+nlz9bh60tJcsXZE=
-22,28,fByJd/ugFuly845MS4zcf/+2iLg=,Fzc22T8RBqlLV3SRgGuv0BDM/Ws=
-23,29,fByJd/ugFuly845MS4zcf/+2iLg=,Fzc22T8RBqlLV3SRgGuv0BDM/Ws=
-23,30,fByJd/ugFuly845MS4zcf/+2iLg=,Fzc22T8RBqlLV3SRgGuv0BDM/Ws=
-22,30,fByJd/ugFuly845MS4zcf/+2iLg=,Fzc22T8RBqlLV3SRgGuv0BDM/Ws=
-25,27,fByJd/ugFuly845MS4zcf/+2iLg=,Fzc22T8RBqlLV3SRgGuv0BDM/Ws=
-26,30,fByJd/ugFuly845MS4zcf/+2iLg=,Fzc22T8RBqlLV3SRgGuv0BDM/Ws=
-25,29,fByJd/ugFuly845MS4zcf/+2iLg=,Fzc22T8RBqlLV3SRgGuv0BDM/Ws=
-27,27,fByJd/ugFuly845MS4zcf/+2iLg=,Fzc22T8RBqlLV3SRgGuv0BDM/Ws=
-24,29,fByJd/ugFuly845MS4zcf/+2iLg=,Fzc22T8RBqlLV3SRgGuv0BDM/Ws=
-25,30,fByJd/ugFuly845MS4zcf/+2iLg=,Fzc22T8RBqlLV3SRgGuv0BDM/Ws=
-27,30,fByJd/ugFuly845MS4zcf/+2iLg=,Fzc22T8RBqlLV3SRgGuv0BDM/Ws=
-24,28,fByJd/ugFuly845MS4zcf/+2iLg=,Fzc22T8RBqlLV3SRgGuv0BDM/Ws=
-24,27,fByJd/ugFuly845MS4zcf/+2iLg=,zAiy0qBVgly+nlz9bh60tJcsXZE=
-26,27,fByJd/ugFuly845MS4zcf/+2iLg=,Fzc22T8RBqlLV3SRgGuv0BDM/Ws=
-24,30,fByJd/ugFuly845MS4zcf/+2iLg=,Fzc22T8RBqlLV3SRgGuv0BDM/Ws=
-27,29,fByJd/ugFuly845MS4zcf/+2iLg=,Fzc22T8RBqlLV3SRgGuv0BDM/Ws=
-26,29,fByJd/ugFuly845MS4zcf/+2iLg=,Fzc22T8RBqlLV3SRgGuv0BDM/Ws=
-26,28,fByJd/ugFuly845MS4zcf/+2iLg=,Fzc22T8RBqlLV3SRgGuv0BDM/Ws=
-27,28,fByJd/ugFuly845MS4zcf/+2iLg=,Fzc22T8RBqlLV3SRgGuv0BDM/Ws=
-25,28,fByJd/ugFuly845MS4zcf/+2iLg=,Fzc22T8RBqlLV3SRgGuv0BDM/Ws=
-20,28,fByJd/ugFuly845MS4zcf/+2iLg=,Fzc22T8RBqlLV3SRgGuv0BDM/Ws=
-18,30,fByJd/ugFuly845MS4zcf/+2iLg=,Fzc22T8RBqlLV3SRgGuv0BDM/Ws=
-18,28,fByJd/ugFuly845MS4zcf/+2iLg=,Fzc22T8RBqlLV3SRgGuv0BDM/Ws=
-21,28,fByJd/ugFuly845MS4zcf/+2iLg=,Fzc22T8RBqlLV3SRgGuv0BDM/Ws=
-19,28,fByJd/ugFuly845MS4zcf/+2iLg=,Fzc22T8RBqlLV3SRgGuv0BDM/Ws=
-19,30,fByJd/ugFuly845MS4zcf/+2iLg=,Fzc22T8RBqlLV3SRgGuv0BDM/Ws=
-21,27,fByJd/ugFuly845MS4zcf/+2iLg=,zAiy0qBVgly+nlz9bh60tJcsXZE=
-21,29,fByJd/ugFuly845MS4zcf/+2iLg=,Fzc22T8RBqlLV3SRgGuv0BDM/Ws=
-20,30,fByJd/ugFuly845MS4zcf/+2iLg=,Fzc22T8RBqlLV3SRgGuv0BDM/Ws=
-19,27,fByJd/ugFuly845MS4zcf/+2iLg=,zAiy0qBVgly+nlz9bh60tJcsXZE=
-18,27,fByJd/ugFuly845MS4zcf/+2iLg=,zAiy0qBVgly+nlz9bh60tJcsXZE=
-18,29,fByJd/ugFuly845MS4zcf/+2iLg=,Fzc22T8RBqlLV3SRgGuv0BDM/Ws=
-20,29,fByJd/ugFuly845MS4zcf/+2iLg=,Fzc22T8RBqlLV3SRgGuv0BDM/Ws=
-20,27,fByJd/ugFuly845MS4zcf/+2iLg=,zAiy0qBVgly+nlz9bh60tJcsXZE=
-19,29,fByJd/ugFuly845MS4zcf/+2iLg=,Fzc22T8RBqlLV3SRgGuv0BDM/Ws=
-29,29,fByJd/ugFuly845MS4zcf/+2iLg=,Fzc22T8RBqlLV3SRgGuv0BDM/Ws=
-30,27,fByJd/ugFuly845MS4zcf/+2iLg=,Fzc22T8RBqlLV3SRgGuv0BDM/Ws=
-21,30,fByJd/ugFuly845MS4zcf/+2iLg=,Fzc22T8RBqlLV3SRgGuv0BDM/Ws=
-28,30,fByJd/ugFuly845MS4zcf/+2iLg=,Fzc22T8RBqlLV3SRgGuv0BDM/Ws=
-28,27,fByJd/ugFuly845MS4zcf/+2iLg=,Fzc22T8RBqlLV3SRgGuv0BDM/Ws=
-30,29,fByJd/ugFuly845MS4zcf/+2iLg=,Fzc22T8RBqlLV3SRgGuv0BDM/Ws=
-29,30,fByJd/ugFuly845MS4zcf/+2iLg=,Fzc22T8RBqlLV3SRgGuv0BDM/Ws=
-29,27,fByJd/ugFuly845MS4zcf/+2iLg=,Fzc22T8RBqlLV3SRgGuv0BDM/Ws=
-31,29,fByJd/ugFuly845MS4zcf/+2iLg=,Fzc22T8RBqlLV3SRgGuv0BDM/Ws=
-31,27,fByJd/ugFuly845MS4zcf/+2iLg=,Fzc22T8RBqlLV3SRgGuv0BDM/Ws=
-31,30,fByJd/ugFuly845MS4zcf/+2iLg=,Fzc22T8RBqlLV3SRgGuv0BDM/Ws=
-28,29,fByJd/ugFuly845MS4zcf/+2iLg=,Fzc22T8RBqlLV3SRgGuv0BDM/Ws=
-30,30,fByJd/ugFuly845MS4zcf/+2iLg=,Fzc22T8RBqlLV3SRgGuv0BDM/Ws=
-29,28,fByJd/ugFuly845MS4zcf/+2iLg=,Fzc22T8RBqlLV3SRgGuv0BDM/Ws=
-30,28,fByJd/ugFuly845MS4zcf/+2iLg=,Fzc22T8RBqlLV3SRgGuv0BDM/Ws=
-28,28,fByJd/ugFuly845MS4zcf/+2iLg=,Fzc22T8RBqlLV3SRgGuv0BDM/Ws=
-31,28,fByJd/ugFuly845MS4zcf/+2iLg=,Fzc22T8RBqlLV3SRgGuv0BDM/Ws=
-23,31,fByJd/ugFuly845MS4zcf/+2iLg=,Fzc22T8RBqlLV3SRgGuv0BDM/Ws=
-27,31,fByJd/ugFuly845MS4zcf/+2iLg=,Fzc22T8RBqlLV3SRgGuv0BDM/Ws=
-22,31,fByJd/ugFuly845MS4zcf/+2iLg=,Fzc22T8RBqlLV3SRgGuv0BDM/Ws=
-26,31,fByJd/ugFuly845MS4zcf/+2iLg=,Fzc22T8RBqlLV3SRgGuv0BDM/Ws=
-24,31,fByJd/ugFuly845MS4zcf/+2iLg=,Fzc22T8RBqlLV3SRgGuv0BDM/Ws=
-25,31,fByJd/ugFuly845MS4zcf/+2iLg=,Fzc22T8RBqlLV3SRgGuv0BDM/Ws=
-17,30,fByJd/ugFuly845MS4zcf/+2iLg=,Fzc22T8RBqlLV3SRgGuv0BDM/Ws=
-17,29,fByJd/ugFuly845MS4zcf/+2iLg=,Fzc22T8RBqlLV3SRgGuv0BDM/Ws=
-21,31,fByJd/ugFuly845MS4zcf/+2iLg=,Fzc22T8RBqlLV3SRgGuv0BDM/Ws=
-20,31,fByJd/ugFuly845MS4zcf/+2iLg=,Fzc22T8RBqlLV3SRgGuv0BDM/Ws=
-18,31,fByJd/ugFuly845MS4zcf/+2iLg=,Fzc22T8RBqlLV3SRgGuv0BDM/Ws=
-19,31,fByJd/ugFuly845MS4zcf/+2iLg=,Fzc22T8RBqlLV3SRgGuv0BDM/Ws=
-17,27,fByJd/ugFuly845MS4zcf/+2iLg=,zAiy0qBVgly+nlz9bh60tJcsXZE=
-17,26,fByJd/ugFuly845MS4zcf/+2iLg=,zAiy0qBVgly+nlz9bh60tJcsXZE=
-17,28,fByJd/ugFuly845MS4zcf/+2iLg=,Fzc22T8RBqlLV3SRgGuv0BDM/Ws=
-17,24,fByJd/ugFuly845MS4zcf/+2iLg=,zAiy0qBVgly+nlz9bh60tJcsXZE=
-17,21,fByJd/ugFuly845MS4zcf/+2iLg=,zAiy0qBVgly+nlz9bh60tJcsXZE=
-17,23,fByJd/ugFuly845MS4zcf/+2iLg=,zAiy0qBVgly+nlz9bh60tJcsXZE=
-17,22,fByJd/ugFuly845MS4zcf/+2iLg=,zAiy0qBVgly+nlz9bh60tJcsXZE=
-17,25,fByJd/ugFuly845MS4zcf/+2iLg=,zAiy0qBVgly+nlz9bh60tJcsXZE=
-19,20,lV3gjPNU6KwhKIrsNdr5JoBUF4o=,zAiy0qBVgly+nlz9bh60tJcsXZE=
-19,17,lV3gjPNU6KwhKIrsNdr5JoBUF4o=,TVwjNteA/rTXS5K29gh5YKVEGhM=
-18,19,lV3gjPNU6KwhKIrsNdr5JoBUF4o=,TVwjNteA/rTXS5K29gh5YKVEGhM=
-19,19,lV3gjPNU6KwhKIrsNdr5JoBUF4o=,TVwjNteA/rTXS5K29gh5YKVEGhM=
-18,20,lV3gjPNU6KwhKIrsNdr5JoBUF4o=,zAiy0qBVgly+nlz9bh60tJcsXZE=
-18,17,lV3gjPNU6KwhKIrsNdr5JoBUF4o=,TVwjNteA/rTXS5K29gh5YKVEGhM=
-18,18,lV3gjPNU6KwhKIrsNdr5JoBUF4o=,TVwjNteA/rTXS5K29gh5YKVEGhM=
-19,18,lV3gjPNU6KwhKIrsNdr5JoBUF4o=,TVwjNteA/rTXS5K29gh5YKVEGhM=
-23,17,lV3gjPNU6KwhKIrsNdr5JoBUF4o=,zAiy0qBVgly+nlz9bh60tJcsXZE=
-22,17,lV3gjPNU6KwhKIrsNdr5JoBUF4o=,zAiy0qBVgly+nlz9bh60tJcsXZE=
-21,17,lV3gjPNU6KwhKIrsNdr5JoBUF4o=,zAiy0qBVgly+nlz9bh60tJcsXZE=
-20,20,lV3gjPNU6KwhKIrsNdr5JoBUF4o=,zAiy0qBVgly+nlz9bh60tJcsXZE=
-21,20,lV3gjPNU6KwhKIrsNdr5JoBUF4o=,zAiy0qBVgly+nlz9bh60tJcsXZE=
-22,18,lV3gjPNU6KwhKIrsNdr5JoBUF4o=,zAiy0qBVgly+nlz9bh60tJcsXZE=
-22,20,lV3gjPNU6KwhKIrsNdr5JoBUF4o=,zAiy0qBVgly+nlz9bh60tJcsXZE=
-23,18,lV3gjPNU6KwhKIrsNdr5JoBUF4o=,zAiy0qBVgly+nlz9bh60tJcsXZE=
-23,19,lV3gjPNU6KwhKIrsNdr5JoBUF4o=,zAiy0qBVgly+nlz9bh60tJcsXZE=
-21,18,lV3gjPNU6KwhKIrsNdr5JoBUF4o=,zAiy0qBVgly+nlz9bh60tJcsXZE=
-20,18,lV3gjPNU6KwhKIrsNdr5JoBUF4o=,TVwjNteA/rTXS5K29gh5YKVEGhM=
-20,19,lV3gjPNU6KwhKIrsNdr5JoBUF4o=,TVwjNteA/rTXS5K29gh5YKVEGhM=
-23,20,lV3gjPNU6KwhKIrsNdr5JoBUF4o=,zAiy0qBVgly+nlz9bh60tJcsXZE=
-20,17,lV3gjPNU6KwhKIrsNdr5JoBUF4o=,TVwjNteA/rTXS5K29gh5YKVEGhM=
-22,19,lV3gjPNU6KwhKIrsNdr5JoBUF4o=,zAiy0qBVgly+nlz9bh60tJcsXZE=
-21,19,lV3gjPNU6KwhKIrsNdr5JoBUF4o=,zAiy0qBVgly+nlz9bh60tJcsXZE=
-25,20,lV3gjPNU6KwhKIrsNdr5JoBUF4o=,Fzc22T8RBqlLV3SRgGuv0BDM/Ws=
-27,17,lV3gjPNU6KwhKIrsNdr5JoBUF4o=,Fzc22T8RBqlLV3SRgGuv0BDM/Ws=
-27,18,lV3gjPNU6KwhKIrsNdr5JoBUF4o=,Fzc22T8RBqlLV3SRgGuv0BDM/Ws=
-25,18,lV3gjPNU6KwhKIrsNdr5JoBUF4o=,Fzc22T8RBqlLV3SRgGuv0BDM/Ws=
-26,17,lV3gjPNU6KwhKIrsNdr5JoBUF4o=,Fzc22T8RBqlLV3SRgGuv0BDM/Ws=
-25,17,lV3gjPNU6KwhKIrsNdr5JoBUF4o=,Fzc22T8RBqlLV3SRgGuv0BDM/Ws=
-24,18,lV3gjPNU6KwhKIrsNdr5JoBUF4o=,zAiy0qBVgly+nlz9bh60tJcsXZE=
-26,18,lV3gjPNU6KwhKIrsNdr5JoBUF4o=,Fzc22T8RBqlLV3SRgGuv0BDM/Ws=
-24,19,lV3gjPNU6KwhKIrsNdr5JoBUF4o=,zAiy0qBVgly+nlz9bh60tJcsXZE=
-26,20,lV3gjPNU6KwhKIrsNdr5JoBUF4o=,Fzc22T8RBqlLV3SRgGuv0BDM/Ws=
-24,20,lV3gjPNU6KwhKIrsNdr5JoBUF4o=,zAiy0qBVgly+nlz9bh60tJcsXZE=
-27,20,lV3gjPNU6KwhKIrsNdr5JoBUF4o=,Fzc22T8RBqlLV3SRgGuv0BDM/Ws=
-25,19,lV3gjPNU6KwhKIrsNdr5JoBUF4o=,Fzc22T8RBqlLV3SRgGuv0BDM/Ws=
-28,19,lV3gjPNU6KwhKIrsNdr5JoBUF4o=,Fzc22T8RBqlLV3SRgGuv0BDM/Ws=
-26,19,lV3gjPNU6KwhKIrsNdr5JoBUF4o=,Fzc22T8RBqlLV3SRgGuv0BDM/Ws=
-24,17,lV3gjPNU6KwhKIrsNdr5JoBUF4o=,zAiy0qBVgly+nlz9bh60tJcsXZE=
-29,19,lV3gjPNU6KwhKIrsNdr5JoBUF4o=,Fzc22T8RBqlLV3SRgGuv0BDM/Ws=
-31,20,lV3gjPNU6KwhKIrsNdr5JoBUF4o=,Fzc22T8RBqlLV3SRgGuv0BDM/Ws=
-27,19,lV3gjPNU6KwhKIrsNdr5JoBUF4o=,Fzc22T8RBqlLV3SRgGuv0BDM/Ws=
-30,19,lV3gjPNU6KwhKIrsNdr5JoBUF4o=,Fzc22T8RBqlLV3SRgGuv0BDM/Ws=
-29,20,lV3gjPNU6KwhKIrsNdr5JoBUF4o=,Fzc22T8RBqlLV3SRgGuv0BDM/Ws=
-28,20,lV3gjPNU6KwhKIrsNdr5JoBUF4o=,Fzc22T8RBqlLV3SRgGuv0BDM/Ws=
-29,17,lV3gjPNU6KwhKIrsNdr5JoBUF4o=,Fzc22T8RBqlLV3SRgGuv0BDM/Ws=
-31,19,lV3gjPNU6KwhKIrsNdr5JoBUF4o=,Fzc22T8RBqlLV3SRgGuv0BDM/Ws=
-30,20,lV3gjPNU6KwhKIrsNdr5JoBUF4o=,Fzc22T8RBqlLV3SRgGuv0BDM/Ws=
-30,17,lV3gjPNU6KwhKIrsNdr5JoBUF4o=,Fzc22T8RBqlLV3SRgGuv0BDM/Ws=
-29,18,lV3gjPNU6KwhKIrsNdr5JoBUF4o=,Fzc22T8RBqlLV3SRgGuv0BDM/Ws=
-28,17,lV3gjPNU6KwhKIrsNdr5JoBUF4o=,Fzc22T8RBqlLV3SRgGuv0BDM/Ws=
-30,18,lV3gjPNU6KwhKIrsNdr5JoBUF4o=,Fzc22T8RBqlLV3SRgGuv0BDM/Ws=
-31,17,lV3gjPNU6KwhKIrsNdr5JoBUF4o=,Fzc22T8RBqlLV3SRgGuv0BDM/Ws=
-31,18,lV3gjPNU6KwhKIrsNdr5JoBUF4o=,Fzc22T8RBqlLV3SRgGuv0BDM/Ws=
-28,18,lV3gjPNU6KwhKIrsNdr5JoBUF4o=,Fzc22T8RBqlLV3SRgGuv0BDM/Ws=
-26,16,lV3gjPNU6KwhKIrsNdr5JoBUF4o=,Fzc22T8RBqlLV3SRgGuv0BDM/Ws=
-27,16,lV3gjPNU6KwhKIrsNdr5JoBUF4o=,Fzc22T8RBqlLV3SRgGuv0BDM/Ws=
-24,16,lV3gjPNU6KwhKIrsNdr5JoBUF4o=,zAiy0qBVgly+nlz9bh60tJcsXZE=
-22,16,lV3gjPNU6KwhKIrsNdr5JoBUF4o=,zAiy0qBVgly+nlz9bh60tJcsXZE=
-23,16,lV3gjPNU6KwhKIrsNdr5JoBUF4o=,zAiy0qBVgly+nlz9bh60tJcsXZE=
-25,16,lV3gjPNU6KwhKIrsNdr5JoBUF4o=,Fzc22T8RBqlLV3SRgGuv0BDM/Ws=
-31,16,lV3gjPNU6KwhKIrsNdr5JoBUF4o=,Fzc22T8RBqlLV3SRgGuv0BDM/Ws=
-30,16,lV3gjPNU6KwhKIrsNdr5JoBUF4o=,Fzc22T8RBqlLV3SRgGuv0BDM/Ws=
-28,16,lV3gjPNU6KwhKIrsNdr5JoBUF4o=,Fzc22T8RBqlLV3SRgGuv0BDM/Ws=
-29,16,lV3gjPNU6KwhKIrsNdr5JoBUF4o=,Fzc22T8RBqlLV3SRgGuv0BDM/Ws=
-19,16,lV3gjPNU6KwhKIrsNdr5JoBUF4o=,TVwjNteA/rTXS5K29gh5YKVEGhM=
-18,16,lV3gjPNU6KwhKIrsNdr5JoBUF4o=,TVwjNteA/rTXS5K29gh5YKVEGhM=
-20,16,lV3gjPNU6KwhKIrsNdr5JoBUF4o=,TVwjNteA/rTXS5K29gh5YKVEGhM=
-21,16,lV3gjPNU6KwhKIrsNdr5JoBUF4o=,zAiy0qBVgly+nlz9bh60tJcsXZE=
-32,16,lV3gjPNU6KwhKIrsNdr5JoBUF4o=,Fzc22T8RBqlLV3SRgGuv0BDM/Ws=
-32,17,lV3gjPNU6KwhKIrsNdr5JoBUF4o=,Fzc22T8RBqlLV3SRgGuv0BDM/Ws=
-32,21,lV3gjPNU6KwhKIrsNdr5JoBUF4o=,Fzc22T8RBqlLV3SRgGuv0BDM/Ws=
-32,18,lV3gjPNU6KwhKIrsNdr5JoBUF4o=,Fzc22T8RBqlLV3SRgGuv0BDM/Ws=
-32,22,lV3gjPNU6KwhKIrsNdr5JoBUF4o=,Fzc22T8RBqlLV3SRgGuv0BDM/Ws=
-32,20,lV3gjPNU6KwhKIrsNdr5JoBUF4o=,Fzc22T8RBqlLV3SRgGuv0BDM/Ws=
-32,19,lV3gjPNU6KwhKIrsNdr5JoBUF4o=,Fzc22T8RBqlLV3SRgGuv0BDM/Ws=
-32,23,lV3gjPNU6KwhKIrsNdr5JoBUF4o=,Fzc22T8RBqlLV3SRgGuv0BDM/Ws=
-32,26,lV3gjPNU6KwhKIrsNdr5JoBUF4o=,Fzc22T8RBqlLV3SRgGuv0BDM/Ws=
-32,24,lV3gjPNU6KwhKIrsNdr5JoBUF4o=,Fzc22T8RBqlLV3SRgGuv0BDM/Ws=
-32,25,lV3gjPNU6KwhKIrsNdr5JoBUF4o=,Fzc22T8RBqlLV3SRgGuv0BDM/Ws=
-17,31,lV3gjPNU6KwhKIrsNdr5JoBUF4o=,Fzc22T8RBqlLV3SRgGuv0BDM/Ws=
-32,30,lV3gjPNU6KwhKIrsNdr5JoBUF4o=,Fzc22T8RBqlLV3SRgGuv0BDM/Ws=
-32,27,lV3gjPNU6KwhKIrsNdr5JoBUF4o=,Fzc22T8RBqlLV3SRgGuv0BDM/Ws=
-32,29,lV3gjPNU6KwhKIrsNdr5JoBUF4o=,Fzc22T8RBqlLV3SRgGuv0BDM/Ws=
-32,28,lV3gjPNU6KwhKIrsNdr5JoBUF4o=,Fzc22T8RBqlLV3SRgGuv0BDM/Ws=
-32,31,lV3gjPNU6KwhKIrsNdr5JoBUF4o=,Fzc22T8RBqlLV3SRgGuv0BDM/Ws=
-29,31,lV3gjPNU6KwhKIrsNdr5JoBUF4o=,Fzc22T8RBqlLV3SRgGuv0BDM/Ws=
-28,31,lV3gjPNU6KwhKIrsNdr5JoBUF4o=,Fzc22T8RBqlLV3SRgGuv0BDM/Ws=
-31,31,lV3gjPNU6KwhKIrsNdr5JoBUF4o=,Fzc22T8RBqlLV3SRgGuv0BDM/Ws=
-30,31,lV3gjPNU6KwhKIrsNdr5JoBUF4o=,Fzc22T8RBqlLV3SRgGuv0BDM/Ws=
-17,17,lV3gjPNU6KwhKIrsNdr5JoBUF4o=,TVwjNteA/rTXS5K29gh5YKVEGhM=
-17,16,lV3gjPNU6KwhKIrsNdr5JoBUF4o=,TVwjNteA/rTXS5K29gh5YKVEGhM=
-17,20,lV3gjPNU6KwhKIrsNdr5JoBUF4o=,zAiy0qBVgly+nlz9bh60tJcsXZE=
-17,19,lV3gjPNU6KwhKIrsNdr5JoBUF4o=,TVwjNteA/rTXS5K29gh5YKVEGhM=
-17,18,lV3gjPNU6KwhKIrsNdr5JoBUF4o=,TVwjNteA/rTXS5K29gh5YKVEGhM=
-3,18,zG+ZXtNiiMwoDswaxSCZH5YEup8=,n2d5jn4f3X2B13SvmPZzr2s/apM=
-2,17,zG+ZXtNiiMwoDswaxSCZH5YEup8=,n2d5jn4f3X2B13SvmPZzr2s/apM=
-3,22,zG+ZXtNiiMwoDswaxSCZH5YEup8=,n2d5jn4f3X2B13SvmPZzr2s/apM=
-3,17,zG+ZXtNiiMwoDswaxSCZH5YEup8=,n2d5jn4f3X2B13SvmPZzr2s/apM=
-2,19,zG+ZXtNiiMwoDswaxSCZH5YEup8=,n2d5jn4f3X2B13SvmPZzr2s/apM=
-2,22,zG+ZXtNiiMwoDswaxSCZH5YEup8=,n2d5jn4f3X2B13SvmPZzr2s/apM=
-2,21,zG+ZXtNiiMwoDswaxSCZH5YEup8=,n2d5jn4f3X2B13SvmPZzr2s/apM=
-2,18,zG+ZXtNiiMwoDswaxSCZH5YEup8=,n2d5jn4f3X2B13SvmPZzr2s/apM=
-3,19,zG+ZXtNiiMwoDswaxSCZH5YEup8=,n2d5jn4f3X2B13SvmPZzr2s/apM=
-5,18,zG+ZXtNiiMwoDswaxSCZH5YEup8=,n2d5jn4f3X2B13SvmPZzr2s/apM=
-4,17,zG+ZXtNiiMwoDswaxSCZH5YEup8=,n2d5jn4f3X2B13SvmPZzr2s/apM=
-3,21,zG+ZXtNiiMwoDswaxSCZH5YEup8=,n2d5jn4f3X2B13SvmPZzr2s/apM=
-4,19,zG+ZXtNiiMwoDswaxSCZH5YEup8=,n2d5jn4f3X2B13SvmPZzr2s/apM=
-2,20,zG+ZXtNiiMwoDswaxSCZH5YEup8=,n2d5jn4f3X2B13SvmPZzr2s/apM=
-6,18,zG+ZXtNiiMwoDswaxSCZH5YEup8=,n2d5jn4f3X2B13SvmPZzr2s/apM=
-7,18,zG+ZXtNiiMwoDswaxSCZH5YEup8=,n2d5jn4f3X2B13SvmPZzr2s/apM=
-5,22,zG+ZXtNiiMwoDswaxSCZH5YEup8=,n2d5jn4f3X2B13SvmPZzr2s/apM=
-4,22,zG+ZXtNiiMwoDswaxSCZH5YEup8=,n2d5jn4f3X2B13SvmPZzr2s/apM=
-3,20,zG+ZXtNiiMwoDswaxSCZH5YEup8=,n2d5jn4f3X2B13SvmPZzr2s/apM=
-6,22,zG+ZXtNiiMwoDswaxSCZH5YEup8=,n2d5jn4f3X2B13SvmPZzr2s/apM=
-7,17,zG+ZXtNiiMwoDswaxSCZH5YEup8=,n2d5jn4f3X2B13SvmPZzr2s/apM=
-5,20,zG+ZXtNiiMwoDswaxSCZH5YEup8=,n2d5jn4f3X2B13SvmPZzr2s/apM=
-7,20,zG+ZXtNiiMwoDswaxSCZH5YEup8=,n2d5jn4f3X2B13SvmPZzr2s/apM=
-6,20,zG+ZXtNiiMwoDswaxSCZH5YEup8=,n2d5jn4f3X2B13SvmPZzr2s/apM=
-7,22,zG+ZXtNiiMwoDswaxSCZH5YEup8=,n2d5jn4f3X2B13SvmPZzr2s/apM=
-5,21,zG+ZXtNiiMwoDswaxSCZH5YEup8=,n2d5jn4f3X2B13SvmPZzr2s/apM=
-6,19,zG+ZXtNiiMwoDswaxSCZH5YEup8=,n2d5jn4f3X2B13SvmPZzr2s/apM=
-6,21,zG+ZXtNiiMwoDswaxSCZH5YEup8=,n2d5jn4f3X2B13SvmPZzr2s/apM=
-4,20,zG+ZXtNiiMwoDswaxSCZH5YEup8=,n2d5jn4f3X2B13SvmPZzr2s/apM=
-6,17,zG+ZXtNiiMwoDswaxSCZH5YEup8=,n2d5jn4f3X2B13SvmPZzr2s/apM=
-5,19,zG+ZXtNiiMwoDswaxSCZH5YEup8=,n2d5jn4f3X2B13SvmPZzr2s/apM=
-4,18,zG+ZXtNiiMwoDswaxSCZH5YEup8=,n2d5jn4f3X2B13SvmPZzr2s/apM=
-5,17,zG+ZXtNiiMwoDswaxSCZH5YEup8=,n2d5jn4f3X2B13SvmPZzr2s/apM=
-7,21,zG+ZXtNiiMwoDswaxSCZH5YEup8=,n2d5jn4f3X2B13SvmPZzr2s/apM=
-4,21,zG+ZXtNiiMwoDswaxSCZH5YEup8=,n2d5jn4f3X2B13SvmPZzr2s/apM=
-7,19,zG+ZXtNiiMwoDswaxSCZH5YEup8=,n2d5jn4f3X2B13SvmPZzr2s/apM=
-8,21,Ub6rCpLR7JNNp5DU4Wc//7ku+uQ=,n2d5jn4f3X2B13SvmPZzr2s/apM=
-10,22,Ub6rCpLR7JNNp5DU4Wc//7ku+uQ=,n2d5jn4f3X2B13SvmPZzr2s/apM=
-9,22,Ub6rCpLR7JNNp5DU4Wc//7ku+uQ=,n2d5jn4f3X2B13SvmPZzr2s/apM=
-8,22,Ub6rCpLR7JNNp5DU4Wc//7ku+uQ=,n2d5jn4f3X2B13SvmPZzr2s/apM=
-11,21,Ub6rCpLR7JNNp5DU4Wc//7ku+uQ=,n2d5jn4f3X2B13SvmPZzr2s/apM=
-11,22,Ub6rCpLR7JNNp5DU4Wc//7ku+uQ=,n2d5jn4f3X2B13SvmPZzr2s/apM=
-10,21,Ub6rCpLR7JNNp5DU4Wc//7ku+uQ=,n2d5jn4f3X2B13SvmPZzr2s/apM=
-9,21,Ub6rCpLR7JNNp5DU4Wc//7ku+uQ=,n2d5jn4f3X2B13SvmPZzr2s/apM=
-8,20,Ub6rCpLR7JNNp5DU4Wc//7ku+uQ=,n2d5jn4f3X2B13SvmPZzr2s/apM=
-9,18,Ub6rCpLR7JNNp5DU4Wc//7ku+uQ=,n2d5jn4f3X2B13SvmPZzr2s/apM=
-11,18,Ub6rCpLR7JNNp5DU4Wc//7ku+uQ=,n2d5jn4f3X2B13SvmPZzr2s/apM=
-8,19,Ub6rCpLR7JNNp5DU4Wc//7ku+uQ=,n2d5jn4f3X2B13SvmPZzr2s/apM=
-8,17,Ub6rCpLR7JNNp5DU4Wc//7ku+uQ=,n2d5jn4f3X2B13SvmPZzr2s/apM=
-10,17,Ub6rCpLR7JNNp5DU4Wc//7ku+uQ=,n2d5jn4f3X2B13SvmPZzr2s/apM=
-11,17,Ub6rCpLR7JNNp5DU4Wc//7ku+uQ=,n2d5jn4f3X2B13SvmPZzr2s/apM=
-8,18,Ub6rCpLR7JNNp5DU4Wc//7ku+uQ=,n2d5jn4f3X2B13SvmPZzr2s/apM=
-10,18,Ub6rCpLR7JNNp5DU4Wc//7ku+uQ=,n2d5jn4f3X2B13SvmPZzr2s/apM=
-9,17,Ub6rCpLR7JNNp5DU4Wc//7ku+uQ=,n2d5jn4f3X2B13SvmPZzr2s/apM=
-10,20,Ub6rCpLR7JNNp5DU4Wc//7ku+uQ=,n2d5jn4f3X2B13SvmPZzr2s/apM=
-9,19,Ub6rCpLR7JNNp5DU4Wc//7ku+uQ=,n2d5jn4f3X2B13SvmPZzr2s/apM=
-10,19,Ub6rCpLR7JNNp5DU4Wc//7ku+uQ=,n2d5jn4f3X2B13SvmPZzr2s/apM=
-11,19,Ub6rCpLR7JNNp5DU4Wc//7ku+uQ=,n2d5jn4f3X2B13SvmPZzr2s/apM=
-9,20,Ub6rCpLR7JNNp5DU4Wc//7ku+uQ=,n2d5jn4f3X2B13SvmPZzr2s/apM=
-11,20,Ub6rCpLR7JNNp5DU4Wc//7ku+uQ=,n2d5jn4f3X2B13SvmPZzr2s/apM=
-14,21,Ub6rCpLR7JNNp5DU4Wc//7ku+uQ=,n2d5jn4f3X2B13SvmPZzr2s/apM=
-13,21,Ub6rCpLR7JNNp5DU4Wc//7ku+uQ=,n2d5jn4f3X2B13SvmPZzr2s/apM=
-15,21,Ub6rCpLR7JNNp5DU4Wc//7ku+uQ=,n2d5jn4f3X2B13SvmPZzr2s/apM=
-15,22,Ub6rCpLR7JNNp5DU4Wc//7ku+uQ=,n2d5jn4f3X2B13SvmPZzr2s/apM=
-14,22,Ub6rCpLR7JNNp5DU4Wc//7ku+uQ=,n2d5jn4f3X2B13SvmPZzr2s/apM=
-13,22,Ub6rCpLR7JNNp5DU4Wc//7ku+uQ=,n2d5jn4f3X2B13SvmPZzr2s/apM=
-12,21,Ub6rCpLR7JNNp5DU4Wc//7ku+uQ=,n2d5jn4f3X2B13SvmPZzr2s/apM=
-12,22,Ub6rCpLR7JNNp5DU4Wc//7ku+uQ=,n2d5jn4f3X2B13SvmPZzr2s/apM=
-13,18,Ub6rCpLR7JNNp5DU4Wc//7ku+uQ=,n2d5jn4f3X2B13SvmPZzr2s/apM=
-12,18,Ub6rCpLR7JNNp5DU4Wc//7ku+uQ=,n2d5jn4f3X2B13SvmPZzr2s/apM=
-13,19,Ub6rCpLR7JNNp5DU4Wc//7ku+uQ=,n2d5jn4f3X2B13SvmPZzr2s/apM=
-12,19,Ub6rCpLR7JNNp5DU4Wc//7ku+uQ=,n2d5jn4f3X2B13SvmPZzr2s/apM=
-14,18,Ub6rCpLR7JNNp5DU4Wc//7ku+uQ=,n2d5jn4f3X2B13SvmPZzr2s/apM=
-14,19,Ub6rCpLR7JNNp5DU4Wc//7ku+uQ=,n2d5jn4f3X2B13SvmPZzr2s/apM=
-14,20,Ub6rCpLR7JNNp5DU4Wc//7ku+uQ=,n2d5jn4f3X2B13SvmPZzr2s/apM=
-13,20,Ub6rCpLR7JNNp5DU4Wc//7ku+uQ=,n2d5jn4f3X2B13SvmPZzr2s/apM=
-15,20,Ub6rCpLR7JNNp5DU4Wc//7ku+uQ=,n2d5jn4f3X2B13SvmPZzr2s/apM=
-15,19,Ub6rCpLR7JNNp5DU4Wc//7ku+uQ=,n2d5jn4f3X2B13SvmPZzr2s/apM=
-15,18,Ub6rCpLR7JNNp5DU4Wc//7ku+uQ=,n2d5jn4f3X2B13SvmPZzr2s/apM=
-12,17,Ub6rCpLR7JNNp5DU4Wc//7ku+uQ=,n2d5jn4f3X2B13SvmPZzr2s/apM=
-15,17,Ub6rCpLR7JNNp5DU4Wc//7ku+uQ=,n2d5jn4f3X2B13SvmPZzr2s/apM=
-13,17,Ub6rCpLR7JNNp5DU4Wc//7ku+uQ=,n2d5jn4f3X2B13SvmPZzr2s/apM=
-12,20,Ub6rCpLR7JNNp5DU4Wc//7ku+uQ=,n2d5jn4f3X2B13SvmPZzr2s/apM=
-14,17,Ub6rCpLR7JNNp5DU4Wc//7ku+uQ=,n2d5jn4f3X2B13SvmPZzr2s/apM=
-11,25,XtfcI1/0jnGRrRxme2GS+KfAtR0=,zAiy0qBVgly+nlz9bh60tJcsXZE=
-11,24,XtfcI1/0jnGRrRxme2GS+KfAtR0=,zAiy0qBVgly+nlz9bh60tJcsXZE=
-10,24,XtfcI1/0jnGRrRxme2GS+KfAtR0=,zAiy0qBVgly+nlz9bh60tJcsXZE=
-10,26,XtfcI1/0jnGRrRxme2GS+KfAtR0=,zAiy0qBVgly+nlz9bh60tJcsXZE=
-10,23,8JVFFD+/n5QRfrxM7PKWukmheCg=,n2d5jn4f3X2B13SvmPZzr2s/apM=
-11,23,8JVFFD+/n5QRfrxM7PKWukmheCg=,n2d5jn4f3X2B13SvmPZzr2s/apM=
-10,25,8JVFFD+/n5QRfrxM7PKWukmheCg=,zAiy0qBVgly+nlz9bh60tJcsXZE=
-13,23,8JVFFD+/n5QRfrxM7PKWukmheCg=,n2d5jn4f3X2B13SvmPZzr2s/apM=
-11,26,8JVFFD+/n5QRfrxM7PKWukmheCg=,zAiy0qBVgly+nlz9bh60tJcsXZE=
-12,23,8JVFFD+/n5QRfrxM7PKWukmheCg=,n2d5jn4f3X2B13SvmPZzr2s/apM=
-15,24,8JVFFD+/n5QRfrxM7PKWukmheCg=,zAiy0qBVgly+nlz9bh60tJcsXZE=
-13,25,8JVFFD+/n5QRfrxM7PKWukmheCg=,zAiy0qBVgly+nlz9bh60tJcsXZE=
-15,23,8JVFFD+/n5QRfrxM7PKWukmheCg=,n2d5jn4f3X2B13SvmPZzr2s/apM=
-15,25,8JVFFD+/n5QRfrxM7PKWukmheCg=,zAiy0qBVgly+nlz9bh60tJcsXZE=
-14,25,8JVFFD+/n5QRfrxM7PKWukmheCg=,zAiy0qBVgly+nlz9bh60tJcsXZE=
-12,26,8JVFFD+/n5QRfrxM7PKWukmheCg=,zAiy0qBVgly+nlz9bh60tJcsXZE=
-14,23,8JVFFD+/n5QRfrxM7PKWukmheCg=,n2d5jn4f3X2B13SvmPZzr2s/apM=
-15,26,8JVFFD+/n5QRfrxM7PKWukmheCg=,zAiy0qBVgly+nlz9bh60tJcsXZE=
-12,25,8JVFFD+/n5QRfrxM7PKWukmheCg=,zAiy0qBVgly+nlz9bh60tJcsXZE=
-14,26,8JVFFD+/n5QRfrxM7PKWukmheCg=,zAiy0qBVgly+nlz9bh60tJcsXZE=
-13,24,8JVFFD+/n5QRfrxM7PKWukmheCg=,zAiy0qBVgly+nlz9bh60tJcsXZE=
-13,26,8JVFFD+/n5QRfrxM7PKWukmheCg=,zAiy0qBVgly+nlz9bh60tJcsXZE=
-14,24,8JVFFD+/n5QRfrxM7PKWukmheCg=,zAiy0qBVgly+nlz9bh60tJcsXZE=
-12,24,8JVFFD+/n5QRfrxM7PKWukmheCg=,zAiy0qBVgly+nlz9bh60tJcsXZE=
-11,28,8JVFFD+/n5QRfrxM7PKWukmheCg=,Fzc22T8RBqlLV3SRgGuv0BDM/Ws=
-10,27,8JVFFD+/n5QRfrxM7PKWukmheCg=,zAiy0qBVgly+nlz9bh60tJcsXZE=
-10,28,8JVFFD+/n5QRfrxM7PKWukmheCg=,Fzc22T8RBqlLV3SRgGuv0BDM/Ws=
-10,30,8JVFFD+/n5QRfrxM7PKWukmheCg=,Fzc22T8RBqlLV3SRgGuv0BDM/Ws=
-11,27,8JVFFD+/n5QRfrxM7PKWukmheCg=,zAiy0qBVgly+nlz9bh60tJcsXZE=
-11,30,8JVFFD+/n5QRfrxM7PKWukmheCg=,Fzc22T8RBqlLV3SRgGuv0BDM/Ws=
-10,29,8JVFFD+/n5QRfrxM7PKWukmheCg=,Fzc22T8RBqlLV3SRgGuv0BDM/Ws=
-11,29,8JVFFD+/n5QRfrxM7PKWukmheCg=,Fzc22T8RBqlLV3SRgGuv0BDM/Ws=
-15,29,8JVFFD+/n5QRfrxM7PKWukmheCg=,Fzc22T8RBqlLV3SRgGuv0BDM/Ws=
-12,30,8JVFFD+/n5QRfrxM7PKWukmheCg=,Fzc22T8RBqlLV3SRgGuv0BDM/Ws=
-13,30,8JVFFD+/n5QRfrxM7PKWukmheCg=,Fzc22T8RBqlLV3SRgGuv0BDM/Ws=
-15,27,8JVFFD+/n5QRfrxM7PKWukmheCg=,zAiy0qBVgly+nlz9bh60tJcsXZE=
-14,29,8JVFFD+/n5QRfrxM7PKWukmheCg=,Fzc22T8RBqlLV3SRgGuv0BDM/Ws=
-14,30,8JVFFD+/n5QRfrxM7PKWukmheCg=,Fzc22T8RBqlLV3SRgGuv0BDM/Ws=
-12,29,8JVFFD+/n5QRfrxM7PKWukmheCg=,Fzc22T8RBqlLV3SRgGuv0BDM/Ws=
-15,30,8JVFFD+/n5QRfrxM7PKWukmheCg=,Fzc22T8RBqlLV3SRgGuv0BDM/Ws=
-13,28,8JVFFD+/n5QRfrxM7PKWukmheCg=,Fzc22T8RBqlLV3SRgGuv0BDM/Ws=
-13,29,8JVFFD+/n5QRfrxM7PKWukmheCg=,Fzc22T8RBqlLV3SRgGuv0BDM/Ws=
-12,28,8JVFFD+/n5QRfrxM7PKWukmheCg=,Fzc22T8RBqlLV3SRgGuv0BDM/Ws=
-14,28,8JVFFD+/n5QRfrxM7PKWukmheCg=,Fzc22T8RBqlLV3SRgGuv0BDM/Ws=
-13,27,8JVFFD+/n5QRfrxM7PKWukmheCg=,zAiy0qBVgly+nlz9bh60tJcsXZE=
-12,27,8JVFFD+/n5QRfrxM7PKWukmheCg=,zAiy0qBVgly+nlz9bh60tJcsXZE=
-14,27,8JVFFD+/n5QRfrxM7PKWukmheCg=,zAiy0qBVgly+nlz9bh60tJcsXZE=
-15,28,8JVFFD+/n5QRfrxM7PKWukmheCg=,Fzc22T8RBqlLV3SRgGuv0BDM/Ws=
-9,26,e8/0LZTagoHTYS1Mde1mnhHIVJ8=,zAiy0qBVgly+nlz9bh60tJcsXZE=
-9,23,e8/0LZTagoHTYS1Mde1mnhHIVJ8=,n2d5jn4f3X2B13SvmPZzr2s/apM=
-8,23,e8/0LZTagoHTYS1Mde1mnhHIVJ8=,n2d5jn4f3X2B13SvmPZzr2s/apM=
-7,26,e8/0LZTagoHTYS1Mde1mnhHIVJ8=,zAiy0qBVgly+nlz9bh60tJcsXZE=
-6,23,e8/0LZTagoHTYS1Mde1mnhHIVJ8=,n2d5jn4f3X2B13SvmPZzr2s/apM=
-8,25,e8/0LZTagoHTYS1Mde1mnhHIVJ8=,zAiy0qBVgly+nlz9bh60tJcsXZE=
-6,25,e8/0LZTagoHTYS1Mde1mnhHIVJ8=,zAiy0qBVgly+nlz9bh60tJcsXZE=
-8,26,e8/0LZTagoHTYS1Mde1mnhHIVJ8=,zAiy0qBVgly+nlz9bh60tJcsXZE=
-6,26,e8/0LZTagoHTYS1Mde1mnhHIVJ8=,zAiy0qBVgly+nlz9bh60tJcsXZE=
-7,23,e8/0LZTagoHTYS1Mde1mnhHIVJ8=,n2d5jn4f3X2B13SvmPZzr2s/apM=
-7,25,e8/0LZTagoHTYS1Mde1mnhHIVJ8=,zAiy0qBVgly+nlz9bh60tJcsXZE=
-9,25,e8/0LZTagoHTYS1Mde1mnhHIVJ8=,zAiy0qBVgly+nlz9bh60tJcsXZE=
-6,24,e8/0LZTagoHTYS1Mde1mnhHIVJ8=,zAiy0qBVgly+nlz9bh60tJcsXZE=
-7,24,e8/0LZTagoHTYS1Mde1mnhHIVJ8=,zAiy0qBVgly+nlz9bh60tJcsXZE=
-9,24,e8/0LZTagoHTYS1Mde1mnhHIVJ8=,zAiy0qBVgly+nlz9bh60tJcsXZE=
-8,24,e8/0LZTagoHTYS1Mde1mnhHIVJ8=,zAiy0qBVgly+nlz9bh60tJcsXZE=
-9,27,TXNdwH/lKN5jc5Od5VjsHKIs48U=,zAiy0qBVgly+nlz9bh60tJcsXZE=
-7,30,TXNdwH/lKN5jc5Od5VjsHKIs48U=,Fzc22T8RBqlLV3SRgGuv0BDM/Ws=
-9,30,TXNdwH/lKN5jc5Od5VjsHKIs48U=,Fzc22T8RBqlLV3SRgGuv0BDM/Ws=
-7,28,TXNdwH/lKN5jc5Od5VjsHKIs48U=,Fzc22T8RBqlLV3SRgGuv0BDM/Ws=
-6,27,TXNdwH/lKN5jc5Od5VjsHKIs48U=,zAiy0qBVgly+nlz9bh60tJcsXZE=
-8,30,TXNdwH/lKN5jc5Od5VjsHKIs48U=,Fzc22T8RBqlLV3SRgGuv0BDM/Ws=
-6,30,TXNdwH/lKN5jc5Od5VjsHKIs48U=,Fzc22T8RBqlLV3SRgGuv0BDM/Ws=
-6,28,TXNdwH/lKN5jc5Od5VjsHKIs48U=,Fzc22T8RBqlLV3SRgGuv0BDM/Ws=
-9,28,TXNdwH/lKN5jc5Od5VjsHKIs48U=,Fzc22T8RBqlLV3SRgGuv0BDM/Ws=
-8,28,TXNdwH/lKN5jc5Od5VjsHKIs48U=,Fzc22T8RBqlLV3SRgGuv0BDM/Ws=
-7,27,TXNdwH/lKN5jc5Od5VjsHKIs48U=,zAiy0qBVgly+nlz9bh60tJcsXZE=
-9,29,TXNdwH/lKN5jc5Od5VjsHKIs48U=,Fzc22T8RBqlLV3SRgGuv0BDM/Ws=
-6,29,TXNdwH/lKN5jc5Od5VjsHKIs48U=,Fzc22T8RBqlLV3SRgGuv0BDM/Ws=
-8,27,TXNdwH/lKN5jc5Od5VjsHKIs48U=,zAiy0qBVgly+nlz9bh60tJcsXZE=
-8,29,TXNdwH/lKN5jc5Od5VjsHKIs48U=,Fzc22T8RBqlLV3SRgGuv0BDM/Ws=
-7,29,TXNdwH/lKN5jc5Od5VjsHKIs48U=,Fzc22T8RBqlLV3SRgGuv0BDM/Ws=
-2,24,TXNdwH/lKN5jc5Od5VjsHKIs48U=,zAiy0qBVgly+nlz9bh60tJcsXZE=
-4,25,TXNdwH/lKN5jc5Od5VjsHKIs48U=,zAiy0qBVgly+nlz9bh60tJcsXZE=
-2,26,TXNdwH/lKN5jc5Od5VjsHKIs48U=,zAiy0qBVgly+nlz9bh60tJcsXZE=
-4,24,TXNdwH/lKN5jc5Od5VjsHKIs48U=,zAiy0qBVgly+nlz9bh60tJcsXZE=
-5,25,TXNdwH/lKN5jc5Od5VjsHKIs48U=,zAiy0qBVgly+nlz9bh60tJcsXZE=
-5,26,TXNdwH/lKN5jc5Od5VjsHKIs48U=,zAiy0qBVgly+nlz9bh60tJcsXZE=
-3,26,TXNdwH/lKN5jc5Od5VjsHKIs48U=,zAiy0qBVgly+nlz9bh60tJcsXZE=
-4,26,TXNdwH/lKN5jc5Od5VjsHKIs48U=,zAiy0qBVgly+nlz9bh60tJcsXZE=
-3,24,TXNdwH/lKN5jc5Od5VjsHKIs48U=,zAiy0qBVgly+nlz9bh60tJcsXZE=
-5,23,TXNdwH/lKN5jc5Od5VjsHKIs48U=,n2d5jn4f3X2B13SvmPZzr2s/apM=
-5,24,TXNdwH/lKN5jc5Od5VjsHKIs48U=,zAiy0qBVgly+nlz9bh60tJcsXZE=
-4,23,TXNdwH/lKN5jc5Od5VjsHKIs48U=,n2d5jn4f3X2B13SvmPZzr2s/apM=
-3,23,TXNdwH/lKN5jc5Od5VjsHKIs48U=,n2d5jn4f3X2B13SvmPZzr2s/apM=
-3,25,TXNdwH/lKN5jc5Od5VjsHKIs48U=,zAiy0qBVgly+nlz9bh60tJcsXZE=
-2,25,TXNdwH/lKN5jc5Od5VjsHKIs48U=,zAiy0qBVgly+nlz9bh60tJcsXZE=
-4,29,TXNdwH/lKN5jc5Od5VjsHKIs48U=,Fzc22T8RBqlLV3SRgGuv0BDM/Ws=
-3,28,TXNdwH/lKN5jc5Od5VjsHKIs48U=,Fzc22T8RBqlLV3SRgGuv0BDM/Ws=
-5,28,TXNdwH/lKN5jc5Od5VjsHKIs48U=,Fzc22T8RBqlLV3SRgGuv0BDM/Ws=
-2,23,TXNdwH/lKN5jc5Od5VjsHKIs48U=,n2d5jn4f3X2B13SvmPZzr2s/apM=
-5,30,TXNdwH/lKN5jc5Od5VjsHKIs48U=,Fzc22T8RBqlLV3SRgGuv0BDM/Ws=
-4,28,TXNdwH/lKN5jc5Od5VjsHKIs48U=,Fzc22T8RBqlLV3SRgGuv0BDM/Ws=
-2,30,TXNdwH/lKN5jc5Od5VjsHKIs48U=,Fzc22T8RBqlLV3SRgGuv0BDM/Ws=
-3,30,TXNdwH/lKN5jc5Od5VjsHKIs48U=,Fzc22T8RBqlLV3SRgGuv0BDM/Ws=
-2,28,TXNdwH/lKN5jc5Od5VjsHKIs48U=,Fzc22T8RBqlLV3SRgGuv0BDM/Ws=
-5,29,TXNdwH/lKN5jc5Od5VjsHKIs48U=,Fzc22T8RBqlLV3SRgGuv0BDM/Ws=
-5,27,TXNdwH/lKN5jc5Od5VjsHKIs48U=,zAiy0qBVgly+nlz9bh60tJcsXZE=
-4,30,TXNdwH/lKN5jc5Od5VjsHKIs48U=,Fzc22T8RBqlLV3SRgGuv0BDM/Ws=
-3,27,TXNdwH/lKN5jc5Od5VjsHKIs48U=,zAiy0qBVgly+nlz9bh60tJcsXZE=
-3,29,TXNdwH/lKN5jc5Od5VjsHKIs48U=,Fzc22T8RBqlLV3SRgGuv0BDM/Ws=
-4,27,TXNdwH/lKN5jc5Od5VjsHKIs48U=,zAiy0qBVgly+nlz9bh60tJcsXZE=
-2,27,TXNdwH/lKN5jc5Od5VjsHKIs48U=,zAiy0qBVgly+nlz9bh60tJcsXZE=
-1,25,TXNdwH/lKN5jc5Od5VjsHKIs48U=,zAiy0qBVgly+nlz9bh60tJcsXZE=
-1,26,TXNdwH/lKN5jc5Od5VjsHKIs48U=,zAiy0qBVgly+nlz9bh60tJcsXZE=
-2,29,TXNdwH/lKN5jc5Od5VjsHKIs48U=,Fzc22T8RBqlLV3SRgGuv0BDM/Ws=
-6,31,TXNdwH/lKN5jc5Od5VjsHKIs48U=,Fzc22T8RBqlLV3SRgGuv0BDM/Ws=
-7,31,TXNdwH/lKN5jc5Od5VjsHKIs48U=,Fzc22T8RBqlLV3SRgGuv0BDM/Ws=
-3,31,TXNdwH/lKN5jc5Od5VjsHKIs48U=,Fzc22T8RBqlLV3SRgGuv0BDM/Ws=
-4,31,TXNdwH/lKN5jc5Od5VjsHKIs48U=,Fzc22T8RBqlLV3SRgGuv0BDM/Ws=
-2,31,TXNdwH/lKN5jc5Od5VjsHKIs48U=,Fzc22T8RBqlLV3SRgGuv0BDM/Ws=
-5,31,TXNdwH/lKN5jc5Od5VjsHKIs48U=,Fzc22T8RBqlLV3SRgGuv0BDM/Ws=
-1,27,TXNdwH/lKN5jc5Od5VjsHKIs48U=,zAiy0qBVgly+nlz9bh60tJcsXZE=
-1,29,TXNdwH/lKN5jc5Od5VjsHKIs48U=,Fzc22T8RBqlLV3SRgGuv0BDM/Ws=
-1,28,TXNdwH/lKN5jc5Od5VjsHKIs48U=,Fzc22T8RBqlLV3SRgGuv0BDM/Ws=
-1,30,TXNdwH/lKN5jc5Od5VjsHKIs48U=,Fzc22T8RBqlLV3SRgGuv0BDM/Ws=
-1,23,TXNdwH/lKN5jc5Od5VjsHKIs48U=,n2d5jn4f3X2B13SvmPZzr2s/apM=
-1,22,TXNdwH/lKN5jc5Od5VjsHKIs48U=,n2d5jn4f3X2B13SvmPZzr2s/apM=
-1,24,TXNdwH/lKN5jc5Od5VjsHKIs48U=,zAiy0qBVgly+nlz9bh60tJcsXZE=
-1,21,TXNdwH/lKN5jc5Od5VjsHKIs48U=,n2d5jn4f3X2B13SvmPZzr2s/apM=
-1,17,TXNdwH/lKN5jc5Od5VjsHKIs48U=,n2d5jn4f3X2B13SvmPZzr2s/apM=
-1,20,TXNdwH/lKN5jc5Od5VjsHKIs48U=,n2d5jn4f3X2B13SvmPZzr2s/apM=
-1,18,TXNdwH/lKN5jc5Od5VjsHKIs48U=,n2d5jn4f3X2B13SvmPZzr2s/apM=
-1,19,TXNdwH/lKN5jc5Od5VjsHKIs48U=,n2d5jn4f3X2B13SvmPZzr2s/apM=
-3,16,TXNdwH/lKN5jc5Od5VjsHKIs48U=,n2d5jn4f3X2B13SvmPZzr2s/apM=
-1,16,TXNdwH/lKN5jc5Od5VjsHKIs48U=,n2d5jn4f3X2B13SvmPZzr2s/apM=
-4,16,TXNdwH/lKN5jc5Od5VjsHKIs48U=,n2d5jn4f3X2B13SvmPZzr2s/apM=
-2,16,TXNdwH/lKN5jc5Od5VjsHKIs48U=,n2d5jn4f3X2B13SvmPZzr2s/apM=
-5,16,TXNdwH/lKN5jc5Od5VjsHKIs48U=,n2d5jn4f3X2B13SvmPZzr2s/apM=
-6,16,TXNdwH/lKN5jc5Od5VjsHKIs48U=,n2d5jn4f3X2B13SvmPZzr2s/apM=
-7,16,TXNdwH/lKN5jc5Od5VjsHKIs48U=,n2d5jn4f3X2B13SvmPZzr2s/apM=
-11,16,TXNdwH/lKN5jc5Od5VjsHKIs48U=,n2d5jn4f3X2B13SvmPZzr2s/apM=
-10,16,TXNdwH/lKN5jc5Od5VjsHKIs48U=,n2d5jn4f3X2B13SvmPZzr2s/apM=
-9,16,TXNdwH/lKN5jc5Od5VjsHKIs48U=,n2d5jn4f3X2B13SvmPZzr2s/apM=
-8,16,TXNdwH/lKN5jc5Od5VjsHKIs48U=,n2d5jn4f3X2B13SvmPZzr2s/apM=
-15,16,TXNdwH/lKN5jc5Od5VjsHKIs48U=,n2d5jn4f3X2B13SvmPZzr2s/apM=
-14,16,TXNdwH/lKN5jc5Od5VjsHKIs48U=,n2d5jn4f3X2B13SvmPZzr2s/apM=
-12,16,TXNdwH/lKN5jc5Od5VjsHKIs48U=,n2d5jn4f3X2B13SvmPZzr2s/apM=
-13,16,TXNdwH/lKN5jc5Od5VjsHKIs48U=,n2d5jn4f3X2B13SvmPZzr2s/apM=
-16,18,TXNdwH/lKN5jc5Od5VjsHKIs48U=,n2d5jn4f3X2B13SvmPZzr2s/apM=
-16,17,TXNdwH/lKN5jc5Od5VjsHKIs48U=,n2d5jn4f3X2B13SvmPZzr2s/apM=
-16,21,TXNdwH/lKN5jc5Od5VjsHKIs48U=,n2d5jn4f3X2B13SvmPZzr2s/apM=
-16,19,TXNdwH/lKN5jc5Od5VjsHKIs48U=,n2d5jn4f3X2B13SvmPZzr2s/apM=
-16,22,TXNdwH/lKN5jc5Od5VjsHKIs48U=,n2d5jn4f3X2B13SvmPZzr2s/apM=
-16,20,TXNdwH/lKN5jc5Od5VjsHKIs48U=,n2d5jn4f3X2B13SvmPZzr2s/apM=
-16,26,TXNdwH/lKN5jc5Od5VjsHKIs48U=,zAiy0qBVgly+nlz9bh60tJcsXZE=
-16,23,TXNdwH/lKN5jc5Od5VjsHKIs48U=,n2d5jn4f3X2B13SvmPZzr2s/apM=
-16,25,TXNdwH/lKN5jc5Od5VjsHKIs48U=,zAiy0qBVgly+nlz9bh60tJcsXZE=
-16,24,TXNdwH/lKN5jc5Od5VjsHKIs48U=,zAiy0qBVgly+nlz9bh60tJcsXZE=
-1,31,TXNdwH/lKN5jc5Od5VjsHKIs48U=,Fzc22T8RBqlLV3SRgGuv0BDM/Ws=
-16,16,TXNdwH/lKN5jc5Od5VjsHKIs48U=,n2d5jn4f3X2B13SvmPZzr2s/apM=
-16,28,TXNdwH/lKN5jc5Od5VjsHKIs48U=,Fzc22T8RBqlLV3SRgGuv0BDM/Ws=
-16,30,TXNdwH/lKN5jc5Od5VjsHKIs48U=,Fzc22T8RBqlLV3SRgGuv0BDM/Ws=
-16,27,TXNdwH/lKN5jc5Od5VjsHKIs48U=,zAiy0qBVgly+nlz9bh60tJcsXZE=
-16,29,TXNdwH/lKN5jc5Od5VjsHKIs48U=,Fzc22T8RBqlLV3SRgGuv0BDM/Ws=
-15,31,TXNdwH/lKN5jc5Od5VjsHKIs48U=,Fzc22T8RBqlLV3SRgGuv0BDM/Ws=
-14,31,TXNdwH/lKN5jc5Od5VjsHKIs48U=,Fzc22T8RBqlLV3SRgGuv0BDM/Ws=
-16,31,TXNdwH/lKN5jc5Od5VjsHKIs48U=,Fzc22T8RBqlLV3SRgGuv0BDM/Ws=
-13,31,TXNdwH/lKN5jc5Od5VjsHKIs48U=,Fzc22T8RBqlLV3SRgGuv0BDM/Ws=
-9,31,TXNdwH/lKN5jc5Od5VjsHKIs48U=,Fzc22T8RBqlLV3SRgGuv0BDM/Ws=
-12,31,TXNdwH/lKN5jc5Od5VjsHKIs48U=,Fzc22T8RBqlLV3SRgGuv0BDM/Ws=
-8,31,TXNdwH/lKN5jc5Od5VjsHKIs48U=,Fzc22T8RBqlLV3SRgGuv0BDM/Ws=
-11,31,TXNdwH/lKN5jc5Od5VjsHKIs48U=,Fzc22T8RBqlLV3SRgGuv0BDM/Ws=
-10,31,TXNdwH/lKN5jc5Od5VjsHKIs48U=,Fzc22T8RBqlLV3SRgGuv0BDM/Ws=
-15,9,k9OOOLjqJ0uqEbfE2y0bxFsMQ9c=,n2d5jn4f3X2B13SvmPZzr2s/apM=
-14,9,k9OOOLjqJ0uqEbfE2y0bxFsMQ9c=,n2d5jn4f3X2B13SvmPZzr2s/apM=
-11,10,k9OOOLjqJ0uqEbfE2y0bxFsMQ9c=,n2d5jn4f3X2B13SvmPZzr2s/apM=
-15,12,k9OOOLjqJ0uqEbfE2y0bxFsMQ9c=,n2d5jn4f3X2B13SvmPZzr2s/apM=
-14,10,k9OOOLjqJ0uqEbfE2y0bxFsMQ9c=,n2d5jn4f3X2B13SvmPZzr2s/apM=
-15,10,k9OOOLjqJ0uqEbfE2y0bxFsMQ9c=,n2d5jn4f3X2B13SvmPZzr2s/apM=
-13,9,k9OOOLjqJ0uqEbfE2y0bxFsMQ9c=,n2d5jn4f3X2B13SvmPZzr2s/apM=
-12,11,k9OOOLjqJ0uqEbfE2y0bxFsMQ9c=,n2d5jn4f3X2B13SvmPZzr2s/apM=
-13,10,k9OOOLjqJ0uqEbfE2y0bxFsMQ9c=,n2d5jn4f3X2B13SvmPZzr2s/apM=
-12,10,k9OOOLjqJ0uqEbfE2y0bxFsMQ9c=,n2d5jn4f3X2B13SvmPZzr2s/apM=
-10,10,k9OOOLjqJ0uqEbfE2y0bxFsMQ9c=,n2d5jn4f3X2B13SvmPZzr2s/apM=
-14,11,k9OOOLjqJ0uqEbfE2y0bxFsMQ9c=,n2d5jn4f3X2B13SvmPZzr2s/apM=
-12,9,k9OOOLjqJ0uqEbfE2y0bxFsMQ9c=,n2d5jn4f3X2B13SvmPZzr2s/apM=
-10,9,k9OOOLjqJ0uqEbfE2y0bxFsMQ9c=,n2d5jn4f3X2B13SvmPZzr2s/apM=
-11,9,k9OOOLjqJ0uqEbfE2y0bxFsMQ9c=,n2d5jn4f3X2B13SvmPZzr2s/apM=
-15,14,k9OOOLjqJ0uqEbfE2y0bxFsMQ9c=,n2d5jn4f3X2B13SvmPZzr2s/apM=
-14,14,k9OOOLjqJ0uqEbfE2y0bxFsMQ9c=,n2d5jn4f3X2B13SvmPZzr2s/apM=
-14,13,k9OOOLjqJ0uqEbfE2y0bxFsMQ9c=,n2d5jn4f3X2B13SvmPZzr2s/apM=
-15,11,k9OOOLjqJ0uqEbfE2y0bxFsMQ9c=,n2d5jn4f3X2B13SvmPZzr2s/apM=
-10,14,k9OOOLjqJ0uqEbfE2y0bxFsMQ9c=,n2d5jn4f3X2B13SvmPZzr2s/apM=
-11,11,k9OOOLjqJ0uqEbfE2y0bxFsMQ9c=,n2d5jn4f3X2B13SvmPZzr2s/apM=
-14,12,k9OOOLjqJ0uqEbfE2y0bxFsMQ9c=,n2d5jn4f3X2B13SvmPZzr2s/apM=
-15,13,k9OOOLjqJ0uqEbfE2y0bxFsMQ9c=,n2d5jn4f3X2B13SvmPZzr2s/apM=
-13,13,k9OOOLjqJ0uqEbfE2y0bxFsMQ9c=,n2d5jn4f3X2B13SvmPZzr2s/apM=
-13,14,k9OOOLjqJ0uqEbfE2y0bxFsMQ9c=,n2d5jn4f3X2B13SvmPZzr2s/apM=
-12,14,k9OOOLjqJ0uqEbfE2y0bxFsMQ9c=,n2d5jn4f3X2B13SvmPZzr2s/apM=
-11,14,k9OOOLjqJ0uqEbfE2y0bxFsMQ9c=,n2d5jn4f3X2B13SvmPZzr2s/apM=
-13,11,k9OOOLjqJ0uqEbfE2y0bxFsMQ9c=,n2d5jn4f3X2B13SvmPZzr2s/apM=
-13,12,k9OOOLjqJ0uqEbfE2y0bxFsMQ9c=,n2d5jn4f3X2B13SvmPZzr2s/apM=
-10,13,k9OOOLjqJ0uqEbfE2y0bxFsMQ9c=,n2d5jn4f3X2B13SvmPZzr2s/apM=
-10,11,k9OOOLjqJ0uqEbfE2y0bxFsMQ9c=,n2d5jn4f3X2B13SvmPZzr2s/apM=
-11,13,k9OOOLjqJ0uqEbfE2y0bxFsMQ9c=,n2d5jn4f3X2B13SvmPZzr2s/apM=
-12,13,k9OOOLjqJ0uqEbfE2y0bxFsMQ9c=,n2d5jn4f3X2B13SvmPZzr2s/apM=
-10,12,k9OOOLjqJ0uqEbfE2y0bxFsMQ9c=,n2d5jn4f3X2B13SvmPZzr2s/apM=
-12,12,k9OOOLjqJ0uqEbfE2y0bxFsMQ9c=,n2d5jn4f3X2B13SvmPZzr2s/apM=
-11,12,k9OOOLjqJ0uqEbfE2y0bxFsMQ9c=,n2d5jn4f3X2B13SvmPZzr2s/apM=
-6,9,ousCC1CZKVEZAKWbUsrROAgcIFY=,n2d5jn4f3X2B13SvmPZzr2s/apM=
-9,9,ousCC1CZKVEZAKWbUsrROAgcIFY=,n2d5jn4f3X2B13SvmPZzr2s/apM=
-7,10,ousCC1CZKVEZAKWbUsrROAgcIFY=,n2d5jn4f3X2B13SvmPZzr2s/apM=
-9,10,ousCC1CZKVEZAKWbUsrROAgcIFY=,n2d5jn4f3X2B13SvmPZzr2s/apM=
-6,10,ousCC1CZKVEZAKWbUsrROAgcIFY=,n2d5jn4f3X2B13SvmPZzr2s/apM=
-7,9,ousCC1CZKVEZAKWbUsrROAgcIFY=,n2d5jn4f3X2B13SvmPZzr2s/apM=
-8,9,ousCC1CZKVEZAKWbUsrROAgcIFY=,n2d5jn4f3X2B13SvmPZzr2s/apM=
-8,10,ousCC1CZKVEZAKWbUsrROAgcIFY=,n2d5jn4f3X2B13SvmPZzr2s/apM=
-8,13,ousCC1CZKVEZAKWbUsrROAgcIFY=,n2d5jn4f3X2B13SvmPZzr2s/apM=
-9,14,ousCC1CZKVEZAKWbUsrROAgcIFY=,n2d5jn4f3X2B13SvmPZzr2s/apM=
-6,12,ousCC1CZKVEZAKWbUsrROAgcIFY=,n2d5jn4f3X2B13SvmPZzr2s/apM=
-3,10,ousCC1CZKVEZAKWbUsrROAgcIFY=,n2d5jn4f3X2B13SvmPZzr2s/apM=
-4,9,ousCC1CZKVEZAKWbUsrROAgcIFY=,n2d5jn4f3X2B13SvmPZzr2s/apM=
-5,9,ousCC1CZKVEZAKWbUsrROAgcIFY=,n2d5jn4f3X2B13SvmPZzr2s/apM=
-4,10,ousCC1CZKVEZAKWbUsrROAgcIFY=,n2d5jn4f3X2B13SvmPZzr2s/apM=
-5,10,ousCC1CZKVEZAKWbUsrROAgcIFY=,n2d5jn4f3X2B13SvmPZzr2s/apM=
-9,13,ousCC1CZKVEZAKWbUsrROAgcIFY=,n2d5jn4f3X2B13SvmPZzr2s/apM=
-2,10,ousCC1CZKVEZAKWbUsrROAgcIFY=,n2d5jn4f3X2B13SvmPZzr2s/apM=
-3,9,ousCC1CZKVEZAKWbUsrROAgcIFY=,n2d5jn4f3X2B13SvmPZzr2s/apM=
-7,12,ousCC1CZKVEZAKWbUsrROAgcIFY=,n2d5jn4f3X2B13SvmPZzr2s/apM=
-2,9,ousCC1CZKVEZAKWbUsrROAgcIFY=,n2d5jn4f3X2B13SvmPZzr2s/apM=
-8,12,ousCC1CZKVEZAKWbUsrROAgcIFY=,n2d5jn4f3X2B13SvmPZzr2s/apM=
-7,13,ousCC1CZKVEZAKWbUsrROAgcIFY=,n2d5jn4f3X2B13SvmPZzr2s/apM=
-9,11,ousCC1CZKVEZAKWbUsrROAgcIFY=,n2d5jn4f3X2B13SvmPZzr2s/apM=
-9,12,ousCC1CZKVEZAKWbUsrROAgcIFY=,n2d5jn4f3X2B13SvmPZzr2s/apM=
-6,11,ousCC1CZKVEZAKWbUsrROAgcIFY=,n2d5jn4f3X2B13SvmPZzr2s/apM=
-6,14,ousCC1CZKVEZAKWbUsrROAgcIFY=,n2d5jn4f3X2B13SvmPZzr2s/apM=
-7,11,ousCC1CZKVEZAKWbUsrROAgcIFY=,n2d5jn4f3X2B13SvmPZzr2s/apM=
-6,13,ousCC1CZKVEZAKWbUsrROAgcIFY=,n2d5jn4f3X2B13SvmPZzr2s/apM=
-5,12,ousCC1CZKVEZAKWbUsrROAgcIFY=,n2d5jn4f3X2B13SvmPZzr2s/apM=
-5,13,ousCC1CZKVEZAKWbUsrROAgcIFY=,n2d5jn4f3X2B13SvmPZzr2s/apM=
-2,12,ousCC1CZKVEZAKWbUsrROAgcIFY=,n2d5jn4f3X2B13SvmPZzr2s/apM=
-3,12,ousCC1CZKVEZAKWbUsrROAgcIFY=,n2d5jn4f3X2B13SvmPZzr2s/apM=
-5,11,ousCC1CZKVEZAKWbUsrROAgcIFY=,n2d5jn4f3X2B13SvmPZzr2s/apM=
-8,11,ousCC1CZKVEZAKWbUsrROAgcIFY=,n2d5jn4f3X2B13SvmPZzr2s/apM=
-2,14,ousCC1CZKVEZAKWbUsrROAgcIFY=,n2d5jn4f3X2B13SvmPZzr2s/apM=
-8,14,ousCC1CZKVEZAKWbUsrROAgcIFY=,n2d5jn4f3X2B13SvmPZzr2s/apM=
-4,12,ousCC1CZKVEZAKWbUsrROAgcIFY=,n2d5jn4f3X2B13SvmPZzr2s/apM=
-4,13,ousCC1CZKVEZAKWbUsrROAgcIFY=,n2d5jn4f3X2B13SvmPZzr2s/apM=
-3,14,ousCC1CZKVEZAKWbUsrROAgcIFY=,n2d5jn4f3X2B13SvmPZzr2s/apM=
-5,14,ousCC1CZKVEZAKWbUsrROAgcIFY=,n2d5jn4f3X2B13SvmPZzr2s/apM=
-3,11,ousCC1CZKVEZAKWbUsrROAgcIFY=,n2d5jn4f3X2B13SvmPZzr2s/apM=
-2,11,ousCC1CZKVEZAKWbUsrROAgcIFY=,n2d5jn4f3X2B13SvmPZzr2s/apM=
-7,14,ousCC1CZKVEZAKWbUsrROAgcIFY=,n2d5jn4f3X2B13SvmPZzr2s/apM=
-4,14,ousCC1CZKVEZAKWbUsrROAgcIFY=,n2d5jn4f3X2B13SvmPZzr2s/apM=
-4,11,ousCC1CZKVEZAKWbUsrROAgcIFY=,n2d5jn4f3X2B13SvmPZzr2s/apM=
-3,13,ousCC1CZKVEZAKWbUsrROAgcIFY=,n2d5jn4f3X2B13SvmPZzr2s/apM=
-2,13,ousCC1CZKVEZAKWbUsrROAgcIFY=,n2d5jn4f3X2B13SvmPZzr2s/apM=
-7,6,kH5x/xW4ikXXjrsL37LemaZIcfk=,n2d5jn4f3X2B13SvmPZzr2s/apM=
-7,7,kH5x/xW4ikXXjrsL37LemaZIcfk=,n2d5jn4f3X2B13SvmPZzr2s/apM=
-6,7,kH5x/xW4ikXXjrsL37LemaZIcfk=,n2d5jn4f3X2B13SvmPZzr2s/apM=
-6,6,kH5x/xW4ikXXjrsL37LemaZIcfk=,n2d5jn4f3X2B13SvmPZzr2s/apM=
-6,5,kH5x/xW4ikXXjrsL37LemaZIcfk=,n2d5jn4f3X2B13SvmPZzr2s/apM=
-7,5,kH5x/xW4ikXXjrsL37LemaZIcfk=,n2d5jn4f3X2B13SvmPZzr2s/apM=
-6,8,kH5x/xW4ikXXjrsL37LemaZIcfk=,n2d5jn4f3X2B13SvmPZzr2s/apM=
-7,8,kH5x/xW4ikXXjrsL37LemaZIcfk=,n2d5jn4f3X2B13SvmPZzr2s/apM=
-5,6,kH5x/xW4ikXXjrsL37LemaZIcfk=,n2d5jn4f3X2B13SvmPZzr2s/apM=
-5,5,kH5x/xW4ikXXjrsL37LemaZIcfk=,n2d5jn4f3X2B13SvmPZzr2s/apM=
-3,8,kH5x/xW4ikXXjrsL37LemaZIcfk=,n2d5jn4f3X2B13SvmPZzr2s/apM=
-2,8,kH5x/xW4ikXXjrsL37LemaZIcfk=,n2d5jn4f3X2B13SvmPZzr2s/apM=
-2,7,kH5x/xW4ikXXjrsL37LemaZIcfk=,n2d5jn4f3X2B13SvmPZzr2s/apM=
-4,6,kH5x/xW4ikXXjrsL37LemaZIcfk=,n2d5jn4f3X2B13SvmPZzr2s/apM=
-4,8,kH5x/xW4ikXXjrsL37LemaZIcfk=,n2d5jn4f3X2B13SvmPZzr2s/apM=
-3,6,kH5x/xW4ikXXjrsL37LemaZIcfk=,n2d5jn4f3X2B13SvmPZzr2s/apM=
-2,6,kH5x/xW4ikXXjrsL37LemaZIcfk=,n2d5jn4f3X2B13SvmPZzr2s/apM=
-2,5,kH5x/xW4ikXXjrsL37LemaZIcfk=,n2d5jn4f3X2B13SvmPZzr2s/apM=
-5,7,kH5x/xW4ikXXjrsL37LemaZIcfk=,n2d5jn4f3X2B13SvmPZzr2s/apM=
-3,7,kH5x/xW4ikXXjrsL37LemaZIcfk=,n2d5jn4f3X2B13SvmPZzr2s/apM=
-4,7,kH5x/xW4ikXXjrsL37LemaZIcfk=,n2d5jn4f3X2B13SvmPZzr2s/apM=
-5,8,kH5x/xW4ikXXjrsL37LemaZIcfk=,n2d5jn4f3X2B13SvmPZzr2s/apM=
-4,5,kH5x/xW4ikXXjrsL37LemaZIcfk=,n2d5jn4f3X2B13SvmPZzr2s/apM=
-3,5,kH5x/xW4ikXXjrsL37LemaZIcfk=,n2d5jn4f3X2B13SvmPZzr2s/apM=
-3,3,kH5x/xW4ikXXjrsL37LemaZIcfk=,J5gnx8iuKMo92buzn3zWaqdjbnM=
-2,3,kH5x/xW4ikXXjrsL37LemaZIcfk=,J5gnx8iuKMo92buzn3zWaqdjbnM=
-2,2,kH5x/xW4ikXXjrsL37LemaZIcfk=,J5gnx8iuKMo92buzn3zWaqdjbnM=
-3,1,kH5x/xW4ikXXjrsL37LemaZIcfk=,J5gnx8iuKMo92buzn3zWaqdjbnM=
-3,2,kH5x/xW4ikXXjrsL37LemaZIcfk=,J5gnx8iuKMo92buzn3zWaqdjbnM=
-2,1,kH5x/xW4ikXXjrsL37LemaZIcfk=,J5gnx8iuKMo92buzn3zWaqdjbnM=
-3,4,kH5x/xW4ikXXjrsL37LemaZIcfk=,n2d5jn4f3X2B13SvmPZzr2s/apM=
-2,4,kH5x/xW4ikXXjrsL37LemaZIcfk=,n2d5jn4f3X2B13SvmPZzr2s/apM=
-7,3,kH5x/xW4ikXXjrsL37LemaZIcfk=,n2d5jn4f3X2B13SvmPZzr2s/apM=
-5,2,kH5x/xW4ikXXjrsL37LemaZIcfk=,n2d5jn4f3X2B13SvmPZzr2s/apM=
-6,2,kH5x/xW4ikXXjrsL37LemaZIcfk=,n2d5jn4f3X2B13SvmPZzr2s/apM=
-5,1,kH5x/xW4ikXXjrsL37LemaZIcfk=,n2d5jn4f3X2B13SvmPZzr2s/apM=
-6,4,kH5x/xW4ikXXjrsL37LemaZIcfk=,n2d5jn4f3X2B13SvmPZzr2s/apM=
-4,2,kH5x/xW4ikXXjrsL37LemaZIcfk=,J5gnx8iuKMo92buzn3zWaqdjbnM=
-7,2,kH5x/xW4ikXXjrsL37LemaZIcfk=,n2d5jn4f3X2B13SvmPZzr2s/apM=
-4,4,kH5x/xW4ikXXjrsL37LemaZIcfk=,n2d5jn4f3X2B13SvmPZzr2s/apM=
-7,4,kH5x/xW4ikXXjrsL37LemaZIcfk=,n2d5jn4f3X2B13SvmPZzr2s/apM=
-5,4,kH5x/xW4ikXXjrsL37LemaZIcfk=,n2d5jn4f3X2B13SvmPZzr2s/apM=
-6,3,kH5x/xW4ikXXjrsL37LemaZIcfk=,n2d5jn4f3X2B13SvmPZzr2s/apM=
-4,1,kH5x/xW4ikXXjrsL37LemaZIcfk=,J5gnx8iuKMo92buzn3zWaqdjbnM=
-6,1,kH5x/xW4ikXXjrsL37LemaZIcfk=,n2d5jn4f3X2B13SvmPZzr2s/apM=
-7,1,kH5x/xW4ikXXjrsL37LemaZIcfk=,n2d5jn4f3X2B13SvmPZzr2s/apM=
-5,3,kH5x/xW4ikXXjrsL37LemaZIcfk=,n2d5jn4f3X2B13SvmPZzr2s/apM=
-4,3,kH5x/xW4ikXXjrsL37LemaZIcfk=,J5gnx8iuKMo92buzn3zWaqdjbnM=
-9,5,n1nABbOw2zzkLGYrlwFZmwLMsSQ=,n2d5jn4f3X2B13SvmPZzr2s/apM=
-8,6,n1nABbOw2zzkLGYrlwFZmwLMsSQ=,n2d5jn4f3X2B13SvmPZzr2s/apM=
-11,6,n1nABbOw2zzkLGYrlwFZmwLMsSQ=,n2d5jn4f3X2B13SvmPZzr2s/apM=
-9,8,n1nABbOw2zzkLGYrlwFZmwLMsSQ=,n2d5jn4f3X2B13SvmPZzr2s/apM=
-10,5,n1nABbOw2zzkLGYrlwFZmwLMsSQ=,n2d5jn4f3X2B13SvmPZzr2s/apM=
-10,6,n1nABbOw2zzkLGYrlwFZmwLMsSQ=,n2d5jn4f3X2B13SvmPZzr2s/apM=
-11,5,n1nABbOw2zzkLGYrlwFZmwLMsSQ=,n2d5jn4f3X2B13SvmPZzr2s/apM=
-9,6,n1nABbOw2zzkLGYrlwFZmwLMsSQ=,n2d5jn4f3X2B13SvmPZzr2s/apM=
-10,8,n1nABbOw2zzkLGYrlwFZmwLMsSQ=,n2d5jn4f3X2B13SvmPZzr2s/apM=
-8,5,n1nABbOw2zzkLGYrlwFZmwLMsSQ=,n2d5jn4f3X2B13SvmPZzr2s/apM=
-11,7,n1nABbOw2zzkLGYrlwFZmwLMsSQ=,n2d5jn4f3X2B13SvmPZzr2s/apM=
-10,7,n1nABbOw2zzkLGYrlwFZmwLMsSQ=,n2d5jn4f3X2B13SvmPZzr2s/apM=
-8,8,n1nABbOw2zzkLGYrlwFZmwLMsSQ=,n2d5jn4f3X2B13SvmPZzr2s/apM=
-8,7,n1nABbOw2zzkLGYrlwFZmwLMsSQ=,n2d5jn4f3X2B13SvmPZzr2s/apM=
-9,7,n1nABbOw2zzkLGYrlwFZmwLMsSQ=,n2d5jn4f3X2B13SvmPZzr2s/apM=
-11,8,n1nABbOw2zzkLGYrlwFZmwLMsSQ=,n2d5jn4f3X2B13SvmPZzr2s/apM=
-8,3,n1nABbOw2zzkLGYrlwFZmwLMsSQ=,n2d5jn4f3X2B13SvmPZzr2s/apM=
-11,2,n1nABbOw2zzkLGYrlwFZmwLMsSQ=,n2d5jn4f3X2B13SvmPZzr2s/apM=
-10,2,n1nABbOw2zzkLGYrlwFZmwLMsSQ=,n2d5jn4f3X2B13SvmPZzr2s/apM=
-10,1,n1nABbOw2zzkLGYrlwFZmwLMsSQ=,n2d5jn4f3X2B13SvmPZzr2s/apM=
-9,1,n1nABbOw2zzkLGYrlwFZmwLMsSQ=,n2d5jn4f3X2B13SvmPZzr2s/apM=
-9,2,n1nABbOw2zzkLGYrlwFZmwLMsSQ=,n2d5jn4f3X2B13SvmPZzr2s/apM=
-9,4,n1nABbOw2zzkLGYrlwFZmwLMsSQ=,n2d5jn4f3X2B13SvmPZzr2s/apM=
-11,1,n1nABbOw2zzkLGYrlwFZmwLMsSQ=,n2d5jn4f3X2B13SvmPZzr2s/apM=
-8,2,n1nABbOw2zzkLGYrlwFZmwLMsSQ=,n2d5jn4f3X2B13SvmPZzr2s/apM=
-10,4,n1nABbOw2zzkLGYrlwFZmwLMsSQ=,n2d5jn4f3X2B13SvmPZzr2s/apM=
-8,1,n1nABbOw2zzkLGYrlwFZmwLMsSQ=,n2d5jn4f3X2B13SvmPZzr2s/apM=
-9,3,n1nABbOw2zzkLGYrlwFZmwLMsSQ=,n2d5jn4f3X2B13SvmPZzr2s/apM=
-11,4,n1nABbOw2zzkLGYrlwFZmwLMsSQ=,n2d5jn4f3X2B13SvmPZzr2s/apM=
-8,4,n1nABbOw2zzkLGYrlwFZmwLMsSQ=,n2d5jn4f3X2B13SvmPZzr2s/apM=
-11,3,n1nABbOw2zzkLGYrlwFZmwLMsSQ=,n2d5jn4f3X2B13SvmPZzr2s/apM=
-10,3,n1nABbOw2zzkLGYrlwFZmwLMsSQ=,n2d5jn4f3X2B13SvmPZzr2s/apM=
-13,8,n1nABbOw2zzkLGYrlwFZmwLMsSQ=,n2d5jn4f3X2B13SvmPZzr2s/apM=
-15,8,n1nABbOw2zzkLGYrlwFZmwLMsSQ=,n2d5jn4f3X2B13SvmPZzr2s/apM=
-12,6,n1nABbOw2zzkLGYrlwFZmwLMsSQ=,n2d5jn4f3X2B13SvmPZzr2s/apM=
-15,5,n1nABbOw2zzkLGYrlwFZmwLMsSQ=,n2d5jn4f3X2B13SvmPZzr2s/apM=
-15,7,n1nABbOw2zzkLGYrlwFZmwLMsSQ=,n2d5jn4f3X2B13SvmPZzr2s/apM=
-15,6,n1nABbOw2zzkLGYrlwFZmwLMsSQ=,n2d5jn4f3X2B13SvmPZzr2s/apM=
-13,7,n1nABbOw2zzkLGYrlwFZmwLMsSQ=,n2d5jn4f3X2B13SvmPZzr2s/apM=
-13,5,n1nABbOw2zzkLGYrlwFZmwLMsSQ=,n2d5jn4f3X2B13SvmPZzr2s/apM=
-14,5,n1nABbOw2zzkLGYrlwFZmwLMsSQ=,n2d5jn4f3X2B13SvmPZzr2s/apM=
-14,8,n1nABbOw2zzkLGYrlwFZmwLMsSQ=,n2d5jn4f3X2B13SvmPZzr2s/apM=
-12,5,n1nABbOw2zzkLGYrlwFZmwLMsSQ=,n2d5jn4f3X2B13SvmPZzr2s/apM=
-14,7,n1nABbOw2zzkLGYrlwFZmwLMsSQ=,n2d5jn4f3X2B13SvmPZzr2s/apM=
-14,6,n1nABbOw2zzkLGYrlwFZmwLMsSQ=,n2d5jn4f3X2B13SvmPZzr2s/apM=
-12,8,n1nABbOw2zzkLGYrlwFZmwLMsSQ=,n2d5jn4f3X2B13SvmPZzr2s/apM=
-13,6,n1nABbOw2zzkLGYrlwFZmwLMsSQ=,n2d5jn4f3X2B13SvmPZzr2s/apM=
-13,1,n1nABbOw2zzkLGYrlwFZmwLMsSQ=,n2d5jn4f3X2B13SvmPZzr2s/apM=
-13,3,n1nABbOw2zzkLGYrlwFZmwLMsSQ=,n2d5jn4f3X2B13SvmPZzr2s/apM=
-14,3,n1nABbOw2zzkLGYrlwFZmwLMsSQ=,n2d5jn4f3X2B13SvmPZzr2s/apM=
-14,2,n1nABbOw2zzkLGYrlwFZmwLMsSQ=,n2d5jn4f3X2B13SvmPZzr2s/apM=
-12,7,n1nABbOw2zzkLGYrlwFZmwLMsSQ=,n2d5jn4f3X2B13SvmPZzr2s/apM=
-15,4,n1nABbOw2zzkLGYrlwFZmwLMsSQ=,n2d5jn4f3X2B13SvmPZzr2s/apM=
-14,4,n1nABbOw2zzkLGYrlwFZmwLMsSQ=,n2d5jn4f3X2B13SvmPZzr2s/apM=
-13,4,n1nABbOw2zzkLGYrlwFZmwLMsSQ=,n2d5jn4f3X2B13SvmPZzr2s/apM=
-15,2,n1nABbOw2zzkLGYrlwFZmwLMsSQ=,n2d5jn4f3X2B13SvmPZzr2s/apM=
-15,3,n1nABbOw2zzkLGYrlwFZmwLMsSQ=,n2d5jn4f3X2B13SvmPZzr2s/apM=
-12,1,n1nABbOw2zzkLGYrlwFZmwLMsSQ=,n2d5jn4f3X2B13SvmPZzr2s/apM=
-12,2,n1nABbOw2zzkLGYrlwFZmwLMsSQ=,n2d5jn4f3X2B13SvmPZzr2s/apM=
-12,3,n1nABbOw2zzkLGYrlwFZmwLMsSQ=,n2d5jn4f3X2B13SvmPZzr2s/apM=
-12,4,n1nABbOw2zzkLGYrlwFZmwLMsSQ=,n2d5jn4f3X2B13SvmPZzr2s/apM=
-15,1,n1nABbOw2zzkLGYrlwFZmwLMsSQ=,n2d5jn4f3X2B13SvmPZzr2s/apM=
-14,1,n1nABbOw2zzkLGYrlwFZmwLMsSQ=,n2d5jn4f3X2B13SvmPZzr2s/apM=
-13,2,n1nABbOw2zzkLGYrlwFZmwLMsSQ=,n2d5jn4f3X2B13SvmPZzr2s/apM=
-11,0,n1nABbOw2zzkLGYrlwFZmwLMsSQ=,n2d5jn4f3X2B13SvmPZzr2s/apM=
-10,0,n1nABbOw2zzkLGYrlwFZmwLMsSQ=,n2d5jn4f3X2B13SvmPZzr2s/apM=
-16,6,n1nABbOw2zzkLGYrlwFZmwLMsSQ=,n2d5jn4f3X2B13SvmPZzr2s/apM=
-16,5,n1nABbOw2zzkLGYrlwFZmwLMsSQ=,n2d5jn4f3X2B13SvmPZzr2s/apM=
-16,4,n1nABbOw2zzkLGYrlwFZmwLMsSQ=,n2d5jn4f3X2B13SvmPZzr2s/apM=
-16,3,n1nABbOw2zzkLGYrlwFZmwLMsSQ=,n2d5jn4f3X2B13SvmPZzr2s/apM=
-16,2,n1nABbOw2zzkLGYrlwFZmwLMsSQ=,n2d5jn4f3X2B13SvmPZzr2s/apM=
-16,1,n1nABbOw2zzkLGYrlwFZmwLMsSQ=,n2d5jn4f3X2B13SvmPZzr2s/apM=
-12,0,n1nABbOw2zzkLGYrlwFZmwLMsSQ=,n2d5jn4f3X2B13SvmPZzr2s/apM=
-14,0,n1nABbOw2zzkLGYrlwFZmwLMsSQ=,n2d5jn4f3X2B13SvmPZzr2s/apM=
-13,0,n1nABbOw2zzkLGYrlwFZmwLMsSQ=,n2d5jn4f3X2B13SvmPZzr2s/apM=
-7,0,n1nABbOw2zzkLGYrlwFZmwLMsSQ=,n2d5jn4f3X2B13SvmPZzr2s/apM=
-6,0,n1nABbOw2zzkLGYrlwFZmwLMsSQ=,n2d5jn4f3X2B13SvmPZzr2s/apM=
-9,0,n1nABbOw2zzkLGYrlwFZmwLMsSQ=,n2d5jn4f3X2B13SvmPZzr2s/apM=
-15,0,n1nABbOw2zzkLGYrlwFZmwLMsSQ=,n2d5jn4f3X2B13SvmPZzr2s/apM=
-8,0,n1nABbOw2zzkLGYrlwFZmwLMsSQ=,n2d5jn4f3X2B13SvmPZzr2s/apM=
-2,0,n1nABbOw2zzkLGYrlwFZmwLMsSQ=,J5gnx8iuKMo92buzn3zWaqdjbnM=
-4,0,n1nABbOw2zzkLGYrlwFZmwLMsSQ=,J5gnx8iuKMo92buzn3zWaqdjbnM=
-5,0,n1nABbOw2zzkLGYrlwFZmwLMsSQ=,n2d5jn4f3X2B13SvmPZzr2s/apM=
-3,0,n1nABbOw2zzkLGYrlwFZmwLMsSQ=,J5gnx8iuKMo92buzn3zWaqdjbnM=
-1,2,n1nABbOw2zzkLGYrlwFZmwLMsSQ=,J5gnx8iuKMo92buzn3zWaqdjbnM=
-1,1,n1nABbOw2zzkLGYrlwFZmwLMsSQ=,J5gnx8iuKMo92buzn3zWaqdjbnM=
-1,0,n1nABbOw2zzkLGYrlwFZmwLMsSQ=,J5gnx8iuKMo92buzn3zWaqdjbnM=
-1,5,n1nABbOw2zzkLGYrlwFZmwLMsSQ=,n2d5jn4f3X2B13SvmPZzr2s/apM=
-1,6,n1nABbOw2zzkLGYrlwFZmwLMsSQ=,n2d5jn4f3X2B13SvmPZzr2s/apM=
-1,4,n1nABbOw2zzkLGYrlwFZmwLMsSQ=,n2d5jn4f3X2B13SvmPZzr2s/apM=
-1,3,n1nABbOw2zzkLGYrlwFZmwLMsSQ=,J5gnx8iuKMo92buzn3zWaqdjbnM=
-1,9,n1nABbOw2zzkLGYrlwFZmwLMsSQ=,n2d5jn4f3X2B13SvmPZzr2s/apM=
-1,7,n1nABbOw2zzkLGYrlwFZmwLMsSQ=,n2d5jn4f3X2B13SvmPZzr2s/apM=
-1,8,n1nABbOw2zzkLGYrlwFZmwLMsSQ=,n2d5jn4f3X2B13SvmPZzr2s/apM=
-1,10,n1nABbOw2zzkLGYrlwFZmwLMsSQ=,n2d5jn4f3X2B13SvmPZzr2s/apM=
-1,12,n1nABbOw2zzkLGYrlwFZmwLMsSQ=,n2d5jn4f3X2B13SvmPZzr2s/apM=
-1,11,n1nABbOw2zzkLGYrlwFZmwLMsSQ=,n2d5jn4f3X2B13SvmPZzr2s/apM=
-1,14,n1nABbOw2zzkLGYrlwFZmwLMsSQ=,n2d5jn4f3X2B13SvmPZzr2s/apM=
-1,13,n1nABbOw2zzkLGYrlwFZmwLMsSQ=,n2d5jn4f3X2B13SvmPZzr2s/apM=
-3,15,n1nABbOw2zzkLGYrlwFZmwLMsSQ=,n2d5jn4f3X2B13SvmPZzr2s/apM=
-2,15,n1nABbOw2zzkLGYrlwFZmwLMsSQ=,n2d5jn4f3X2B13SvmPZzr2s/apM=
-7,15,n1nABbOw2zzkLGYrlwFZmwLMsSQ=,n2d5jn4f3X2B13SvmPZzr2s/apM=
-5,15,n1nABbOw2zzkLGYrlwFZmwLMsSQ=,n2d5jn4f3X2B13SvmPZzr2s/apM=
-6,15,n1nABbOw2zzkLGYrlwFZmwLMsSQ=,n2d5jn4f3X2B13SvmPZzr2s/apM=
-4,15,n1nABbOw2zzkLGYrlwFZmwLMsSQ=,n2d5jn4f3X2B13SvmPZzr2s/apM=
-8,15,n1nABbOw2zzkLGYrlwFZmwLMsSQ=,n2d5jn4f3X2B13SvmPZzr2s/apM=
-11,15,n1nABbOw2zzkLGYrlwFZmwLMsSQ=,n2d5jn4f3X2B13SvmPZzr2s/apM=
-9,15,n1nABbOw2zzkLGYrlwFZmwLMsSQ=,n2d5jn4f3X2B13SvmPZzr2s/apM=
-10,15,n1nABbOw2zzkLGYrlwFZmwLMsSQ=,n2d5jn4f3X2B13SvmPZzr2s/apM=
-1,15,n1nABbOw2zzkLGYrlwFZmwLMsSQ=,n2d5jn4f3X2B13SvmPZzr2s/apM=
-16,0,n1nABbOw2zzkLGYrlwFZmwLMsSQ=,n2d5jn4f3X2B13SvmPZzr2s/apM=
-13,15,n1nABbOw2zzkLGYrlwFZmwLMsSQ=,n2d5jn4f3X2B13SvmPZzr2s/apM=
-12,15,n1nABbOw2zzkLGYrlwFZmwLMsSQ=,n2d5jn4f3X2B13SvmPZzr2s/apM=
-14,15,n1nABbOw2zzkLGYrlwFZmwLMsSQ=,n2d5jn4f3X2B13SvmPZzr2s/apM=
-15,15,n1nABbOw2zzkLGYrlwFZmwLMsSQ=,n2d5jn4f3X2B13SvmPZzr2s/apM=
-16,15,n1nABbOw2zzkLGYrlwFZmwLMsSQ=,n2d5jn4f3X2B13SvmPZzr2s/apM=
-16,14,n1nABbOw2zzkLGYrlwFZmwLMsSQ=,n2d5jn4f3X2B13SvmPZzr2s/apM=
-16,12,n1nABbOw2zzkLGYrlwFZmwLMsSQ=,n2d5jn4f3X2B13SvmPZzr2s/apM=
-16,13,n1nABbOw2zzkLGYrlwFZmwLMsSQ=,n2d5jn4f3X2B13SvmPZzr2s/apM=
-16,8,n1nABbOw2zzkLGYrlwFZmwLMsSQ=,n2d5jn4f3X2B13SvmPZzr2s/apM=
-16,9,n1nABbOw2zzkLGYrlwFZmwLMsSQ=,n2d5jn4f3X2B13SvmPZzr2s/apM=
-16,7,n1nABbOw2zzkLGYrlwFZmwLMsSQ=,n2d5jn4f3X2B13SvmPZzr2s/apM=
-16,11,n1nABbOw2zzkLGYrlwFZmwLMsSQ=,n2d5jn4f3X2B13SvmPZzr2s/apM=
-16,10,n1nABbOw2zzkLGYrlwFZmwLMsSQ=,n2d5jn4f3X2B13SvmPZzr2s/apM=
