49,-34,VjJ1YAikSInkY/LgHF30KKVQQ0o=,XzjSNH/gGvxJuQFm28dDJ4PG+qU=
50,-34,VjJ1YAikSInkY/LgHF30KKVQQ0o=,XzjSNH/gGvxJuQFm28dDJ4PG+qU=
49,-35,VjJ1YAikSInkY/LgHF30KKVQQ0o=,XzjSNH/gGvxJuQFm28dDJ4PG+qU=
50,-35,VjJ1YAikSInkY/LgHF30KKVQQ0o=,XzjSNH/gGvxJuQFm28dDJ4PG+qU=
51,-35,VjJ1YAikSInkY/LgHF30KKVQQ0o=,XzjSNH/gGvxJuQFm28dDJ4PG+qU=
54,-34,VjJ1YAikSInkY/LgHF30KKVQQ0o=,BS7td1PT6sCAGGpOeRjsN/tJdsY=
52,-35,VjJ1YAikSInkY/LgHF30KKVQQ0o=,BS7td1PT6sCAGGpOeRjsN/tJdsY=
51,-34,VjJ1YAikSInkY/LgHF30KKVQQ0o=,XzjSNH/gGvxJuQFm28dDJ4PG+qU=
53,-34,VjJ1YAikSInkY/LgHF30KKVQQ0o=,BS7td1PT6sCAGGpOeRjsN/tJdsY=
49,-37,VjJ1YAikSInkY/LgHF30KKVQQ0o=,XzjSNH/gGvxJuQFm28dDJ4PG+qU=
52,-34,VjJ1YAikSInkY/LgHF30KKVQQ0o=,BS7td1PT6sCAGGpOeRjsN/tJdsY=
54,-35,VjJ1YAikSInkY/LgHF30KKVQQ0o=,BS7td1PT6sCAGGpOeRjsN/tJdsY=
50,-36,VjJ1YAikSInkY/LgHF30KKVQQ0o=,XzjSNH/gGvxJuQFm28dDJ4PG+qU=
50,-38,VjJ1YAikSInkY/LgHF30KKVQQ0o=,XzjSNH/gGvxJuQFm28dDJ4PG+qU=
49,-36,VjJ1YAikSInkY/LgHF30KKVQQ0o=,XzjSNH/gGvxJuQFm28dDJ4PG+qU=
50,-39,VjJ1YAikSInkY/LgHF30KKVQQ0o=,XzjSNH/gGvxJuQFm28dDJ4PG+qU=
52,-36,VjJ1YAikSInkY/LgHF30KKVQQ0o=,BS7td1PT6sCAGGpOeRjsN/tJdsY=
53,-35,VjJ1YAikSInkY/LgHF30KKVQQ0o=,BS7td1PT6sCAGGpOeRjsN/tJdsY=
50,-37,VjJ1YAikSInkY/LgHF30KKVQQ0o=,XzjSNH/gGvxJuQFm28dDJ4PG+qU=
49,-38,VjJ1YAikSInkY/LgHF30KKVQQ0o=,XzjSNH/gGvxJuQFm28dDJ4PG+qU=
49,-39,VjJ1YAikSInkY/LgHF30KKVQQ0o=,XzjSNH/gGvxJuQFm28dDJ4PG+qU=
51,-38,VjJ1YAikSInkY/LgHF30KKVQQ0o=,XzjSNH/gGvxJuQFm28dDJ4PG+qU=
54,-38,VjJ1YAikSInkY/LgHF30KKVQQ0o=,Y4SbGhXX5hv8iwlqrRQh8TGB+aA=
51,-36,VjJ1YAikSInkY/LgHF30KKVQQ0o=,XzjSNH/gGvxJuQFm28dDJ4PG+qU=
53,-39,VjJ1YAikSInkY/LgHF30KKVQQ0o=,Y4SbGhXX5hv8iwlqrRQh8TGB+aA=
54,-39,VjJ1YAikSInkY/LgHF30KKVQQ0o=,Y4SbGhXX5hv8iwlqrRQh8TGB+aA=
53,-38,VjJ1YAikSInkY/LgHF30KKVQQ0o=,Y4SbGhXX5hv8iwlqrRQh8TGB+aA=
52,-38,VjJ1YAikSInkY/LgHF30KKVQQ0o=,Y4SbGhXX5hv8iwlqrRQh8TGB+aA=
51,-37,VjJ1YAikSInkY/LgHF30KKVQQ0o=,XzjSNH/gGvxJuQFm28dDJ4PG+qU=
54,-37,VjJ1YAikSInkY/LgHF30KKVQQ0o=,Y4SbGhXX5hv8iwlqrRQh8TGB+aA=
51,-39,VjJ1YAikSInkY/LgHF30KKVQQ0o=,XzjSNH/gGvxJuQFm28dDJ4PG+qU=
52,-39,VjJ1YAikSInkY/LgHF30KKVQQ0o=,Y4SbGhXX5hv8iwlqrRQh8TGB+aA=
53,-37,VjJ1YAikSInkY/LgHF30KKVQQ0o=,Y4SbGhXX5hv8iwlqrRQh8TGB+aA=
53,-36,VjJ1YAikSInkY/LgHF30KKVQQ0o=,BS7td1PT6sCAGGpOeRjsN/tJdsY=
54,-36,VjJ1YAikSInkY/LgHF30KKVQQ0o=,BS7td1PT6sCAGGpOeRjsN/tJdsY=
52,-37,VjJ1YAikSInkY/LgHF30KKVQQ0o=,Y4SbGhXX5hv8iwlqrRQh8TGB+aA=
54,-43,k1dVx8GHA97MwjO8tDbGRNltKKQ=,HPRufkSvUHAFuLIlhLQzBmm5Ydg=
53,-42,k1dVx8GHA97MwjO8tDbGRNltKKQ=,HPRufkSvUHAFuLIlhLQzBmm5Ydg=
54,-42,k1dVx8GHA97MwjO8tDbGRNltKKQ=,HPRufkSvUHAFuLIlhLQzBmm5Ydg=
54,-40,k1dVx8GHA97MwjO8tDbGRNltKKQ=,Y4SbGhXX5hv8iwlqrRQh8TGB+aA=
53,-41,k1dVx8GHA97MwjO8tDbGRNltKKQ=,HPRufkSvUHAFuLIlhLQzBmm5Ydg=
52,-41,k1dVx8GHA97MwjO8tDbGRNltKKQ=,HPRufkSvUHAFuLIlhLQzBmm5Ydg=
53,-40,k1dVx8GHA97MwjO8tDbGRNltKKQ=,Y4SbGhXX5hv8iwlqrRQh8TGB+aA=
50,-42,k1dVx8GHA97MwjO8tDbGRNltKKQ=,XzjSNH/gGvxJuQFm28dDJ4PG+qU=
51,-40,k1dVx8GHA97MwjO8tDbGRNltKKQ=,XzjSNH/gGvxJuQFm28dDJ4PG+qU=
51,-42,k1dVx8GHA97MwjO8tDbGRNltKKQ=,XzjSNH/gGvxJuQFm28dDJ4PG+qU=
52,-42,k1dVx8GHA97MwjO8tDbGRNltKKQ=,HPRufkSvUHAFuLIlhLQzBmm5Ydg=
53,-43,k1dVx8GHA97MwjO8tDbGRNltKKQ=,HPRufkSvUHAFuLIlhLQzBmm5Ydg=
54,-41,k1dVx8GHA97MwjO8tDbGRNltKKQ=,HPRufkSvUHAFuLIlhLQzBmm5Ydg=
50,-40,k1dVx8GHA97MwjO8tDbGRNltKKQ=,XzjSNH/gGvxJuQFm28dDJ4PG+qU=
51,-43,k1dVx8GHA97MwjO8tDbGRNltKKQ=,XzjSNH/gGvxJuQFm28dDJ4PG+qU=
49,-40,k1dVx8GHA97MwjO8tDbGRNltKKQ=,XzjSNH/gGvxJuQFm28dDJ4PG+qU=
49,-42,k1dVx8GHA97MwjO8tDbGRNltKKQ=,XzjSNH/gGvxJuQFm28dDJ4PG+qU=
49,-43,k1dVx8GHA97MwjO8tDbGRNltKKQ=,XzjSNH/gGvxJuQFm28dDJ4PG+qU=
52,-43,k1dVx8GHA97MwjO8tDbGRNltKKQ=,HPRufkSvUHAFuLIlhLQzBmm5Ydg=
52,-40,k1dVx8GHA97MwjO8tDbGRNltKKQ=,Y4SbGhXX5hv8iwlqrRQh8TGB+aA=
50,-43,k1dVx8GHA97MwjO8tDbGRNltKKQ=,XzjSNH/gGvxJuQFm28dDJ4PG+qU=
50,-41,k1dVx8GHA97MwjO8tDbGRNltKKQ=,XzjSNH/gGvxJuQFm28dDJ4PG+qU=
51,-41,k1dVx8GHA97MwjO8tDbGRNltKKQ=,XzjSNH/gGvxJuQFm28dDJ4PG+qU=
49,-41,k1dVx8GHA97MwjO8tDbGRNltKKQ=,XzjSNH/gGvxJuQFm28dDJ4PG+qU=
54,-45,k1dVx8GHA97MwjO8tDbGRNltKKQ=,bI5hqGWt50wnsaOlBgSMvsPELfY=
53,-44,k1dVx8GHA97MwjO8tDbGRNltKKQ=,HPRufkSvUHAFuLIlhLQzBmm5Ydg=
54,-44,k1dVx8GHA97MwjO8tDbGRNltKKQ=,HPRufkSvUHAFuLIlhLQzBmm5Ydg=
53,-47,k1dVx8GHA97MwjO8tDbGRNltKKQ=,bI5hqGWt50wnsaOlBgSMvsPELfY=
53,-46,k1dVx8GHA97MwjO8tDbGRNltKKQ=,bI5hqGWt50wnsaOlBgSMvsPELfY=
53,-45,k1dVx8GHA97MwjO8tDbGRNltKKQ=,bI5hqGWt50wnsaOlBgSMvsPELfY=
54,-47,k1dVx8GHA97MwjO8tDbGRNltKKQ=,bI5hqGWt50wnsaOlBgSMvsPELfY=
54,-46,k1dVx8GHA97MwjO8tDbGRNltKKQ=,bI5hqGWt50wnsaOlBgSMvsPELfY=
52,-45,k1dVx8GHA97MwjO8tDbGRNltKKQ=,bI5hqGWt50wnsaOlBgSMvsPELfY=
49,-45,k1dVx8GHA97MwjO8tDbGRNltKKQ=,XzjSNH/gGvxJuQFm28dDJ4PG+qU=
51,-46,k1dVx8GHA97MwjO8tDbGRNltKKQ=,XzjSNH/gGvxJuQFm28dDJ4PG+qU=
51,-44,k1dVx8GHA97MwjO8tDbGRNltKKQ=,XzjSNH/gGvxJuQFm28dDJ4PG+qU=
50,-46,k1dVx8GHA97MwjO8tDbGRNltKKQ=,XzjSNH/gGvxJuQFm28dDJ4PG+qU=
52,-46,k1dVx8GHA97MwjO8tDbGRNltKKQ=,bI5hqGWt50wnsaOlBgSMvsPELfY=
51,-45,k1dVx8GHA97MwjO8tDbGRNltKKQ=,XzjSNH/gGvxJuQFm28dDJ4PG+qU=
49,-46,k1dVx8GHA97MwjO8tDbGRNltKKQ=,XzjSNH/gGvxJuQFm28dDJ4PG+qU=
52,-44,k1dVx8GHA97MwjO8tDbGRNltKKQ=,HPRufkSvUHAFuLIlhLQzBmm5Ydg=
50,-45,k1dVx8GHA97MwjO8tDbGRNltKKQ=,XzjSNH/gGvxJuQFm28dDJ4PG+qU=
50,-44,k1dVx8GHA97MwjO8tDbGRNltKKQ=,XzjSNH/gGvxJuQFm28dDJ4PG+qU=
49,-44,k1dVx8GHA97MwjO8tDbGRNltKKQ=,XzjSNH/gGvxJuQFm28dDJ4PG+qU=
51,-47,k1dVx8GHA97MwjO8tDbGRNltKKQ=,XzjSNH/gGvxJuQFm28dDJ4PG+qU=
50,-47,k1dVx8GHA97MwjO8tDbGRNltKKQ=,XzjSNH/gGvxJuQFm28dDJ4PG+qU=
52,-47,k1dVx8GHA97MwjO8tDbGRNltKKQ=,bI5hqGWt50wnsaOlBgSMvsPELfY=
49,-47,k1dVx8GHA97MwjO8tDbGRNltKKQ=,XzjSNH/gGvxJuQFm28dDJ4PG+qU=
62,-42,4lyoTrOEtqy1av8gst2vdCyQ6IE=,ovliNwLEZqX+RzHPJmRkjamR1lU=
62,-43,4lyoTrOEtqy1av8gst2vdCyQ6IE=,ovliNwLEZqX+RzHPJmRkjamR1lU=
61,-43,4lyoTrOEtqy1av8gst2vdCyQ6IE=,ovliNwLEZqX+RzHPJmRkjamR1lU=
61,-42,4lyoTrOEtqy1av8gst2vdCyQ6IE=,ovliNwLEZqX+RzHPJmRkjamR1lU=
62,-47,4lyoTrOEtqy1av8gst2vdCyQ6IE=,nRUOMik0mFiCgHpE69v9F/cRoiA=
62,-44,4lyoTrOEtqy1av8gst2vdCyQ6IE=,ovliNwLEZqX+RzHPJmRkjamR1lU=
62,-46,4lyoTrOEtqy1av8gst2vdCyQ6IE=,nRUOMik0mFiCgHpE69v9F/cRoiA=
62,-45,4lyoTrOEtqy1av8gst2vdCyQ6IE=,nRUOMik0mFiCgHpE69v9F/cRoiA=
61,-47,4lyoTrOEtqy1av8gst2vdCyQ6IE=,nRUOMik0mFiCgHpE69v9F/cRoiA=
61,-44,4lyoTrOEtqy1av8gst2vdCyQ6IE=,ovliNwLEZqX+RzHPJmRkjamR1lU=
61,-45,4lyoTrOEtqy1av8gst2vdCyQ6IE=,nRUOMik0mFiCgHpE69v9F/cRoiA=
61,-46,4lyoTrOEtqy1av8gst2vdCyQ6IE=,nRUOMik0mFiCgHpE69v9F/cRoiA=
55,-42,ghlb/BzqMB/0qoihBgMhvTkQ6oY=,HPRufkSvUHAFuLIlhLQzBmm5Ydg=
60,-42,ghlb/BzqMB/0qoihBgMhvTkQ6oY=,ovliNwLEZqX+RzHPJmRkjamR1lU=
58,-43,ghlb/BzqMB/0qoihBgMhvTkQ6oY=,P7h5lh+q7fLc5axgDlPs0UMpAOg=
56,-42,ghlb/BzqMB/0qoihBgMhvTkQ6oY=,P7h5lh+q7fLc5axgDlPs0UMpAOg=
60,-43,ghlb/BzqMB/0qoihBgMhvTkQ6oY=,ovliNwLEZqX+RzHPJmRkjamR1lU=
59,-42,ghlb/BzqMB/0qoihBgMhvTkQ6oY=,P7h5lh+q7fLc5axgDlPs0UMpAOg=
57,-42,ghlb/BzqMB/0qoihBgMhvTkQ6oY=,P7h5lh+q7fLc5axgDlPs0UMpAOg=
55,-43,ghlb/BzqMB/0qoihBgMhvTkQ6oY=,HPRufkSvUHAFuLIlhLQzBmm5Ydg=
59,-43,ghlb/BzqMB/0qoihBgMhvTkQ6oY=,P7h5lh+q7fLc5axgDlPs0UMpAOg=
57,-43,ghlb/BzqMB/0qoihBgMhvTkQ6oY=,P7h5lh+q7fLc5axgDlPs0UMpAOg=
58,-42,ghlb/BzqMB/0qoihBgMhvTkQ6oY=,P7h5lh+q7fLc5axgDlPs0UMpAOg=
57,-46,ghlb/BzqMB/0qoihBgMhvTkQ6oY=,OWspEOjYDMPW3UFrI7uhQl/MESs=
56,-43,ghlb/BzqMB/0qoihBgMhvTkQ6oY=,P7h5lh+q7fLc5axgDlPs0UMpAOg=
55,-46,ghlb/BzqMB/0qoihBgMhvTkQ6oY=,bI5hqGWt50wnsaOlBgSMvsPELfY=
56,-46,ghlb/BzqMB/0qoihBgMhvTkQ6oY=,OWspEOjYDMPW3UFrI7uhQl/MESs=
60,-45,ghlb/BzqMB/0qoihBgMhvTkQ6oY=,nRUOMik0mFiCgHpE69v9F/cRoiA=
58,-46,ghlb/BzqMB/0qoihBgMhvTkQ6oY=,OWspEOjYDMPW3UFrI7uhQl/MESs=
60,-46,ghlb/BzqMB/0qoihBgMhvTkQ6oY=,nRUOMik0mFiCgHpE69v9F/cRoiA=
60,-47,ghlb/BzqMB/0qoihBgMhvTkQ6oY=,nRUOMik0mFiCgHpE69v9F/cRoiA=
60,-44,ghlb/BzqMB/0qoihBgMhvTkQ6oY=,ovliNwLEZqX+RzHPJmRkjamR1lU=
59,-47,ghlb/BzqMB/0qoihBgMhvTkQ6oY=,OWspEOjYDMPW3UFrI7uhQl/MESs=
58,-47,ghlb/BzqMB/0qoihBgMhvTkQ6oY=,OWspEOjYDMPW3UFrI7uhQl/MESs=
59,-46,ghlb/BzqMB/0qoihBgMhvTkQ6oY=,OWspEOjYDMPW3UFrI7uhQl/MESs=
59,-44,ghlb/BzqMB/0qoihBgMhvTkQ6oY=,P7h5lh+q7fLc5axgDlPs0UMpAOg=
57,-44,ghlb/BzqMB/0qoihBgMhvTkQ6oY=,P7h5lh+q7fLc5axgDlPs0UMpAOg=
57,-47,ghlb/BzqMB/0qoihBgMhvTkQ6oY=,OWspEOjYDMPW3UFrI7uhQl/MESs=
56,-44,ghlb/BzqMB/0qoihBgMhvTkQ6oY=,P7h5lh+q7fLc5axgDlPs0UMpAOg=
55,-44,ghlb/BzqMB/0qoihBgMhvTkQ6oY=,HPRufkSvUHAFuLIlhLQzBmm5Ydg=
55,-47,ghlb/BzqMB/0qoihBgMhvTkQ6oY=,bI5hqGWt50wnsaOlBgSMvsPELfY=
56,-47,ghlb/BzqMB/0qoihBgMhvTkQ6oY=,OWspEOjYDMPW3UFrI7uhQl/MESs=
55,-45,ghlb/BzqMB/0qoihBgMhvTkQ6oY=,bI5hqGWt50wnsaOlBgSMvsPELfY=
56,-45,ghlb/BzqMB/0qoihBgMhvTkQ6oY=,OWspEOjYDMPW3UFrI7uhQl/MESs=
59,-45,ghlb/BzqMB/0qoihBgMhvTkQ6oY=,OWspEOjYDMPW3UFrI7uhQl/MESs=
58,-44,ghlb/BzqMB/0qoihBgMhvTkQ6oY=,P7h5lh+q7fLc5axgDlPs0UMpAOg=
57,-45,ghlb/BzqMB/0qoihBgMhvTkQ6oY=,OWspEOjYDMPW3UFrI7uhQl/MESs=
58,-45,ghlb/BzqMB/0qoihBgMhvTkQ6oY=,OWspEOjYDMPW3UFrI7uhQl/MESs=
62,-40,/Qpy+SVZQabYP2V0SEuIj9WarOk=,gAzwu14BpG8vTgjDssCrdMKWxWc=
61,-40,/Qpy+SVZQabYP2V0SEuIj9WarOk=,gAzwu14BpG8vTgjDssCrdMKWxWc=
62,-39,/Qpy+SVZQabYP2V0SEuIj9WarOk=,gAzwu14BpG8vTgjDssCrdMKWxWc=
62,-38,/Qpy+SVZQabYP2V0SEuIj9WarOk=,gAzwu14BpG8vTgjDssCrdMKWxWc=
62,-41,/Qpy+SVZQabYP2V0SEuIj9WarOk=,ovliNwLEZqX+RzHPJmRkjamR1lU=
61,-39,/Qpy+SVZQabYP2V0SEuIj9WarOk=,gAzwu14BpG8vTgjDssCrdMKWxWc=
61,-38,/Qpy+SVZQabYP2V0SEuIj9WarOk=,gAzwu14BpG8vTgjDssCrdMKWxWc=
61,-41,/Qpy+SVZQabYP2V0SEuIj9WarOk=,ovliNwLEZqX+RzHPJmRkjamR1lU=
53,-33,/Qpy+SVZQabYP2V0SEuIj9WarOk=,BS7td1PT6sCAGGpOeRjsN/tJdsY=
54,-33,/Qpy+SVZQabYP2V0SEuIj9WarOk=,BS7td1PT6sCAGGpOeRjsN/tJdsY=
51,-33,/Qpy+SVZQabYP2V0SEuIj9WarOk=,XzjSNH/gGvxJuQFm28dDJ4PG+qU=
52,-33,/Qpy+SVZQabYP2V0SEuIj9WarOk=,BS7td1PT6sCAGGpOeRjsN/tJdsY=
49,-33,/Qpy+SVZQabYP2V0SEuIj9WarOk=,XzjSNH/gGvxJuQFm28dDJ4PG+qU=
50,-33,/Qpy+SVZQabYP2V0SEuIj9WarOk=,XzjSNH/gGvxJuQFm28dDJ4PG+qU=
48,-35,/Qpy+SVZQabYP2V0SEuIj9WarOk=,XzjSNH/gGvxJuQFm28dDJ4PG+qU=
48,-34,/Qpy+SVZQabYP2V0SEuIj9WarOk=,XzjSNH/gGvxJuQFm28dDJ4PG+qU=
48,-39,/Qpy+SVZQabYP2V0SEuIj9WarOk=,XzjSNH/gGvxJuQFm28dDJ4PG+qU=
48,-37,/Qpy+SVZQabYP2V0SEuIj9WarOk=,XzjSNH/gGvxJuQFm28dDJ4PG+qU=
48,-38,/Qpy+SVZQabYP2V0SEuIj9WarOk=,XzjSNH/gGvxJuQFm28dDJ4PG+qU=
48,-36,/Qpy+SVZQabYP2V0SEuIj9WarOk=,XzjSNH/gGvxJuQFm28dDJ4PG+qU=
48,-42,/Qpy+SVZQabYP2V0SEuIj9WarOk=,XzjSNH/gGvxJuQFm28dDJ4PG+qU=
48,-41,/Qpy+SVZQabYP2V0SEuIj9WarOk=,XzjSNH/gGvxJuQFm28dDJ4PG+qU=
48,-40,/Qpy+SVZQabYP2V0SEuIj9WarOk=,XzjSNH/gGvxJuQFm28dDJ4PG+qU=
48,-43,/Qpy+SVZQabYP2V0SEuIj9WarOk=,XzjSNH/gGvxJuQFm28dDJ4PG+qU=
48,-44,/Qpy+SVZQabYP2V0SEuIj9WarOk=,XzjSNH/gGvxJuQFm28dDJ4PG+qU=
48,-45,/Qpy+SVZQabYP2V0SEuIj9WarOk=,XzjSNH/gGvxJuQFm28dDJ4PG+qU=
48,-47,/Qpy+SVZQabYP2V0SEuIj9WarOk=,XzjSNH/gGvxJuQFm28dDJ4PG+qU=
48,-46,/Qpy+SVZQabYP2V0SEuIj9WarOk=,XzjSNH/gGvxJuQFm28dDJ4PG+qU=
50,-48,/Qpy+SVZQabYP2V0SEuIj9WarOk=,XzjSNH/gGvxJuQFm28dDJ4PG+qU=
49,-48,/Qpy+SVZQabYP2V0SEuIj9WarOk=,XzjSNH/gGvxJuQFm28dDJ4PG+qU=
54,-48,/Qpy+SVZQabYP2V0SEuIj9WarOk=,bI5hqGWt50wnsaOlBgSMvsPELfY=
51,-48,/Qpy+SVZQabYP2V0SEuIj9WarOk=,XzjSNH/gGvxJuQFm28dDJ4PG+qU=
53,-48,/Qpy+SVZQabYP2V0SEuIj9WarOk=,bI5hqGWt50wnsaOlBgSMvsPELfY=
52,-48,/Qpy+SVZQabYP2V0SEuIj9WarOk=,bI5hqGWt50wnsaOlBgSMvsPELfY=
59,-38,/Qpy+SVZQabYP2V0SEuIj9WarOk=,lYdP9PNrj//343SiCahEA9lJolU=
55,-40,/Qpy+SVZQabYP2V0SEuIj9WarOk=,Y4SbGhXX5hv8iwlqrRQh8TGB+aA=
55,-39,/Qpy+SVZQabYP2V0SEuIj9WarOk=,Y4SbGhXX5hv8iwlqrRQh8TGB+aA=
60,-41,/Qpy+SVZQabYP2V0SEuIj9WarOk=,ovliNwLEZqX+RzHPJmRkjamR1lU=
60,-40,/Qpy+SVZQabYP2V0SEuIj9WarOk=,gAzwu14BpG8vTgjDssCrdMKWxWc=
60,-38,/Qpy+SVZQabYP2V0SEuIj9WarOk=,gAzwu14BpG8vTgjDssCrdMKWxWc=
57,-38,/Qpy+SVZQabYP2V0SEuIj9WarOk=,lYdP9PNrj//343SiCahEA9lJolU=
55,-38,/Qpy+SVZQabYP2V0SEuIj9WarOk=,Y4SbGhXX5hv8iwlqrRQh8TGB+aA=
58,-38,/Qpy+SVZQabYP2V0SEuIj9WarOk=,lYdP9PNrj//343SiCahEA9lJolU=
56,-38,/Qpy+SVZQabYP2V0SEuIj9WarOk=,lYdP9PNrj//343SiCahEA9lJolU=
61,-36,/Qpy+SVZQabYP2V0SEuIj9WarOk=,K4M/NKgWHExQtF305DoFEIRCxC0=
55,-41,/Qpy+SVZQabYP2V0SEuIj9WarOk=,HPRufkSvUHAFuLIlhLQzBmm5Ydg=
59,-39,/Qpy+SVZQabYP2V0SEuIj9WarOk=,lYdP9PNrj//343SiCahEA9lJolU=
56,-41,/Qpy+SVZQabYP2V0SEuIj9WarOk=,P7h5lh+q7fLc5axgDlPs0UMpAOg=
58,-39,/Qpy+SVZQabYP2V0SEuIj9WarOk=,lYdP9PNrj//343SiCahEA9lJolU=
62,-37,/Qpy+SVZQabYP2V0SEuIj9WarOk=,gAzwu14BpG8vTgjDssCrdMKWxWc=
56,-39,/Qpy+SVZQabYP2V0SEuIj9WarOk=,lYdP9PNrj//343SiCahEA9lJolU=
59,-41,/Qpy+SVZQabYP2V0SEuIj9WarOk=,P7h5lh+q7fLc5axgDlPs0UMpAOg=
57,-39,/Qpy+SVZQabYP2V0SEuIj9WarOk=,lYdP9PNrj//343SiCahEA9lJolU=
58,-41,/Qpy+SVZQabYP2V0SEuIj9WarOk=,P7h5lh+q7fLc5axgDlPs0UMpAOg=
62,-35,/Qpy+SVZQabYP2V0SEuIj9WarOk=,K4M/NKgWHExQtF305DoFEIRCxC0=
59,-40,/Qpy+SVZQabYP2V0SEuIj9WarOk=,lYdP9PNrj//343SiCahEA9lJolU=
61,-34,/Qpy+SVZQabYP2V0SEuIj9WarOk=,K4M/NKgWHExQtF305DoFEIRCxC0=
58,-40,/Qpy+SVZQabYP2V0SEuIj9WarOk=,lYdP9PNrj//343SiCahEA9lJolU=
61,-37,/Qpy+SVZQabYP2V0SEuIj9WarOk=,gAzwu14BpG8vTgjDssCrdMKWxWc=
56,-40,/Qpy+SVZQabYP2V0SEuIj9WarOk=,lYdP9PNrj//343SiCahEA9lJolU=
57,-40,/Qpy+SVZQabYP2V0SEuIj9WarOk=,lYdP9PNrj//343SiCahEA9lJolU=
57,-41,/Qpy+SVZQabYP2V0SEuIj9WarOk=,P7h5lh+q7fLc5axgDlPs0UMpAOg=
60,-39,/Qpy+SVZQabYP2V0SEuIj9WarOk=,gAzwu14BpG8vTgjDssCrdMKWxWc=
62,-34,/Qpy+SVZQabYP2V0SEuIj9WarOk=,K4M/NKgWHExQtF305DoFEIRCxC0=
62,-33,/Qpy+SVZQabYP2V0SEuIj9WarOk=,K4M/NKgWHExQtF305DoFEIRCxC0=
62,-36,/Qpy+SVZQabYP2V0SEuIj9WarOk=,K4M/NKgWHExQtF305DoFEIRCxC0=
61,-35,/Qpy+SVZQabYP2V0SEuIj9WarOk=,K4M/NKgWHExQtF305DoFEIRCxC0=
61,-33,/Qpy+SVZQabYP2V0SEuIj9WarOk=,K4M/NKgWHExQtF305DoFEIRCxC0=
48,-48,/Qpy+SVZQabYP2V0SEuIj9WarOk=,XzjSNH/gGvxJuQFm28dDJ4PG+qU=
48,-33,/Qpy+SVZQabYP2V0SEuIj9WarOk=,XzjSNH/gGvxJuQFm28dDJ4PG+qU=
58,-48,/Qpy+SVZQabYP2V0SEuIj9WarOk=,OWspEOjYDMPW3UFrI7uhQl/MESs=
55,-48,/Qpy+SVZQabYP2V0SEuIj9WarOk=,bI5hqGWt50wnsaOlBgSMvsPELfY=
57,-48,/Qpy+SVZQabYP2V0SEuIj9WarOk=,OWspEOjYDMPW3UFrI7uhQl/MESs=
61,-48,/Qpy+SVZQabYP2V0SEuIj9WarOk=,nRUOMik0mFiCgHpE69v9F/cRoiA=
56,-48,/Qpy+SVZQabYP2V0SEuIj9WarOk=,OWspEOjYDMPW3UFrI7uhQl/MESs=
62,-48,/Qpy+SVZQabYP2V0SEuIj9WarOk=,nRUOMik0mFiCgHpE69v9F/cRoiA=
60,-48,/Qpy+SVZQabYP2V0SEuIj9WarOk=,nRUOMik0mFiCgHpE69v9F/cRoiA=
59,-48,/Qpy+SVZQabYP2V0SEuIj9WarOk=,OWspEOjYDMPW3UFrI7uhQl/MESs=
58,-34,/Qpy+SVZQabYP2V0SEuIj9WarOk=,8CX165fVZ3dhDCnlTrWf/7AW0dQ=
56,-34,/Qpy+SVZQabYP2V0SEuIj9WarOk=,8CX165fVZ3dhDCnlTrWf/7AW0dQ=
60,-34,/Qpy+SVZQabYP2V0SEuIj9WarOk=,K4M/NKgWHExQtF305DoFEIRCxC0=
57,-34,/Qpy+SVZQabYP2V0SEuIj9WarOk=,8CX165fVZ3dhDCnlTrWf/7AW0dQ=
55,-37,/Qpy+SVZQabYP2V0SEuIj9WarOk=,Y4SbGhXX5hv8iwlqrRQh8TGB+aA=
59,-35,/Qpy+SVZQabYP2V0SEuIj9WarOk=,8CX165fVZ3dhDCnlTrWf/7AW0dQ=
60,-37,/Qpy+SVZQabYP2V0SEuIj9WarOk=,gAzwu14BpG8vTgjDssCrdMKWxWc=
59,-34,/Qpy+SVZQabYP2V0SEuIj9WarOk=,8CX165fVZ3dhDCnlTrWf/7AW0dQ=
56,-33,/Qpy+SVZQabYP2V0SEuIj9WarOk=,8CX165fVZ3dhDCnlTrWf/7AW0dQ=
55,-34,/Qpy+SVZQabYP2V0SEuIj9WarOk=,BS7td1PT6sCAGGpOeRjsN/tJdsY=
58,-35,/Qpy+SVZQabYP2V0SEuIj9WarOk=,8CX165fVZ3dhDCnlTrWf/7AW0dQ=
55,-35,/Qpy+SVZQabYP2V0SEuIj9WarOk=,BS7td1PT6sCAGGpOeRjsN/tJdsY=
60,-36,/Qpy+SVZQabYP2V0SEuIj9WarOk=,K4M/NKgWHExQtF305DoFEIRCxC0=
56,-35,/Qpy+SVZQabYP2V0SEuIj9WarOk=,8CX165fVZ3dhDCnlTrWf/7AW0dQ=
55,-36,/Qpy+SVZQabYP2V0SEuIj9WarOk=,BS7td1PT6sCAGGpOeRjsN/tJdsY=
58,-36,/Qpy+SVZQabYP2V0SEuIj9WarOk=,8CX165fVZ3dhDCnlTrWf/7AW0dQ=
57,-35,/Qpy+SVZQabYP2V0SEuIj9WarOk=,8CX165fVZ3dhDCnlTrWf/7AW0dQ=
55,-33,/Qpy+SVZQabYP2V0SEuIj9WarOk=,BS7td1PT6sCAGGpOeRjsN/tJdsY=
56,-37,/Qpy+SVZQabYP2V0SEuIj9WarOk=,lYdP9PNrj//343SiCahEA9lJolU=
59,-36,/Qpy+SVZQabYP2V0SEuIj9WarOk=,8CX165fVZ3dhDCnlTrWf/7AW0dQ=
60,-33,/Qpy+SVZQabYP2V0SEuIj9WarOk=,K4M/NKgWHExQtF305DoFEIRCxC0=
57,-36,/Qpy+SVZQabYP2V0SEuIj9WarOk=,8CX165fVZ3dhDCnlTrWf/7AW0dQ=
60,-35,/Qpy+SVZQabYP2V0SEuIj9WarOk=,K4M/NKgWHExQtF305DoFEIRCxC0=
59,-33,/Qpy+SVZQabYP2V0SEuIj9WarOk=,8CX165fVZ3dhDCnlTrWf/7AW0dQ=
56,-36,/Qpy+SVZQabYP2V0SEuIj9WarOk=,8CX165fVZ3dhDCnlTrWf/7AW0dQ=
59,-37,/Qpy+SVZQabYP2V0SEuIj9WarOk=,lYdP9PNrj//343SiCahEA9lJolU=
58,-37,/Qpy+SVZQabYP2V0SEuIj9WarOk=,lYdP9PNrj//343SiCahEA9lJolU=
58,-33,/Qpy+SVZQabYP2V0SEuIj9WarOk=,8CX165fVZ3dhDCnlTrWf/7AW0dQ=
57,-33,/Qpy+SVZQabYP2V0SEuIj9WarOk=,8CX165fVZ3dhDCnlTrWf/7AW0dQ=
57,-37,/Qpy+SVZQabYP2V0SEuIj9WarOk=,lYdP9PNrj//343SiCahEA9lJolU=
62,-58,trXshbuaM0zanfwOnNVqA1JInLk=,gLT+0Y/TAgW8vGkKBsTbTPZiIiE=
62,-59,trXshbuaM0zanfwOnNVqA1JInLk=,gLT+0Y/TAgW8vGkKBsTbTPZiIiE=
61,-59,trXshbuaM0zanfwOnNVqA1JInLk=,gLT+0Y/TAgW8vGkKBsTbTPZiIiE=
62,-55,trXshbuaM0zanfwOnNVqA1JInLk=,vLs/hPbflcKmLChtA+rztN4n2Bw=
62,-54,trXshbuaM0zanfwOnNVqA1JInLk=,vLs/hPbflcKmLChtA+rztN4n2Bw=
62,-56,trXshbuaM0zanfwOnNVqA1JInLk=,vLs/hPbflcKmLChtA+rztN4n2Bw=
61,-58,trXshbuaM0zanfwOnNVqA1JInLk=,gLT+0Y/TAgW8vGkKBsTbTPZiIiE=
62,-57,trXshbuaM0zanfwOnNVqA1JInLk=,gLT+0Y/TAgW8vGkKBsTbTPZiIiE=
61,-54,trXshbuaM0zanfwOnNVqA1JInLk=,vLs/hPbflcKmLChtA+rztN4n2Bw=
61,-56,trXshbuaM0zanfwOnNVqA1JInLk=,vLs/hPbflcKmLChtA+rztN4n2Bw=
61,-57,trXshbuaM0zanfwOnNVqA1JInLk=,gLT+0Y/TAgW8vGkKBsTbTPZiIiE=
61,-55,trXshbuaM0zanfwOnNVqA1JInLk=,vLs/hPbflcKmLChtA+rztN4n2Bw=
58,-59,trXshbuaM0zanfwOnNVqA1JInLk=,byVQqKtNnqbQOHNg8lOt5k1oY08=
60,-59,trXshbuaM0zanfwOnNVqA1JInLk=,gLT+0Y/TAgW8vGkKBsTbTPZiIiE=
58,-58,trXshbuaM0zanfwOnNVqA1JInLk=,byVQqKtNnqbQOHNg8lOt5k1oY08=
59,-58,trXshbuaM0zanfwOnNVqA1JInLk=,byVQqKtNnqbQOHNg8lOt5k1oY08=
60,-58,trXshbuaM0zanfwOnNVqA1JInLk=,gLT+0Y/TAgW8vGkKBsTbTPZiIiE=
57,-59,trXshbuaM0zanfwOnNVqA1JInLk=,byVQqKtNnqbQOHNg8lOt5k1oY08=
57,-58,trXshbuaM0zanfwOnNVqA1JInLk=,byVQqKtNnqbQOHNg8lOt5k1oY08=
59,-59,trXshbuaM0zanfwOnNVqA1JInLk=,byVQqKtNnqbQOHNg8lOt5k1oY08=
60,-57,trXshbuaM0zanfwOnNVqA1JInLk=,gLT+0Y/TAgW8vGkKBsTbTPZiIiE=
57,-56,trXshbuaM0zanfwOnNVqA1JInLk=,C+1OmLyh+a8enTZpqyzChkzfdL8=
60,-55,trXshbuaM0zanfwOnNVqA1JInLk=,vLs/hPbflcKmLChtA+rztN4n2Bw=
59,-54,trXshbuaM0zanfwOnNVqA1JInLk=,C+1OmLyh+a8enTZpqyzChkzfdL8=
60,-56,trXshbuaM0zanfwOnNVqA1JInLk=,vLs/hPbflcKmLChtA+rztN4n2Bw=
58,-54,trXshbuaM0zanfwOnNVqA1JInLk=,C+1OmLyh+a8enTZpqyzChkzfdL8=
60,-54,trXshbuaM0zanfwOnNVqA1JInLk=,vLs/hPbflcKmLChtA+rztN4n2Bw=
57,-54,trXshbuaM0zanfwOnNVqA1JInLk=,C+1OmLyh+a8enTZpqyzChkzfdL8=
59,-55,trXshbuaM0zanfwOnNVqA1JInLk=,C+1OmLyh+a8enTZpqyzChkzfdL8=
58,-55,trXshbuaM0zanfwOnNVqA1JInLk=,C+1OmLyh+a8enTZpqyzChkzfdL8=
58,-57,trXshbuaM0zanfwOnNVqA1JInLk=,byVQqKtNnqbQOHNg8lOt5k1oY08=
57,-57,trXshbuaM0zanfwOnNVqA1JInLk=,byVQqKtNnqbQOHNg8lOt5k1oY08=
59,-57,trXshbuaM0zanfwOnNVqA1JInLk=,byVQqKtNnqbQOHNg8lOt5k1oY08=
58,-56,trXshbuaM0zanfwOnNVqA1JInLk=,C+1OmLyh+a8enTZpqyzChkzfdL8=
59,-56,trXshbuaM0zanfwOnNVqA1JInLk=,C+1OmLyh+a8enTZpqyzChkzfdL8=
57,-55,trXshbuaM0zanfwOnNVqA1JInLk=,C+1OmLyh+a8enTZpqyzChkzfdL8=
57,-63,U+/w9YT0C3Mgo4UL/qDXiTrMAKQ=,d2gTMEqhmIkKuqSxSDVV1+ErCv4=
58,-63,U+/w9YT0C3Mgo4UL/qDXiTrMAKQ=,d2gTMEqhmIkKuqSxSDVV1+ErCv4=
58,-61,U+/w9YT0C3Mgo4UL/qDXiTrMAKQ=,d2gTMEqhmIkKuqSxSDVV1+ErCv4=
58,-60,U+/w9YT0C3Mgo4UL/qDXiTrMAKQ=,byVQqKtNnqbQOHNg8lOt5k1oY08=
58,-62,U+/w9YT0C3Mgo4UL/qDXiTrMAKQ=,d2gTMEqhmIkKuqSxSDVV1+ErCv4=
57,-60,U+/w9YT0C3Mgo4UL/qDXiTrMAKQ=,byVQqKtNnqbQOHNg8lOt5k1oY08=
57,-62,U+/w9YT0C3Mgo4UL/qDXiTrMAKQ=,d2gTMEqhmIkKuqSxSDVV1+ErCv4=
57,-61,U+/w9YT0C3Mgo4UL/qDXiTrMAKQ=,d2gTMEqhmIkKuqSxSDVV1+ErCv4=
53,-63,U+/w9YT0C3Mgo4UL/qDXiTrMAKQ=,tiRwtPE5SAlfPYYS5vxmIaxrT7E=
54,-63,U+/w9YT0C3Mgo4UL/qDXiTrMAKQ=,tiRwtPE5SAlfPYYS5vxmIaxrT7E=
55,-63,U+/w9YT0C3Mgo4UL/qDXiTrMAKQ=,tiRwtPE5SAlfPYYS5vxmIaxrT7E=
56,-63,U+/w9YT0C3Mgo4UL/qDXiTrMAKQ=,d2gTMEqhmIkKuqSxSDVV1+ErCv4=
54,-62,U+/w9YT0C3Mgo4UL/qDXiTrMAKQ=,tiRwtPE5SAlfPYYS5vxmIaxrT7E=
53,-62,U+/w9YT0C3Mgo4UL/qDXiTrMAKQ=,tiRwtPE5SAlfPYYS5vxmIaxrT7E=
55,-62,U+/w9YT0C3Mgo4UL/qDXiTrMAKQ=,tiRwtPE5SAlfPYYS5vxmIaxrT7E=
56,-62,U+/w9YT0C3Mgo4UL/qDXiTrMAKQ=,d2gTMEqhmIkKuqSxSDVV1+ErCv4=
56,-54,U+/w9YT0C3Mgo4UL/qDXiTrMAKQ=,C+1OmLyh+a8enTZpqyzChkzfdL8=
55,-54,U+/w9YT0C3Mgo4UL/qDXiTrMAKQ=,GGPDZn6rP2ysriQOy6RJtWChcx8=
54,-55,U+/w9YT0C3Mgo4UL/qDXiTrMAKQ=,GGPDZn6rP2ysriQOy6RJtWChcx8=
54,-54,U+/w9YT0C3Mgo4UL/qDXiTrMAKQ=,GGPDZn6rP2ysriQOy6RJtWChcx8=
53,-54,U+/w9YT0C3Mgo4UL/qDXiTrMAKQ=,GGPDZn6rP2ysriQOy6RJtWChcx8=
53,-55,U+/w9YT0C3Mgo4UL/qDXiTrMAKQ=,GGPDZn6rP2ysriQOy6RJtWChcx8=
55,-55,U+/w9YT0C3Mgo4UL/qDXiTrMAKQ=,GGPDZn6rP2ysriQOy6RJtWChcx8=
56,-55,U+/w9YT0C3Mgo4UL/qDXiTrMAKQ=,C+1OmLyh+a8enTZpqyzChkzfdL8=
54,-60,R1XyLiWOZ6VoJ+ms4vq/NTm+S9w=,CIkGHZN2COAOvEv9vQY4NtPlyPQ=
54,-61,R1XyLiWOZ6VoJ+ms4vq/NTm+S9w=,tiRwtPE5SAlfPYYS5vxmIaxrT7E=
53,-61,R1XyLiWOZ6VoJ+ms4vq/NTm+S9w=,tiRwtPE5SAlfPYYS5vxmIaxrT7E=
53,-56,R1XyLiWOZ6VoJ+ms4vq/NTm+S9w=,GGPDZn6rP2ysriQOy6RJtWChcx8=
55,-57,R1XyLiWOZ6VoJ+ms4vq/NTm+S9w=,CIkGHZN2COAOvEv9vQY4NtPlyPQ=
54,-57,R1XyLiWOZ6VoJ+ms4vq/NTm+S9w=,CIkGHZN2COAOvEv9vQY4NtPlyPQ=
55,-56,R1XyLiWOZ6VoJ+ms4vq/NTm+S9w=,GGPDZn6rP2ysriQOy6RJtWChcx8=
54,-56,R1XyLiWOZ6VoJ+ms4vq/NTm+S9w=,GGPDZn6rP2ysriQOy6RJtWChcx8=
55,-60,R1XyLiWOZ6VoJ+ms4vq/NTm+S9w=,CIkGHZN2COAOvEv9vQY4NtPlyPQ=
53,-60,R1XyLiWOZ6VoJ+ms4vq/NTm+S9w=,CIkGHZN2COAOvEv9vQY4NtPlyPQ=
53,-57,R1XyLiWOZ6VoJ+ms4vq/NTm+S9w=,CIkGHZN2COAOvEv9vQY4NtPlyPQ=
56,-60,R1XyLiWOZ6VoJ+ms4vq/NTm+S9w=,byVQqKtNnqbQOHNg8lOt5k1oY08=
56,-61,R1XyLiWOZ6VoJ+ms4vq/NTm+S9w=,d2gTMEqhmIkKuqSxSDVV1+ErCv4=
55,-58,R1XyLiWOZ6VoJ+ms4vq/NTm+S9w=,CIkGHZN2COAOvEv9vQY4NtPlyPQ=
55,-59,R1XyLiWOZ6VoJ+ms4vq/NTm+S9w=,CIkGHZN2COAOvEv9vQY4NtPlyPQ=
56,-58,R1XyLiWOZ6VoJ+ms4vq/NTm+S9w=,byVQqKtNnqbQOHNg8lOt5k1oY08=
56,-57,R1XyLiWOZ6VoJ+ms4vq/NTm+S9w=,byVQqKtNnqbQOHNg8lOt5k1oY08=
54,-58,R1XyLiWOZ6VoJ+ms4vq/NTm+S9w=,CIkGHZN2COAOvEv9vQY4NtPlyPQ=
55,-61,R1XyLiWOZ6VoJ+ms4vq/NTm+S9w=,tiRwtPE5SAlfPYYS5vxmIaxrT7E=
53,-58,R1XyLiWOZ6VoJ+ms4vq/NTm+S9w=,CIkGHZN2COAOvEv9vQY4NtPlyPQ=
56,-59,R1XyLiWOZ6VoJ+ms4vq/NTm+S9w=,byVQqKtNnqbQOHNg8lOt5k1oY08=
56,-56,R1XyLiWOZ6VoJ+ms4vq/NTm+S9w=,C+1OmLyh+a8enTZpqyzChkzfdL8=
54,-59,R1XyLiWOZ6VoJ+ms4vq/NTm+S9w=,CIkGHZN2COAOvEv9vQY4NtPlyPQ=
53,-59,R1XyLiWOZ6VoJ+ms4vq/NTm+S9w=,CIkGHZN2COAOvEv9vQY4NtPlyPQ=
50,-54,R1XyLiWOZ6VoJ+ms4vq/NTm+S9w=,xpf4UtH6vPlI6C4k0HAe2oS7w/0=
52,-55,R1XyLiWOZ6VoJ+ms4vq/NTm+S9w=,GGPDZn6rP2ysriQOy6RJtWChcx8=
49,-55,R1XyLiWOZ6VoJ+ms4vq/NTm+S9w=,xpf4UtH6vPlI6C4k0HAe2oS7w/0=
49,-54,R1XyLiWOZ6VoJ+ms4vq/NTm+S9w=,xpf4UtH6vPlI6C4k0HAe2oS7w/0=
51,-54,R1XyLiWOZ6VoJ+ms4vq/NTm+S9w=,xpf4UtH6vPlI6C4k0HAe2oS7w/0=
50,-55,R1XyLiWOZ6VoJ+ms4vq/NTm+S9w=,xpf4UtH6vPlI6C4k0HAe2oS7w/0=
52,-54,R1XyLiWOZ6VoJ+ms4vq/NTm+S9w=,GGPDZn6rP2ysriQOy6RJtWChcx8=
51,-55,R1XyLiWOZ6VoJ+ms4vq/NTm+S9w=,xpf4UtH6vPlI6C4k0HAe2oS7w/0=
51,-57,N1DBZFLj51N0MBuesBOsH5JVjfY=,XmhT9U7dnERozwB+x3q7zJqFq9w=
50,-58,N1DBZFLj51N0MBuesBOsH5JVjfY=,XmhT9U7dnERozwB+x3q7zJqFq9w=
52,-58,N1DBZFLj51N0MBuesBOsH5JVjfY=,CIkGHZN2COAOvEv9vQY4NtPlyPQ=
50,-56,N1DBZFLj51N0MBuesBOsH5JVjfY=,xpf4UtH6vPlI6C4k0HAe2oS7w/0=
52,-56,N1DBZFLj51N0MBuesBOsH5JVjfY=,GGPDZn6rP2ysriQOy6RJtWChcx8=
52,-59,N1DBZFLj51N0MBuesBOsH5JVjfY=,CIkGHZN2COAOvEv9vQY4NtPlyPQ=
50,-57,N1DBZFLj51N0MBuesBOsH5JVjfY=,XmhT9U7dnERozwB+x3q7zJqFq9w=
52,-57,N1DBZFLj51N0MBuesBOsH5JVjfY=,CIkGHZN2COAOvEv9vQY4NtPlyPQ=
49,-57,N1DBZFLj51N0MBuesBOsH5JVjfY=,XmhT9U7dnERozwB+x3q7zJqFq9w=
51,-58,N1DBZFLj51N0MBuesBOsH5JVjfY=,XmhT9U7dnERozwB+x3q7zJqFq9w=
49,-58,N1DBZFLj51N0MBuesBOsH5JVjfY=,XmhT9U7dnERozwB+x3q7zJqFq9w=
49,-56,N1DBZFLj51N0MBuesBOsH5JVjfY=,xpf4UtH6vPlI6C4k0HAe2oS7w/0=
51,-56,N1DBZFLj51N0MBuesBOsH5JVjfY=,xpf4UtH6vPlI6C4k0HAe2oS7w/0=
49,-59,N1DBZFLj51N0MBuesBOsH5JVjfY=,XmhT9U7dnERozwB+x3q7zJqFq9w=
51,-59,N1DBZFLj51N0MBuesBOsH5JVjfY=,XmhT9U7dnERozwB+x3q7zJqFq9w=
50,-59,N1DBZFLj51N0MBuesBOsH5JVjfY=,XmhT9U7dnERozwB+x3q7zJqFq9w=
53,-52,N1DBZFLj51N0MBuesBOsH5JVjfY=,+WLok+gH1wsZ+zSS0wPAYmXn2R8=
54,-51,N1DBZFLj51N0MBuesBOsH5JVjfY=,+WLok+gH1wsZ+zSS0wPAYmXn2R8=
54,-50,N1DBZFLj51N0MBuesBOsH5JVjfY=,+WLok+gH1wsZ+zSS0wPAYmXn2R8=
54,-53,N1DBZFLj51N0MBuesBOsH5JVjfY=,GGPDZn6rP2ysriQOy6RJtWChcx8=
54,-52,N1DBZFLj51N0MBuesBOsH5JVjfY=,+WLok+gH1wsZ+zSS0wPAYmXn2R8=
53,-50,N1DBZFLj51N0MBuesBOsH5JVjfY=,+WLok+gH1wsZ+zSS0wPAYmXn2R8=
53,-51,N1DBZFLj51N0MBuesBOsH5JVjfY=,+WLok+gH1wsZ+zSS0wPAYmXn2R8=
53,-53,N1DBZFLj51N0MBuesBOsH5JVjfY=,GGPDZn6rP2ysriQOy6RJtWChcx8=
51,-63,ZQPHTWvAskRzWr91q6X4w+jTWxI=,D8NxPh63FkpHHvhIroGhopv5XTE=
50,-63,ZQPHTWvAskRzWr91q6X4w+jTWxI=,D8NxPh63FkpHHvhIroGhopv5XTE=
49,-63,ZQPHTWvAskRzWr91q6X4w+jTWxI=,D8NxPh63FkpHHvhIroGhopv5XTE=
52,-63,ZQPHTWvAskRzWr91q6X4w+jTWxI=,tiRwtPE5SAlfPYYS5vxmIaxrT7E=
49,-60,ZQPHTWvAskRzWr91q6X4w+jTWxI=,XmhT9U7dnERozwB+x3q7zJqFq9w=
51,-62,ZQPHTWvAskRzWr91q6X4w+jTWxI=,D8NxPh63FkpHHvhIroGhopv5XTE=
52,-60,ZQPHTWvAskRzWr91q6X4w+jTWxI=,CIkGHZN2COAOvEv9vQY4NtPlyPQ=
49,-62,ZQPHTWvAskRzWr91q6X4w+jTWxI=,D8NxPh63FkpHHvhIroGhopv5XTE=
50,-60,ZQPHTWvAskRzWr91q6X4w+jTWxI=,XmhT9U7dnERozwB+x3q7zJqFq9w=
50,-62,ZQPHTWvAskRzWr91q6X4w+jTWxI=,D8NxPh63FkpHHvhIroGhopv5XTE=
52,-61,ZQPHTWvAskRzWr91q6X4w+jTWxI=,tiRwtPE5SAlfPYYS5vxmIaxrT7E=
50,-61,ZQPHTWvAskRzWr91q6X4w+jTWxI=,D8NxPh63FkpHHvhIroGhopv5XTE=
52,-62,ZQPHTWvAskRzWr91q6X4w+jTWxI=,tiRwtPE5SAlfPYYS5vxmIaxrT7E=
51,-60,ZQPHTWvAskRzWr91q6X4w+jTWxI=,XmhT9U7dnERozwB+x3q7zJqFq9w=
51,-61,ZQPHTWvAskRzWr91q6X4w+jTWxI=,D8NxPh63FkpHHvhIroGhopv5XTE=
49,-61,ZQPHTWvAskRzWr91q6X4w+jTWxI=,D8NxPh63FkpHHvhIroGhopv5XTE=
49,-51,ZQPHTWvAskRzWr91q6X4w+jTWxI=,f3oaL2G4MWroVOCCPe3BgxPIjVk=
51,-51,ZQPHTWvAskRzWr91q6X4w+jTWxI=,f3oaL2G4MWroVOCCPe3BgxPIjVk=
52,-52,ZQPHTWvAskRzWr91q6X4w+jTWxI=,+WLok+gH1wsZ+zSS0wPAYmXn2R8=
50,-50,ZQPHTWvAskRzWr91q6X4w+jTWxI=,f3oaL2G4MWroVOCCPe3BgxPIjVk=
50,-51,ZQPHTWvAskRzWr91q6X4w+jTWxI=,f3oaL2G4MWroVOCCPe3BgxPIjVk=
52,-50,ZQPHTWvAskRzWr91q6X4w+jTWxI=,+WLok+gH1wsZ+zSS0wPAYmXn2R8=
49,-50,ZQPHTWvAskRzWr91q6X4w+jTWxI=,f3oaL2G4MWroVOCCPe3BgxPIjVk=
51,-53,ZQPHTWvAskRzWr91q6X4w+jTWxI=,xpf4UtH6vPlI6C4k0HAe2oS7w/0=
49,-52,ZQPHTWvAskRzWr91q6X4w+jTWxI=,f3oaL2G4MWroVOCCPe3BgxPIjVk=
51,-52,ZQPHTWvAskRzWr91q6X4w+jTWxI=,f3oaL2G4MWroVOCCPe3BgxPIjVk=
52,-51,ZQPHTWvAskRzWr91q6X4w+jTWxI=,+WLok+gH1wsZ+zSS0wPAYmXn2R8=
50,-52,ZQPHTWvAskRzWr91q6X4w+jTWxI=,f3oaL2G4MWroVOCCPe3BgxPIjVk=
51,-50,ZQPHTWvAskRzWr91q6X4w+jTWxI=,f3oaL2G4MWroVOCCPe3BgxPIjVk=
50,-53,ZQPHTWvAskRzWr91q6X4w+jTWxI=,xpf4UtH6vPlI6C4k0HAe2oS7w/0=
52,-53,ZQPHTWvAskRzWr91q6X4w+jTWxI=,GGPDZn6rP2ysriQOy6RJtWChcx8=
49,-53,ZQPHTWvAskRzWr91q6X4w+jTWxI=,xpf4UtH6vPlI6C4k0HAe2oS7w/0=
48,-50,ZQPHTWvAskRzWr91q6X4w+jTWxI=,f3oaL2G4MWroVOCCPe3BgxPIjVk=
53,-49,ZQPHTWvAskRzWr91q6X4w+jTWxI=,+WLok+gH1wsZ+zSS0wPAYmXn2R8=
54,-49,ZQPHTWvAskRzWr91q6X4w+jTWxI=,+WLok+gH1wsZ+zSS0wPAYmXn2R8=
48,-51,ZQPHTWvAskRzWr91q6X4w+jTWxI=,f3oaL2G4MWroVOCCPe3BgxPIjVk=
48,-49,ZQPHTWvAskRzWr91q6X4w+jTWxI=,f3oaL2G4MWroVOCCPe3BgxPIjVk=
52,-49,ZQPHTWvAskRzWr91q6X4w+jTWxI=,+WLok+gH1wsZ+zSS0wPAYmXn2R8=
51,-49,ZQPHTWvAskRzWr91q6X4w+jTWxI=,f3oaL2G4MWroVOCCPe3BgxPIjVk=
49,-49,ZQPHTWvAskRzWr91q6X4w+jTWxI=,f3oaL2G4MWroVOCCPe3BgxPIjVk=
48,-63,ZQPHTWvAskRzWr91q6X4w+jTWxI=,D8NxPh63FkpHHvhIroGhopv5XTE=
48,-62,ZQPHTWvAskRzWr91q6X4w+jTWxI=,D8NxPh63FkpHHvhIroGhopv5XTE=
50,-49,ZQPHTWvAskRzWr91q6X4w+jTWxI=,f3oaL2G4MWroVOCCPe3BgxPIjVk=
48,-60,ZQPHTWvAskRzWr91q6X4w+jTWxI=,XmhT9U7dnERozwB+x3q7zJqFq9w=
48,-58,ZQPHTWvAskRzWr91q6X4w+jTWxI=,XmhT9U7dnERozwB+x3q7zJqFq9w=
48,-61,ZQPHTWvAskRzWr91q6X4w+jTWxI=,D8NxPh63FkpHHvhIroGhopv5XTE=
48,-59,ZQPHTWvAskRzWr91q6X4w+jTWxI=,XmhT9U7dnERozwB+x3q7zJqFq9w=
48,-53,ZQPHTWvAskRzWr91q6X4w+jTWxI=,xpf4UtH6vPlI6C4k0HAe2oS7w/0=
48,-55,ZQPHTWvAskRzWr91q6X4w+jTWxI=,xpf4UtH6vPlI6C4k0HAe2oS7w/0=
48,-57,ZQPHTWvAskRzWr91q6X4w+jTWxI=,XmhT9U7dnERozwB+x3q7zJqFq9w=
48,-56,ZQPHTWvAskRzWr91q6X4w+jTWxI=,xpf4UtH6vPlI6C4k0HAe2oS7w/0=
48,-54,ZQPHTWvAskRzWr91q6X4w+jTWxI=,xpf4UtH6vPlI6C4k0HAe2oS7w/0=
48,-52,ZQPHTWvAskRzWr91q6X4w+jTWxI=,f3oaL2G4MWroVOCCPe3BgxPIjVk=
62,-51,ZQPHTWvAskRzWr91q6X4w+jTWxI=,z69MVTIgLNcNlx/8wzgwVUoVWBQ=
62,-49,ZQPHTWvAskRzWr91q6X4w+jTWxI=,z69MVTIgLNcNlx/8wzgwVUoVWBQ=
62,-52,ZQPHTWvAskRzWr91q6X4w+jTWxI=,z69MVTIgLNcNlx/8wzgwVUoVWBQ=
61,-53,ZQPHTWvAskRzWr91q6X4w+jTWxI=,vLs/hPbflcKmLChtA+rztN4n2Bw=
62,-50,ZQPHTWvAskRzWr91q6X4w+jTWxI=,z69MVTIgLNcNlx/8wzgwVUoVWBQ=
62,-53,ZQPHTWvAskRzWr91q6X4w+jTWxI=,vLs/hPbflcKmLChtA+rztN4n2Bw=
61,-52,ZQPHTWvAskRzWr91q6X4w+jTWxI=,z69MVTIgLNcNlx/8wzgwVUoVWBQ=
61,-50,ZQPHTWvAskRzWr91q6X4w+jTWxI=,z69MVTIgLNcNlx/8wzgwVUoVWBQ=
61,-49,ZQPHTWvAskRzWr91q6X4w+jTWxI=,z69MVTIgLNcNlx/8wzgwVUoVWBQ=
61,-51,ZQPHTWvAskRzWr91q6X4w+jTWxI=,z69MVTIgLNcNlx/8wzgwVUoVWBQ=
62,-63,ZQPHTWvAskRzWr91q6X4w+jTWxI=,i9/ci4/SVxSivfYTeZbz+X3EI+Y=
60,-63,A/DBj+bS/YnEsB/Xx3xaMDZthBw=,i9/ci4/SVxSivfYTeZbz+X3EI+Y=
59,-63,A/DBj+bS/YnEsB/Xx3xaMDZthBw=,d2gTMEqhmIkKuqSxSDVV1+ErCv4=
61,-63,A/DBj+bS/YnEsB/Xx3xaMDZthBw=,i9/ci4/SVxSivfYTeZbz+X3EI+Y=
62,-62,A/DBj+bS/YnEsB/Xx3xaMDZthBw=,i9/ci4/SVxSivfYTeZbz+X3EI+Y=
62,-60,A/DBj+bS/YnEsB/Xx3xaMDZthBw=,gLT+0Y/TAgW8vGkKBsTbTPZiIiE=
59,-61,A/DBj+bS/YnEsB/Xx3xaMDZthBw=,d2gTMEqhmIkKuqSxSDVV1+ErCv4=
61,-62,A/DBj+bS/YnEsB/Xx3xaMDZthBw=,i9/ci4/SVxSivfYTeZbz+X3EI+Y=
61,-60,A/DBj+bS/YnEsB/Xx3xaMDZthBw=,gLT+0Y/TAgW8vGkKBsTbTPZiIiE=
60,-62,A/DBj+bS/YnEsB/Xx3xaMDZthBw=,i9/ci4/SVxSivfYTeZbz+X3EI+Y=
60,-60,A/DBj+bS/YnEsB/Xx3xaMDZthBw=,gLT+0Y/TAgW8vGkKBsTbTPZiIiE=
59,-62,A/DBj+bS/YnEsB/Xx3xaMDZthBw=,d2gTMEqhmIkKuqSxSDVV1+ErCv4=
62,-61,A/DBj+bS/YnEsB/Xx3xaMDZthBw=,i9/ci4/SVxSivfYTeZbz+X3EI+Y=
61,-61,A/DBj+bS/YnEsB/Xx3xaMDZthBw=,i9/ci4/SVxSivfYTeZbz+X3EI+Y=
59,-60,A/DBj+bS/YnEsB/Xx3xaMDZthBw=,byVQqKtNnqbQOHNg8lOt5k1oY08=
60,-61,A/DBj+bS/YnEsB/Xx3xaMDZthBw=,i9/ci4/SVxSivfYTeZbz+X3EI+Y=
58,-49,A/DBj+bS/YnEsB/Xx3xaMDZthBw=,tXFehfvE7E8fHXvyYcxZ8lio3aM=
56,-53,A/DBj+bS/YnEsB/Xx3xaMDZthBw=,C+1OmLyh+a8enTZpqyzChkzfdL8=
55,-50,A/DBj+bS/YnEsB/Xx3xaMDZthBw=,+WLok+gH1wsZ+zSS0wPAYmXn2R8=
60,-49,A/DBj+bS/YnEsB/Xx3xaMDZthBw=,z69MVTIgLNcNlx/8wzgwVUoVWBQ=
58,-53,A/DBj+bS/YnEsB/Xx3xaMDZthBw=,C+1OmLyh+a8enTZpqyzChkzfdL8=
57,-53,A/DBj+bS/YnEsB/Xx3xaMDZthBw=,C+1OmLyh+a8enTZpqyzChkzfdL8=
55,-53,A/DBj+bS/YnEsB/Xx3xaMDZthBw=,GGPDZn6rP2ysriQOy6RJtWChcx8=
59,-49,A/DBj+bS/YnEsB/Xx3xaMDZthBw=,tXFehfvE7E8fHXvyYcxZ8lio3aM=
55,-49,A/DBj+bS/YnEsB/Xx3xaMDZthBw=,+WLok+gH1wsZ+zSS0wPAYmXn2R8=
56,-49,A/DBj+bS/YnEsB/Xx3xaMDZthBw=,tXFehfvE7E8fHXvyYcxZ8lio3aM=
57,-49,A/DBj+bS/YnEsB/Xx3xaMDZthBw=,tXFehfvE7E8fHXvyYcxZ8lio3aM=
59,-50,A/DBj+bS/YnEsB/Xx3xaMDZthBw=,tXFehfvE7E8fHXvyYcxZ8lio3aM=
55,-51,A/DBj+bS/YnEsB/Xx3xaMDZthBw=,+WLok+gH1wsZ+zSS0wPAYmXn2R8=
57,-50,A/DBj+bS/YnEsB/Xx3xaMDZthBw=,tXFehfvE7E8fHXvyYcxZ8lio3aM=
58,-50,A/DBj+bS/YnEsB/Xx3xaMDZthBw=,tXFehfvE7E8fHXvyYcxZ8lio3aM=
56,-50,A/DBj+bS/YnEsB/Xx3xaMDZthBw=,tXFehfvE7E8fHXvyYcxZ8lio3aM=
58,-51,A/DBj+bS/YnEsB/Xx3xaMDZthBw=,tXFehfvE7E8fHXvyYcxZ8lio3aM=
59,-51,A/DBj+bS/YnEsB/Xx3xaMDZthBw=,tXFehfvE7E8fHXvyYcxZ8lio3aM=
59,-53,A/DBj+bS/YnEsB/Xx3xaMDZthBw=,C+1OmLyh+a8enTZpqyzChkzfdL8=
57,-51,A/DBj+bS/YnEsB/Xx3xaMDZthBw=,tXFehfvE7E8fHXvyYcxZ8lio3aM=
56,-51,A/DBj+bS/YnEsB/Xx3xaMDZthBw=,tXFehfvE7E8fHXvyYcxZ8lio3aM=
55,-52,A/DBj+bS/YnEsB/Xx3xaMDZthBw=,+WLok+gH1wsZ+zSS0wPAYmXn2R8=
59,-52,A/DBj+bS/YnEsB/Xx3xaMDZthBw=,tXFehfvE7E8fHXvyYcxZ8lio3aM=
60,-51,A/DBj+bS/YnEsB/Xx3xaMDZthBw=,z69MVTIgLNcNlx/8wzgwVUoVWBQ=
60,-52,A/DBj+bS/YnEsB/Xx3xaMDZthBw=,z69MVTIgLNcNlx/8wzgwVUoVWBQ=
60,-50,A/DBj+bS/YnEsB/Xx3xaMDZthBw=,z69MVTIgLNcNlx/8wzgwVUoVWBQ=
58,-52,A/DBj+bS/YnEsB/Xx3xaMDZthBw=,tXFehfvE7E8fHXvyYcxZ8lio3aM=
60,-53,A/DBj+bS/YnEsB/Xx3xaMDZthBw=,vLs/hPbflcKmLChtA+rztN4n2Bw=
57,-52,A/DBj+bS/YnEsB/Xx3xaMDZthBw=,tXFehfvE7E8fHXvyYcxZ8lio3aM=
56,-52,A/DBj+bS/YnEsB/Xx3xaMDZthBw=,tXFehfvE7E8fHXvyYcxZ8lio3aM=
37,-51,Z7O/KcF+HTwl0fu/m2cEf94+R3w=,hAnj7p7CzC5VkLmPGQYcI3yw5MY=
38,-50,mjeXRzGwevbPP+QHdsZX+JDjD2A=,hAnj7p7CzC5VkLmPGQYcI3yw5MY=
38,-51,mjeXRzGwevbPP+QHdsZX+JDjD2A=,hAnj7p7CzC5VkLmPGQYcI3yw5MY=
37,-50,mjeXRzGwevbPP+QHdsZX+JDjD2A=,hAnj7p7CzC5VkLmPGQYcI3yw5MY=
35,-50,mjeXRzGwevbPP+QHdsZX+JDjD2A=,z2WE1t9UNDUZ0Jgjl4O+W5AgQ6g=
33,-50,mjeXRzGwevbPP+QHdsZX+JDjD2A=,z2WE1t9UNDUZ0Jgjl4O+W5AgQ6g=
36,-51,mjeXRzGwevbPP+QHdsZX+JDjD2A=,hAnj7p7CzC5VkLmPGQYcI3yw5MY=
33,-53,mjeXRzGwevbPP+QHdsZX+JDjD2A=,tmiHJ9i1qj2kX8nnnpgb10snVvU=
35,-51,mjeXRzGwevbPP+QHdsZX+JDjD2A=,z2WE1t9UNDUZ0Jgjl4O+W5AgQ6g=
34,-51,mjeXRzGwevbPP+QHdsZX+JDjD2A=,z2WE1t9UNDUZ0Jgjl4O+W5AgQ6g=
36,-50,mjeXRzGwevbPP+QHdsZX+JDjD2A=,hAnj7p7CzC5VkLmPGQYcI3yw5MY=
33,-51,mjeXRzGwevbPP+QHdsZX+JDjD2A=,z2WE1t9UNDUZ0Jgjl4O+W5AgQ6g=
34,-54,mjeXRzGwevbPP+QHdsZX+JDjD2A=,tmiHJ9i1qj2kX8nnnpgb10snVvU=
34,-50,mjeXRzGwevbPP+QHdsZX+JDjD2A=,z2WE1t9UNDUZ0Jgjl4O+W5AgQ6g=
33,-54,mjeXRzGwevbPP+QHdsZX+JDjD2A=,tmiHJ9i1qj2kX8nnnpgb10snVvU=
34,-55,mjeXRzGwevbPP+QHdsZX+JDjD2A=,tmiHJ9i1qj2kX8nnnpgb10snVvU=
34,-52,mjeXRzGwevbPP+QHdsZX+JDjD2A=,z2WE1t9UNDUZ0Jgjl4O+W5AgQ6g=
33,-55,mjeXRzGwevbPP+QHdsZX+JDjD2A=,tmiHJ9i1qj2kX8nnnpgb10snVvU=
35,-54,mjeXRzGwevbPP+QHdsZX+JDjD2A=,tmiHJ9i1qj2kX8nnnpgb10snVvU=
34,-53,mjeXRzGwevbPP+QHdsZX+JDjD2A=,tmiHJ9i1qj2kX8nnnpgb10snVvU=
36,-54,mjeXRzGwevbPP+QHdsZX+JDjD2A=,9aOcqPguBB4iwb79P9sGqwlwz9w=
38,-55,mjeXRzGwevbPP+QHdsZX+JDjD2A=,9aOcqPguBB4iwb79P9sGqwlwz9w=
35,-55,mjeXRzGwevbPP+QHdsZX+JDjD2A=,tmiHJ9i1qj2kX8nnnpgb10snVvU=
37,-53,mjeXRzGwevbPP+QHdsZX+JDjD2A=,9aOcqPguBB4iwb79P9sGqwlwz9w=
38,-53,mjeXRzGwevbPP+QHdsZX+JDjD2A=,9aOcqPguBB4iwb79P9sGqwlwz9w=
35,-52,mjeXRzGwevbPP+QHdsZX+JDjD2A=,z2WE1t9UNDUZ0Jgjl4O+W5AgQ6g=
37,-55,mjeXRzGwevbPP+QHdsZX+JDjD2A=,9aOcqPguBB4iwb79P9sGqwlwz9w=
33,-52,mjeXRzGwevbPP+QHdsZX+JDjD2A=,z2WE1t9UNDUZ0Jgjl4O+W5AgQ6g=
36,-53,mjeXRzGwevbPP+QHdsZX+JDjD2A=,9aOcqPguBB4iwb79P9sGqwlwz9w=
36,-55,mjeXRzGwevbPP+QHdsZX+JDjD2A=,9aOcqPguBB4iwb79P9sGqwlwz9w=
37,-54,mjeXRzGwevbPP+QHdsZX+JDjD2A=,9aOcqPguBB4iwb79P9sGqwlwz9w=
38,-54,mjeXRzGwevbPP+QHdsZX+JDjD2A=,9aOcqPguBB4iwb79P9sGqwlwz9w=
35,-53,mjeXRzGwevbPP+QHdsZX+JDjD2A=,tmiHJ9i1qj2kX8nnnpgb10snVvU=
37,-52,mjeXRzGwevbPP+QHdsZX+JDjD2A=,hAnj7p7CzC5VkLmPGQYcI3yw5MY=
36,-52,mjeXRzGwevbPP+QHdsZX+JDjD2A=,hAnj7p7CzC5VkLmPGQYcI3yw5MY=
38,-52,mjeXRzGwevbPP+QHdsZX+JDjD2A=,hAnj7p7CzC5VkLmPGQYcI3yw5MY=
40,-54,VWDsKrmvrtZ6tS4kyb0FMmLQ56Y=,71cKO/9f42RpMTEqityP6/4bMyg=
39,-54,VWDsKrmvrtZ6tS4kyb0FMmLQ56Y=,9aOcqPguBB4iwb79P9sGqwlwz9w=
41,-54,VWDsKrmvrtZ6tS4kyb0FMmLQ56Y=,71cKO/9f42RpMTEqityP6/4bMyg=
39,-55,VWDsKrmvrtZ6tS4kyb0FMmLQ56Y=,9aOcqPguBB4iwb79P9sGqwlwz9w=
42,-54,VWDsKrmvrtZ6tS4kyb0FMmLQ56Y=,71cKO/9f42RpMTEqityP6/4bMyg=
41,-55,VWDsKrmvrtZ6tS4kyb0FMmLQ56Y=,71cKO/9f42RpMTEqityP6/4bMyg=
40,-55,VWDsKrmvrtZ6tS4kyb0FMmLQ56Y=,71cKO/9f42RpMTEqityP6/4bMyg=
42,-55,VWDsKrmvrtZ6tS4kyb0FMmLQ56Y=,71cKO/9f42RpMTEqityP6/4bMyg=
43,-54,VWDsKrmvrtZ6tS4kyb0FMmLQ56Y=,71cKO/9f42RpMTEqityP6/4bMyg=
45,-54,VWDsKrmvrtZ6tS4kyb0FMmLQ56Y=,vJetGoEZPSL3IOOF4qUgMVt4aww=
46,-54,VWDsKrmvrtZ6tS4kyb0FMmLQ56Y=,vJetGoEZPSL3IOOF4qUgMVt4aww=
44,-55,VWDsKrmvrtZ6tS4kyb0FMmLQ56Y=,vJetGoEZPSL3IOOF4qUgMVt4aww=
46,-55,VWDsKrmvrtZ6tS4kyb0FMmLQ56Y=,vJetGoEZPSL3IOOF4qUgMVt4aww=
43,-55,VWDsKrmvrtZ6tS4kyb0FMmLQ56Y=,71cKO/9f42RpMTEqityP6/4bMyg=
44,-54,VWDsKrmvrtZ6tS4kyb0FMmLQ56Y=,vJetGoEZPSL3IOOF4qUgMVt4aww=
42,-53,VWDsKrmvrtZ6tS4kyb0FMmLQ56Y=,71cKO/9f42RpMTEqityP6/4bMyg=
39,-50,VWDsKrmvrtZ6tS4kyb0FMmLQ56Y=,hAnj7p7CzC5VkLmPGQYcI3yw5MY=
39,-53,VWDsKrmvrtZ6tS4kyb0FMmLQ56Y=,9aOcqPguBB4iwb79P9sGqwlwz9w=
41,-50,VWDsKrmvrtZ6tS4kyb0FMmLQ56Y=,QvURCg11pMupZ8K+iOfwHVJCAk4=
45,-55,VWDsKrmvrtZ6tS4kyb0FMmLQ56Y=,vJetGoEZPSL3IOOF4qUgMVt4aww=
41,-53,VWDsKrmvrtZ6tS4kyb0FMmLQ56Y=,71cKO/9f42RpMTEqityP6/4bMyg=
40,-53,VWDsKrmvrtZ6tS4kyb0FMmLQ56Y=,71cKO/9f42RpMTEqityP6/4bMyg=
40,-50,VWDsKrmvrtZ6tS4kyb0FMmLQ56Y=,QvURCg11pMupZ8K+iOfwHVJCAk4=
42,-50,VWDsKrmvrtZ6tS4kyb0FMmLQ56Y=,QvURCg11pMupZ8K+iOfwHVJCAk4=
39,-51,VWDsKrmvrtZ6tS4kyb0FMmLQ56Y=,hAnj7p7CzC5VkLmPGQYcI3yw5MY=
40,-52,VWDsKrmvrtZ6tS4kyb0FMmLQ56Y=,QvURCg11pMupZ8K+iOfwHVJCAk4=
39,-52,VWDsKrmvrtZ6tS4kyb0FMmLQ56Y=,hAnj7p7CzC5VkLmPGQYcI3yw5MY=
42,-51,VWDsKrmvrtZ6tS4kyb0FMmLQ56Y=,QvURCg11pMupZ8K+iOfwHVJCAk4=
41,-51,VWDsKrmvrtZ6tS4kyb0FMmLQ56Y=,QvURCg11pMupZ8K+iOfwHVJCAk4=
40,-51,VWDsKrmvrtZ6tS4kyb0FMmLQ56Y=,QvURCg11pMupZ8K+iOfwHVJCAk4=
43,-52,VWDsKrmvrtZ6tS4kyb0FMmLQ56Y=,QvURCg11pMupZ8K+iOfwHVJCAk4=
43,-53,VWDsKrmvrtZ6tS4kyb0FMmLQ56Y=,71cKO/9f42RpMTEqityP6/4bMyg=
45,-50,VWDsKrmvrtZ6tS4kyb0FMmLQ56Y=,TnFgV7knFc38HRL9tQT0LQ3a/68=
41,-52,VWDsKrmvrtZ6tS4kyb0FMmLQ56Y=,QvURCg11pMupZ8K+iOfwHVJCAk4=
42,-52,VWDsKrmvrtZ6tS4kyb0FMmLQ56Y=,QvURCg11pMupZ8K+iOfwHVJCAk4=
44,-53,VWDsKrmvrtZ6tS4kyb0FMmLQ56Y=,vJetGoEZPSL3IOOF4qUgMVt4aww=
44,-50,VWDsKrmvrtZ6tS4kyb0FMmLQ56Y=,TnFgV7knFc38HRL9tQT0LQ3a/68=
45,-53,VWDsKrmvrtZ6tS4kyb0FMmLQ56Y=,vJetGoEZPSL3IOOF4qUgMVt4aww=
46,-50,VWDsKrmvrtZ6tS4kyb0FMmLQ56Y=,TnFgV7knFc38HRL9tQT0LQ3a/68=
46,-52,VWDsKrmvrtZ6tS4kyb0FMmLQ56Y=,TnFgV7knFc38HRL9tQT0LQ3a/68=
43,-50,VWDsKrmvrtZ6tS4kyb0FMmLQ56Y=,QvURCg11pMupZ8K+iOfwHVJCAk4=
44,-51,VWDsKrmvrtZ6tS4kyb0FMmLQ56Y=,TnFgV7knFc38HRL9tQT0LQ3a/68=
43,-51,VWDsKrmvrtZ6tS4kyb0FMmLQ56Y=,QvURCg11pMupZ8K+iOfwHVJCAk4=
45,-52,VWDsKrmvrtZ6tS4kyb0FMmLQ56Y=,TnFgV7knFc38HRL9tQT0LQ3a/68=
44,-52,VWDsKrmvrtZ6tS4kyb0FMmLQ56Y=,TnFgV7knFc38HRL9tQT0LQ3a/68=
45,-51,VWDsKrmvrtZ6tS4kyb0FMmLQ56Y=,TnFgV7knFc38HRL9tQT0LQ3a/68=
46,-51,VWDsKrmvrtZ6tS4kyb0FMmLQ56Y=,TnFgV7knFc38HRL9tQT0LQ3a/68=
46,-53,VWDsKrmvrtZ6tS4kyb0FMmLQ56Y=,vJetGoEZPSL3IOOF4qUgMVt4aww=
41,-63,gwhk2Nhjs0+waIyAJ/tVWNolwXU=,apXt1c7UT3HcgT/d7eMJJVaoV7c=
42,-63,gwhk2Nhjs0+waIyAJ/tVWNolwXU=,apXt1c7UT3HcgT/d7eMJJVaoV7c=
41,-62,gwhk2Nhjs0+waIyAJ/tVWNolwXU=,apXt1c7UT3HcgT/d7eMJJVaoV7c=
42,-62,gwhk2Nhjs0+waIyAJ/tVWNolwXU=,apXt1c7UT3HcgT/d7eMJJVaoV7c=
43,-63,gwhk2Nhjs0+waIyAJ/tVWNolwXU=,apXt1c7UT3HcgT/d7eMJJVaoV7c=
46,-63,gwhk2Nhjs0+waIyAJ/tVWNolwXU=,CTwyzADb2rZQ3cYu1brV9TelMws=
45,-63,gwhk2Nhjs0+waIyAJ/tVWNolwXU=,CTwyzADb2rZQ3cYu1brV9TelMws=
44,-63,gwhk2Nhjs0+waIyAJ/tVWNolwXU=,CTwyzADb2rZQ3cYu1brV9TelMws=
46,-62,gwhk2Nhjs0+waIyAJ/tVWNolwXU=,CTwyzADb2rZQ3cYu1brV9TelMws=
45,-62,gwhk2Nhjs0+waIyAJ/tVWNolwXU=,CTwyzADb2rZQ3cYu1brV9TelMws=
44,-62,gwhk2Nhjs0+waIyAJ/tVWNolwXU=,CTwyzADb2rZQ3cYu1brV9TelMws=
43,-62,gwhk2Nhjs0+waIyAJ/tVWNolwXU=,apXt1c7UT3HcgT/d7eMJJVaoV7c=
42,-60,REDcjwZjIHlYCuLOt7RZhmDrJyI=,ab0SN1XwQ6B3TarAVs7weJ1c958=
41,-61,REDcjwZjIHlYCuLOt7RZhmDrJyI=,apXt1c7UT3HcgT/d7eMJJVaoV7c=
41,-60,REDcjwZjIHlYCuLOt7RZhmDrJyI=,ab0SN1XwQ6B3TarAVs7weJ1c958=
42,-57,REDcjwZjIHlYCuLOt7RZhmDrJyI=,ab0SN1XwQ6B3TarAVs7weJ1c958=
42,-61,REDcjwZjIHlYCuLOt7RZhmDrJyI=,apXt1c7UT3HcgT/d7eMJJVaoV7c=
42,-56,REDcjwZjIHlYCuLOt7RZhmDrJyI=,71cKO/9f42RpMTEqityP6/4bMyg=
42,-59,REDcjwZjIHlYCuLOt7RZhmDrJyI=,ab0SN1XwQ6B3TarAVs7weJ1c958=
42,-58,REDcjwZjIHlYCuLOt7RZhmDrJyI=,ab0SN1XwQ6B3TarAVs7weJ1c958=
41,-58,REDcjwZjIHlYCuLOt7RZhmDrJyI=,ab0SN1XwQ6B3TarAVs7weJ1c958=
41,-59,REDcjwZjIHlYCuLOt7RZhmDrJyI=,ab0SN1XwQ6B3TarAVs7weJ1c958=
41,-57,REDcjwZjIHlYCuLOt7RZhmDrJyI=,ab0SN1XwQ6B3TarAVs7weJ1c958=
41,-56,REDcjwZjIHlYCuLOt7RZhmDrJyI=,71cKO/9f42RpMTEqityP6/4bMyg=
46,-60,REDcjwZjIHlYCuLOt7RZhmDrJyI=,sKFeFzvFrxStjd3b/Ig89sGG7I0=
43,-57,REDcjwZjIHlYCuLOt7RZhmDrJyI=,ab0SN1XwQ6B3TarAVs7weJ1c958=
44,-60,REDcjwZjIHlYCuLOt7RZhmDrJyI=,sKFeFzvFrxStjd3b/Ig89sGG7I0=
43,-61,REDcjwZjIHlYCuLOt7RZhmDrJyI=,apXt1c7UT3HcgT/d7eMJJVaoV7c=
43,-60,REDcjwZjIHlYCuLOt7RZhmDrJyI=,ab0SN1XwQ6B3TarAVs7weJ1c958=
46,-57,REDcjwZjIHlYCuLOt7RZhmDrJyI=,sKFeFzvFrxStjd3b/Ig89sGG7I0=
45,-57,REDcjwZjIHlYCuLOt7RZhmDrJyI=,sKFeFzvFrxStjd3b/Ig89sGG7I0=
46,-59,REDcjwZjIHlYCuLOt7RZhmDrJyI=,sKFeFzvFrxStjd3b/Ig89sGG7I0=
45,-59,REDcjwZjIHlYCuLOt7RZhmDrJyI=,sKFeFzvFrxStjd3b/Ig89sGG7I0=
45,-60,REDcjwZjIHlYCuLOt7RZhmDrJyI=,sKFeFzvFrxStjd3b/Ig89sGG7I0=
46,-61,REDcjwZjIHlYCuLOt7RZhmDrJyI=,CTwyzADb2rZQ3cYu1brV9TelMws=
43,-58,REDcjwZjIHlYCuLOt7RZhmDrJyI=,ab0SN1XwQ6B3TarAVs7weJ1c958=
44,-61,REDcjwZjIHlYCuLOt7RZhmDrJyI=,CTwyzADb2rZQ3cYu1brV9TelMws=
46,-58,REDcjwZjIHlYCuLOt7RZhmDrJyI=,sKFeFzvFrxStjd3b/Ig89sGG7I0=
43,-59,REDcjwZjIHlYCuLOt7RZhmDrJyI=,ab0SN1XwQ6B3TarAVs7weJ1c958=
45,-58,REDcjwZjIHlYCuLOt7RZhmDrJyI=,sKFeFzvFrxStjd3b/Ig89sGG7I0=
44,-59,REDcjwZjIHlYCuLOt7RZhmDrJyI=,sKFeFzvFrxStjd3b/Ig89sGG7I0=
45,-61,REDcjwZjIHlYCuLOt7RZhmDrJyI=,CTwyzADb2rZQ3cYu1brV9TelMws=
44,-57,REDcjwZjIHlYCuLOt7RZhmDrJyI=,sKFeFzvFrxStjd3b/Ig89sGG7I0=
44,-58,REDcjwZjIHlYCuLOt7RZhmDrJyI=,sKFeFzvFrxStjd3b/Ig89sGG7I0=
46,-56,REDcjwZjIHlYCuLOt7RZhmDrJyI=,vJetGoEZPSL3IOOF4qUgMVt4aww=
43,-56,REDcjwZjIHlYCuLOt7RZhmDrJyI=,71cKO/9f42RpMTEqityP6/4bMyg=
45,-56,REDcjwZjIHlYCuLOt7RZhmDrJyI=,vJetGoEZPSL3IOOF4qUgMVt4aww=
44,-56,REDcjwZjIHlYCuLOt7RZhmDrJyI=,vJetGoEZPSL3IOOF4qUgMVt4aww=
40,-63,REDcjwZjIHlYCuLOt7RZhmDrJyI=,apXt1c7UT3HcgT/d7eMJJVaoV7c=
37,-63,REDcjwZjIHlYCuLOt7RZhmDrJyI=,7mPEL7SoWZW6ohifINHBPnzkBLE=
38,-63,REDcjwZjIHlYCuLOt7RZhmDrJyI=,7mPEL7SoWZW6ohifINHBPnzkBLE=
39,-62,REDcjwZjIHlYCuLOt7RZhmDrJyI=,7mPEL7SoWZW6ohifINHBPnzkBLE=
39,-63,REDcjwZjIHlYCuLOt7RZhmDrJyI=,7mPEL7SoWZW6ohifINHBPnzkBLE=
37,-62,REDcjwZjIHlYCuLOt7RZhmDrJyI=,7mPEL7SoWZW6ohifINHBPnzkBLE=
40,-62,REDcjwZjIHlYCuLOt7RZhmDrJyI=,apXt1c7UT3HcgT/d7eMJJVaoV7c=
38,-62,REDcjwZjIHlYCuLOt7RZhmDrJyI=,7mPEL7SoWZW6ohifINHBPnzkBLE=
32,-54,AGARHt8XWdLmq6nlR/TkAliUWVw=,tmiHJ9i1qj2kX8nnnpgb10snVvU=
32,-55,AGARHt8XWdLmq6nlR/TkAliUWVw=,tmiHJ9i1qj2kX8nnnpgb10snVvU=
32,-50,AGARHt8XWdLmq6nlR/TkAliUWVw=,z2WE1t9UNDUZ0Jgjl4O+W5AgQ6g=
32,-51,AGARHt8XWdLmq6nlR/TkAliUWVw=,z2WE1t9UNDUZ0Jgjl4O+W5AgQ6g=
32,-52,AGARHt8XWdLmq6nlR/TkAliUWVw=,z2WE1t9UNDUZ0Jgjl4O+W5AgQ6g=
32,-53,AGARHt8XWdLmq6nlR/TkAliUWVw=,tmiHJ9i1qj2kX8nnnpgb10snVvU=
33,-49,AGARHt8XWdLmq6nlR/TkAliUWVw=,z2WE1t9UNDUZ0Jgjl4O+W5AgQ6g=
34,-49,AGARHt8XWdLmq6nlR/TkAliUWVw=,z2WE1t9UNDUZ0Jgjl4O+W5AgQ6g=
38,-49,AGARHt8XWdLmq6nlR/TkAliUWVw=,hAnj7p7CzC5VkLmPGQYcI3yw5MY=
35,-49,AGARHt8XWdLmq6nlR/TkAliUWVw=,z2WE1t9UNDUZ0Jgjl4O+W5AgQ6g=
36,-49,AGARHt8XWdLmq6nlR/TkAliUWVw=,hAnj7p7CzC5VkLmPGQYcI3yw5MY=
37,-49,AGARHt8XWdLmq6nlR/TkAliUWVw=,hAnj7p7CzC5VkLmPGQYcI3yw5MY=
39,-49,AGARHt8XWdLmq6nlR/TkAliUWVw=,hAnj7p7CzC5VkLmPGQYcI3yw5MY=
41,-49,AGARHt8XWdLmq6nlR/TkAliUWVw=,QvURCg11pMupZ8K+iOfwHVJCAk4=
42,-49,AGARHt8XWdLmq6nlR/TkAliUWVw=,QvURCg11pMupZ8K+iOfwHVJCAk4=
40,-49,AGARHt8XWdLmq6nlR/TkAliUWVw=,QvURCg11pMupZ8K+iOfwHVJCAk4=
46,-49,AGARHt8XWdLmq6nlR/TkAliUWVw=,TnFgV7knFc38HRL9tQT0LQ3a/68=
43,-49,AGARHt8XWdLmq6nlR/TkAliUWVw=,QvURCg11pMupZ8K+iOfwHVJCAk4=
45,-49,AGARHt8XWdLmq6nlR/TkAliUWVw=,TnFgV7knFc38HRL9tQT0LQ3a/68=
44,-49,AGARHt8XWdLmq6nlR/TkAliUWVw=,TnFgV7knFc38HRL9tQT0LQ3a/68=
47,-50,AGARHt8XWdLmq6nlR/TkAliUWVw=,TnFgV7knFc38HRL9tQT0LQ3a/68=
47,-51,AGARHt8XWdLmq6nlR/TkAliUWVw=,TnFgV7knFc38HRL9tQT0LQ3a/68=
47,-55,AGARHt8XWdLmq6nlR/TkAliUWVw=,vJetGoEZPSL3IOOF4qUgMVt4aww=
47,-53,AGARHt8XWdLmq6nlR/TkAliUWVw=,vJetGoEZPSL3IOOF4qUgMVt4aww=
47,-52,AGARHt8XWdLmq6nlR/TkAliUWVw=,TnFgV7knFc38HRL9tQT0LQ3a/68=
47,-54,AGARHt8XWdLmq6nlR/TkAliUWVw=,vJetGoEZPSL3IOOF4qUgMVt4aww=
47,-59,AGARHt8XWdLmq6nlR/TkAliUWVw=,sKFeFzvFrxStjd3b/Ig89sGG7I0=
47,-58,AGARHt8XWdLmq6nlR/TkAliUWVw=,sKFeFzvFrxStjd3b/Ig89sGG7I0=
47,-57,AGARHt8XWdLmq6nlR/TkAliUWVw=,sKFeFzvFrxStjd3b/Ig89sGG7I0=
36,-63,AGARHt8XWdLmq6nlR/TkAliUWVw=,7mPEL7SoWZW6ohifINHBPnzkBLE=
47,-56,AGARHt8XWdLmq6nlR/TkAliUWVw=,vJetGoEZPSL3IOOF4qUgMVt4aww=
33,-63,AGARHt8XWdLmq6nlR/TkAliUWVw=,FiGmjhoXLmTUmJHzp5XC77ATAuk=
35,-63,AGARHt8XWdLmq6nlR/TkAliUWVw=,FiGmjhoXLmTUmJHzp5XC77ATAuk=
32,-63,AGARHt8XWdLmq6nlR/TkAliUWVw=,FiGmjhoXLmTUmJHzp5XC77ATAuk=
34,-63,AGARHt8XWdLmq6nlR/TkAliUWVw=,FiGmjhoXLmTUmJHzp5XC77ATAuk=
33,-62,AGARHt8XWdLmq6nlR/TkAliUWVw=,FiGmjhoXLmTUmJHzp5XC77ATAuk=
35,-62,AGARHt8XWdLmq6nlR/TkAliUWVw=,FiGmjhoXLmTUmJHzp5XC77ATAuk=
34,-62,AGARHt8XWdLmq6nlR/TkAliUWVw=,FiGmjhoXLmTUmJHzp5XC77ATAuk=
36,-62,AGARHt8XWdLmq6nlR/TkAliUWVw=,7mPEL7SoWZW6ohifINHBPnzkBLE=
32,-62,AGARHt8XWdLmq6nlR/TkAliUWVw=,FiGmjhoXLmTUmJHzp5XC77ATAuk=
47,-49,AGARHt8XWdLmq6nlR/TkAliUWVw=,TnFgV7knFc38HRL9tQT0LQ3a/68=
32,-49,AGARHt8XWdLmq6nlR/TkAliUWVw=,z2WE1t9UNDUZ0Jgjl4O+W5AgQ6g=
38,-57,AGARHt8XWdLmq6nlR/TkAliUWVw=,xvn4H7yNg3p126scsX1oNCtFUDA=
39,-60,AGARHt8XWdLmq6nlR/TkAliUWVw=,xvn4H7yNg3p126scsX1oNCtFUDA=
40,-60,AGARHt8XWdLmq6nlR/TkAliUWVw=,ab0SN1XwQ6B3TarAVs7weJ1c958=
38,-60,AGARHt8XWdLmq6nlR/TkAliUWVw=,xvn4H7yNg3p126scsX1oNCtFUDA=
37,-57,AGARHt8XWdLmq6nlR/TkAliUWVw=,xvn4H7yNg3p126scsX1oNCtFUDA=
37,-60,AGARHt8XWdLmq6nlR/TkAliUWVw=,xvn4H7yNg3p126scsX1oNCtFUDA=
39,-57,AGARHt8XWdLmq6nlR/TkAliUWVw=,xvn4H7yNg3p126scsX1oNCtFUDA=
40,-56,AGARHt8XWdLmq6nlR/TkAliUWVw=,71cKO/9f42RpMTEqityP6/4bMyg=
39,-61,AGARHt8XWdLmq6nlR/TkAliUWVw=,7mPEL7SoWZW6ohifINHBPnzkBLE=
39,-58,AGARHt8XWdLmq6nlR/TkAliUWVw=,xvn4H7yNg3p126scsX1oNCtFUDA=
38,-61,AGARHt8XWdLmq6nlR/TkAliUWVw=,7mPEL7SoWZW6ohifINHBPnzkBLE=
38,-56,AGARHt8XWdLmq6nlR/TkAliUWVw=,9aOcqPguBB4iwb79P9sGqwlwz9w=
37,-61,AGARHt8XWdLmq6nlR/TkAliUWVw=,7mPEL7SoWZW6ohifINHBPnzkBLE=
39,-56,AGARHt8XWdLmq6nlR/TkAliUWVw=,9aOcqPguBB4iwb79P9sGqwlwz9w=
38,-58,AGARHt8XWdLmq6nlR/TkAliUWVw=,xvn4H7yNg3p126scsX1oNCtFUDA=
40,-57,AGARHt8XWdLmq6nlR/TkAliUWVw=,ab0SN1XwQ6B3TarAVs7weJ1c958=
40,-61,AGARHt8XWdLmq6nlR/TkAliUWVw=,apXt1c7UT3HcgT/d7eMJJVaoV7c=
37,-56,AGARHt8XWdLmq6nlR/TkAliUWVw=,9aOcqPguBB4iwb79P9sGqwlwz9w=
39,-59,AGARHt8XWdLmq6nlR/TkAliUWVw=,xvn4H7yNg3p126scsX1oNCtFUDA=
40,-59,AGARHt8XWdLmq6nlR/TkAliUWVw=,ab0SN1XwQ6B3TarAVs7weJ1c958=
37,-58,AGARHt8XWdLmq6nlR/TkAliUWVw=,xvn4H7yNg3p126scsX1oNCtFUDA=
40,-58,AGARHt8XWdLmq6nlR/TkAliUWVw=,ab0SN1XwQ6B3TarAVs7weJ1c958=
37,-59,AGARHt8XWdLmq6nlR/TkAliUWVw=,xvn4H7yNg3p126scsX1oNCtFUDA=
38,-59,AGARHt8XWdLmq6nlR/TkAliUWVw=,xvn4H7yNg3p126scsX1oNCtFUDA=
47,-63,AGARHt8XWdLmq6nlR/TkAliUWVw=,CTwyzADb2rZQ3cYu1brV9TelMws=
47,-60,AGARHt8XWdLmq6nlR/TkAliUWVw=,sKFeFzvFrxStjd3b/Ig89sGG7I0=
47,-61,AGARHt8XWdLmq6nlR/TkAliUWVw=,CTwyzADb2rZQ3cYu1brV9TelMws=
47,-62,AGARHt8XWdLmq6nlR/TkAliUWVw=,CTwyzADb2rZQ3cYu1brV9TelMws=
35,-56,AGARHt8XWdLmq6nlR/TkAliUWVw=,tmiHJ9i1qj2kX8nnnpgb10snVvU=
36,-57,AGARHt8XWdLmq6nlR/TkAliUWVw=,xvn4H7yNg3p126scsX1oNCtFUDA=
35,-60,AGARHt8XWdLmq6nlR/TkAliUWVw=,NGMNHaOJNWv1adSHo3SxlUmbg2M=
33,-56,AGARHt8XWdLmq6nlR/TkAliUWVw=,tmiHJ9i1qj2kX8nnnpgb10snVvU=
34,-56,AGARHt8XWdLmq6nlR/TkAliUWVw=,tmiHJ9i1qj2kX8nnnpgb10snVvU=
33,-60,AGARHt8XWdLmq6nlR/TkAliUWVw=,NGMNHaOJNWv1adSHo3SxlUmbg2M=
34,-60,AGARHt8XWdLmq6nlR/TkAliUWVw=,NGMNHaOJNWv1adSHo3SxlUmbg2M=
32,-56,AGARHt8XWdLmq6nlR/TkAliUWVw=,tmiHJ9i1qj2kX8nnnpgb10snVvU=
36,-59,AGARHt8XWdLmq6nlR/TkAliUWVw=,xvn4H7yNg3p126scsX1oNCtFUDA=
32,-60,AGARHt8XWdLmq6nlR/TkAliUWVw=,NGMNHaOJNWv1adSHo3SxlUmbg2M=
36,-60,AGARHt8XWdLmq6nlR/TkAliUWVw=,xvn4H7yNg3p126scsX1oNCtFUDA=
35,-57,AGARHt8XWdLmq6nlR/TkAliUWVw=,NGMNHaOJNWv1adSHo3SxlUmbg2M=
34,-57,AGARHt8XWdLmq6nlR/TkAliUWVw=,NGMNHaOJNWv1adSHo3SxlUmbg2M=
36,-61,AGARHt8XWdLmq6nlR/TkAliUWVw=,7mPEL7SoWZW6ohifINHBPnzkBLE=
32,-59,AGARHt8XWdLmq6nlR/TkAliUWVw=,NGMNHaOJNWv1adSHo3SxlUmbg2M=
34,-61,AGARHt8XWdLmq6nlR/TkAliUWVw=,FiGmjhoXLmTUmJHzp5XC77ATAuk=
33,-57,AGARHt8XWdLmq6nlR/TkAliUWVw=,NGMNHaOJNWv1adSHo3SxlUmbg2M=
36,-58,AGARHt8XWdLmq6nlR/TkAliUWVw=,xvn4H7yNg3p126scsX1oNCtFUDA=
35,-61,AGARHt8XWdLmq6nlR/TkAliUWVw=,FiGmjhoXLmTUmJHzp5XC77ATAuk=
32,-57,AGARHt8XWdLmq6nlR/TkAliUWVw=,NGMNHaOJNWv1adSHo3SxlUmbg2M=
33,-61,AGARHt8XWdLmq6nlR/TkAliUWVw=,FiGmjhoXLmTUmJHzp5XC77ATAuk=
34,-58,AGARHt8XWdLmq6nlR/TkAliUWVw=,NGMNHaOJNWv1adSHo3SxlUmbg2M=
33,-58,AGARHt8XWdLmq6nlR/TkAliUWVw=,NGMNHaOJNWv1adSHo3SxlUmbg2M=
35,-59,AGARHt8XWdLmq6nlR/TkAliUWVw=,NGMNHaOJNWv1adSHo3SxlUmbg2M=
36,-56,AGARHt8XWdLmq6nlR/TkAliUWVw=,9aOcqPguBB4iwb79P9sGqwlwz9w=
32,-58,AGARHt8XWdLmq6nlR/TkAliUWVw=,NGMNHaOJNWv1adSHo3SxlUmbg2M=
34,-59,AGARHt8XWdLmq6nlR/TkAliUWVw=,NGMNHaOJNWv1adSHo3SxlUmbg2M=
33,-59,AGARHt8XWdLmq6nlR/TkAliUWVw=,NGMNHaOJNWv1adSHo3SxlUmbg2M=
35,-58,AGARHt8XWdLmq6nlR/TkAliUWVw=,NGMNHaOJNWv1adSHo3SxlUmbg2M=
32,-61,AGARHt8XWdLmq6nlR/TkAliUWVw=,FiGmjhoXLmTUmJHzp5XC77ATAuk=
37,-38,vq9yog30oHntm8eX+KtIpUTRSbI=,z3Bb3ngPxnPG+WylArq+9NIvJMg=
38,-38,le8eI7vsqCOxi4yiTmua+2xA33M=,z3Bb3ngPxnPG+WylArq+9NIvJMg=
37,-39,le8eI7vsqCOxi4yiTmua+2xA33M=,z3Bb3ngPxnPG+WylArq+9NIvJMg=
38,-39,le8eI7vsqCOxi4yiTmua+2xA33M=,z3Bb3ngPxnPG+WylArq+9NIvJMg=
33,-38,le8eI7vsqCOxi4yiTmua+2xA33M=,z3Bb3ngPxnPG+WylArq+9NIvJMg=
34,-38,le8eI7vsqCOxi4yiTmua+2xA33M=,z3Bb3ngPxnPG+WylArq+9NIvJMg=
35,-38,le8eI7vsqCOxi4yiTmua+2xA33M=,z3Bb3ngPxnPG+WylArq+9NIvJMg=
33,-39,le8eI7vsqCOxi4yiTmua+2xA33M=,z3Bb3ngPxnPG+WylArq+9NIvJMg=
36,-38,le8eI7vsqCOxi4yiTmua+2xA33M=,z3Bb3ngPxnPG+WylArq+9NIvJMg=
33,-35,le8eI7vsqCOxi4yiTmua+2xA33M=,/VKgLgkYBuWQEK4jWajWow3ASB0=
34,-39,le8eI7vsqCOxi4yiTmua+2xA33M=,z3Bb3ngPxnPG+WylArq+9NIvJMg=
35,-39,le8eI7vsqCOxi4yiTmua+2xA33M=,z3Bb3ngPxnPG+WylArq+9NIvJMg=
36,-39,le8eI7vsqCOxi4yiTmua+2xA33M=,z3Bb3ngPxnPG+WylArq+9NIvJMg=
34,-34,le8eI7vsqCOxi4yiTmua+2xA33M=,/VKgLgkYBuWQEK4jWajWow3ASB0=
35,-34,le8eI7vsqCOxi4yiTmua+2xA33M=,/VKgLgkYBuWQEK4jWajWow3ASB0=
36,-36,le8eI7vsqCOxi4yiTmua+2xA33M=,/VKgLgkYBuWQEK4jWajWow3ASB0=
35,-36,le8eI7vsqCOxi4yiTmua+2xA33M=,/VKgLgkYBuWQEK4jWajWow3ASB0=
33,-34,le8eI7vsqCOxi4yiTmua+2xA33M=,/VKgLgkYBuWQEK4jWajWow3ASB0=
34,-36,le8eI7vsqCOxi4yiTmua+2xA33M=,/VKgLgkYBuWQEK4jWajWow3ASB0=
33,-36,le8eI7vsqCOxi4yiTmua+2xA33M=,/VKgLgkYBuWQEK4jWajWow3ASB0=
38,-34,le8eI7vsqCOxi4yiTmua+2xA33M=,/VKgLgkYBuWQEK4jWajWow3ASB0=
34,-35,le8eI7vsqCOxi4yiTmua+2xA33M=,/VKgLgkYBuWQEK4jWajWow3ASB0=
37,-34,le8eI7vsqCOxi4yiTmua+2xA33M=,/VKgLgkYBuWQEK4jWajWow3ASB0=
35,-35,le8eI7vsqCOxi4yiTmua+2xA33M=,/VKgLgkYBuWQEK4jWajWow3ASB0=
37,-36,le8eI7vsqCOxi4yiTmua+2xA33M=,/VKgLgkYBuWQEK4jWajWow3ASB0=
33,-37,le8eI7vsqCOxi4yiTmua+2xA33M=,z3Bb3ngPxnPG+WylArq+9NIvJMg=
36,-34,le8eI7vsqCOxi4yiTmua+2xA33M=,/VKgLgkYBuWQEK4jWajWow3ASB0=
38,-35,le8eI7vsqCOxi4yiTmua+2xA33M=,/VKgLgkYBuWQEK4jWajWow3ASB0=
35,-37,le8eI7vsqCOxi4yiTmua+2xA33M=,z3Bb3ngPxnPG+WylArq+9NIvJMg=
34,-37,le8eI7vsqCOxi4yiTmua+2xA33M=,z3Bb3ngPxnPG+WylArq+9NIvJMg=
37,-35,le8eI7vsqCOxi4yiTmua+2xA33M=,/VKgLgkYBuWQEK4jWajWow3ASB0=
37,-37,le8eI7vsqCOxi4yiTmua+2xA33M=,z3Bb3ngPxnPG+WylArq+9NIvJMg=
38,-37,le8eI7vsqCOxi4yiTmua+2xA33M=,z3Bb3ngPxnPG+WylArq+9NIvJMg=
38,-36,le8eI7vsqCOxi4yiTmua+2xA33M=,/VKgLgkYBuWQEK4jWajWow3ASB0=
36,-35,le8eI7vsqCOxi4yiTmua+2xA33M=,/VKgLgkYBuWQEK4jWajWow3ASB0=
36,-37,le8eI7vsqCOxi4yiTmua+2xA33M=,z3Bb3ngPxnPG+WylArq+9NIvJMg=
40,-39,lDbBypBiAN/32BhSaGZmqmjnGPI=,z3Bb3ngPxnPG+WylArq+9NIvJMg=
40,-38,lDbBypBiAN/32BhSaGZmqmjnGPI=,z3Bb3ngPxnPG+WylArq+9NIvJMg=
41,-38,lDbBypBiAN/32BhSaGZmqmjnGPI=,z3Bb3ngPxnPG+WylArq+9NIvJMg=
39,-38,lDbBypBiAN/32BhSaGZmqmjnGPI=,z3Bb3ngPxnPG+WylArq+9NIvJMg=
39,-39,lDbBypBiAN/32BhSaGZmqmjnGPI=,z3Bb3ngPxnPG+WylArq+9NIvJMg=
41,-39,lDbBypBiAN/32BhSaGZmqmjnGPI=,z3Bb3ngPxnPG+WylArq+9NIvJMg=
42,-39,lDbBypBiAN/32BhSaGZmqmjnGPI=,z3Bb3ngPxnPG+WylArq+9NIvJMg=
42,-38,lDbBypBiAN/32BhSaGZmqmjnGPI=,z3Bb3ngPxnPG+WylArq+9NIvJMg=
40,-37,lDbBypBiAN/32BhSaGZmqmjnGPI=,z3Bb3ngPxnPG+WylArq+9NIvJMg=
39,-34,lDbBypBiAN/32BhSaGZmqmjnGPI=,/VKgLgkYBuWQEK4jWajWow3ASB0=
42,-34,lDbBypBiAN/32BhSaGZmqmjnGPI=,z3Bb3ngPxnPG+WylArq+9NIvJMg=
41,-34,lDbBypBiAN/32BhSaGZmqmjnGPI=,z3Bb3ngPxnPG+WylArq+9NIvJMg=
41,-35,lDbBypBiAN/32BhSaGZmqmjnGPI=,z3Bb3ngPxnPG+WylArq+9NIvJMg=
40,-34,lDbBypBiAN/32BhSaGZmqmjnGPI=,z3Bb3ngPxnPG+WylArq+9NIvJMg=
39,-35,lDbBypBiAN/32BhSaGZmqmjnGPI=,/VKgLgkYBuWQEK4jWajWow3ASB0=
42,-35,lDbBypBiAN/32BhSaGZmqmjnGPI=,z3Bb3ngPxnPG+WylArq+9NIvJMg=
40,-35,lDbBypBiAN/32BhSaGZmqmjnGPI=,z3Bb3ngPxnPG+WylArq+9NIvJMg=
42,-36,lDbBypBiAN/32BhSaGZmqmjnGPI=,z3Bb3ngPxnPG+WylArq+9NIvJMg=
39,-37,lDbBypBiAN/32BhSaGZmqmjnGPI=,z3Bb3ngPxnPG+WylArq+9NIvJMg=
41,-36,lDbBypBiAN/32BhSaGZmqmjnGPI=,z3Bb3ngPxnPG+WylArq+9NIvJMg=
41,-37,lDbBypBiAN/32BhSaGZmqmjnGPI=,z3Bb3ngPxnPG+WylArq+9NIvJMg=
39,-36,lDbBypBiAN/32BhSaGZmqmjnGPI=,/VKgLgkYBuWQEK4jWajWow3ASB0=
40,-36,lDbBypBiAN/32BhSaGZmqmjnGPI=,z3Bb3ngPxnPG+WylArq+9NIvJMg=
42,-37,lDbBypBiAN/32BhSaGZmqmjnGPI=,z3Bb3ngPxnPG+WylArq+9NIvJMg=
43,-38,lDbBypBiAN/32BhSaGZmqmjnGPI=,z3Bb3ngPxnPG+WylArq+9NIvJMg=
46,-39,lDbBypBiAN/32BhSaGZmqmjnGPI=,z3Bb3ngPxnPG+WylArq+9NIvJMg=
45,-39,lDbBypBiAN/32BhSaGZmqmjnGPI=,z3Bb3ngPxnPG+WylArq+9NIvJMg=
44,-38,lDbBypBiAN/32BhSaGZmqmjnGPI=,z3Bb3ngPxnPG+WylArq+9NIvJMg=
45,-38,lDbBypBiAN/32BhSaGZmqmjnGPI=,z3Bb3ngPxnPG+WylArq+9NIvJMg=
44,-39,lDbBypBiAN/32BhSaGZmqmjnGPI=,z3Bb3ngPxnPG+WylArq+9NIvJMg=
43,-36,lDbBypBiAN/32BhSaGZmqmjnGPI=,z3Bb3ngPxnPG+WylArq+9NIvJMg=
43,-39,lDbBypBiAN/32BhSaGZmqmjnGPI=,z3Bb3ngPxnPG+WylArq+9NIvJMg=
45,-35,lDbBypBiAN/32BhSaGZmqmjnGPI=,z3Bb3ngPxnPG+WylArq+9NIvJMg=
43,-35,lDbBypBiAN/32BhSaGZmqmjnGPI=,z3Bb3ngPxnPG+WylArq+9NIvJMg=
44,-34,lDbBypBiAN/32BhSaGZmqmjnGPI=,z3Bb3ngPxnPG+WylArq+9NIvJMg=
46,-38,lDbBypBiAN/32BhSaGZmqmjnGPI=,z3Bb3ngPxnPG+WylArq+9NIvJMg=
45,-34,lDbBypBiAN/32BhSaGZmqmjnGPI=,z3Bb3ngPxnPG+WylArq+9NIvJMg=
46,-37,lDbBypBiAN/32BhSaGZmqmjnGPI=,z3Bb3ngPxnPG+WylArq+9NIvJMg=
43,-34,lDbBypBiAN/32BhSaGZmqmjnGPI=,z3Bb3ngPxnPG+WylArq+9NIvJMg=
44,-35,lDbBypBiAN/32BhSaGZmqmjnGPI=,z3Bb3ngPxnPG+WylArq+9NIvJMg=
46,-35,lDbBypBiAN/32BhSaGZmqmjnGPI=,z3Bb3ngPxnPG+WylArq+9NIvJMg=
46,-34,lDbBypBiAN/32BhSaGZmqmjnGPI=,z3Bb3ngPxnPG+WylArq+9NIvJMg=
45,-36,lDbBypBiAN/32BhSaGZmqmjnGPI=,z3Bb3ngPxnPG+WylArq+9NIvJMg=
44,-37,lDbBypBiAN/32BhSaGZmqmjnGPI=,z3Bb3ngPxnPG+WylArq+9NIvJMg=
44,-36,lDbBypBiAN/32BhSaGZmqmjnGPI=,z3Bb3ngPxnPG+WylArq+9NIvJMg=
43,-37,lDbBypBiAN/32BhSaGZmqmjnGPI=,z3Bb3ngPxnPG+WylArq+9NIvJMg=
46,-36,lDbBypBiAN/32BhSaGZmqmjnGPI=,z3Bb3ngPxnPG+WylArq+9NIvJMg=
45,-37,lDbBypBiAN/32BhSaGZmqmjnGPI=,z3Bb3ngPxnPG+WylArq+9NIvJMg=
41,-42,uXOijAUZVdNvMHWqlKJ3JW7P69A=,z3Bb3ngPxnPG+WylArq+9NIvJMg=
42,-40,uXOijAUZVdNvMHWqlKJ3JW7P69A=,z3Bb3ngPxnPG+WylArq+9NIvJMg=
41,-41,uXOijAUZVdNvMHWqlKJ3JW7P69A=,z3Bb3ngPxnPG+WylArq+9NIvJMg=
42,-42,uXOijAUZVdNvMHWqlKJ3JW7P69A=,z3Bb3ngPxnPG+WylArq+9NIvJMg=
41,-40,uXOijAUZVdNvMHWqlKJ3JW7P69A=,z3Bb3ngPxnPG+WylArq+9NIvJMg=
42,-43,uXOijAUZVdNvMHWqlKJ3JW7P69A=,z3Bb3ngPxnPG+WylArq+9NIvJMg=
41,-43,uXOijAUZVdNvMHWqlKJ3JW7P69A=,z3Bb3ngPxnPG+WylArq+9NIvJMg=
46,-41,uXOijAUZVdNvMHWqlKJ3JW7P69A=,z3Bb3ngPxnPG+WylArq+9NIvJMg=
43,-42,uXOijAUZVdNvMHWqlKJ3JW7P69A=,z3Bb3ngPxnPG+WylArq+9NIvJMg=
42,-41,uXOijAUZVdNvMHWqlKJ3JW7P69A=,z3Bb3ngPxnPG+WylArq+9NIvJMg=
45,-43,uXOijAUZVdNvMHWqlKJ3JW7P69A=,z3Bb3ngPxnPG+WylArq+9NIvJMg=
44,-40,uXOijAUZVdNvMHWqlKJ3JW7P69A=,z3Bb3ngPxnPG+WylArq+9NIvJMg=
44,-43,uXOijAUZVdNvMHWqlKJ3JW7P69A=,z3Bb3ngPxnPG+WylArq+9NIvJMg=
45,-42,uXOijAUZVdNvMHWqlKJ3JW7P69A=,z3Bb3ngPxnPG+WylArq+9NIvJMg=
43,-41,uXOijAUZVdNvMHWqlKJ3JW7P69A=,z3Bb3ngPxnPG+WylArq+9NIvJMg=
44,-42,uXOijAUZVdNvMHWqlKJ3JW7P69A=,z3Bb3ngPxnPG+WylArq+9NIvJMg=
43,-43,uXOijAUZVdNvMHWqlKJ3JW7P69A=,z3Bb3ngPxnPG+WylArq+9NIvJMg=
45,-41,uXOijAUZVdNvMHWqlKJ3JW7P69A=,z3Bb3ngPxnPG+WylArq+9NIvJMg=
43,-40,uXOijAUZVdNvMHWqlKJ3JW7P69A=,z3Bb3ngPxnPG+WylArq+9NIvJMg=
40,-42,uXOijAUZVdNvMHWqlKJ3JW7P69A=,z3Bb3ngPxnPG+WylArq+9NIvJMg=
37,-43,uXOijAUZVdNvMHWqlKJ3JW7P69A=,z3Bb3ngPxnPG+WylArq+9NIvJMg=
46,-42,uXOijAUZVdNvMHWqlKJ3JW7P69A=,z3Bb3ngPxnPG+WylArq+9NIvJMg=
46,-40,uXOijAUZVdNvMHWqlKJ3JW7P69A=,z3Bb3ngPxnPG+WylArq+9NIvJMg=
38,-42,uXOijAUZVdNvMHWqlKJ3JW7P69A=,z3Bb3ngPxnPG+WylArq+9NIvJMg=
40,-43,uXOijAUZVdNvMHWqlKJ3JW7P69A=,z3Bb3ngPxnPG+WylArq+9NIvJMg=
39,-42,uXOijAUZVdNvMHWqlKJ3JW7P69A=,z3Bb3ngPxnPG+WylArq+9NIvJMg=
37,-42,uXOijAUZVdNvMHWqlKJ3JW7P69A=,z3Bb3ngPxnPG+WylArq+9NIvJMg=
39,-41,uXOijAUZVdNvMHWqlKJ3JW7P69A=,z3Bb3ngPxnPG+WylArq+9NIvJMg=
38,-41,uXOijAUZVdNvMHWqlKJ3JW7P69A=,z3Bb3ngPxnPG+WylArq+9NIvJMg=
45,-40,uXOijAUZVdNvMHWqlKJ3JW7P69A=,z3Bb3ngPxnPG+WylArq+9NIvJMg=
37,-41,uXOijAUZVdNvMHWqlKJ3JW7P69A=,z3Bb3ngPxnPG+WylArq+9NIvJMg=
40,-41,uXOijAUZVdNvMHWqlKJ3JW7P69A=,z3Bb3ngPxnPG+WylArq+9NIvJMg=
44,-41,uXOijAUZVdNvMHWqlKJ3JW7P69A=,z3Bb3ngPxnPG+WylArq+9NIvJMg=
39,-43,uXOijAUZVdNvMHWqlKJ3JW7P69A=,z3Bb3ngPxnPG+WylArq+9NIvJMg=
46,-43,uXOijAUZVdNvMHWqlKJ3JW7P69A=,z3Bb3ngPxnPG+WylArq+9NIvJMg=
37,-40,uXOijAUZVdNvMHWqlKJ3JW7P69A=,z3Bb3ngPxnPG+WylArq+9NIvJMg=
36,-40,uXOijAUZVdNvMHWqlKJ3JW7P69A=,z3Bb3ngPxnPG+WylArq+9NIvJMg=
39,-40,uXOijAUZVdNvMHWqlKJ3JW7P69A=,z3Bb3ngPxnPG+WylArq+9NIvJMg=
40,-40,uXOijAUZVdNvMHWqlKJ3JW7P69A=,z3Bb3ngPxnPG+WylArq+9NIvJMg=
38,-43,uXOijAUZVdNvMHWqlKJ3JW7P69A=,z3Bb3ngPxnPG+WylArq+9NIvJMg=
38,-40,uXOijAUZVdNvMHWqlKJ3JW7P69A=,z3Bb3ngPxnPG+WylArq+9NIvJMg=
33,-42,uXOijAUZVdNvMHWqlKJ3JW7P69A=,z3Bb3ngPxnPG+WylArq+9NIvJMg=
35,-43,uXOijAUZVdNvMHWqlKJ3JW7P69A=,z3Bb3ngPxnPG+WylArq+9NIvJMg=
35,-40,uXOijAUZVdNvMHWqlKJ3JW7P69A=,z3Bb3ngPxnPG+WylArq+9NIvJMg=
34,-40,uXOijAUZVdNvMHWqlKJ3JW7P69A=,z3Bb3ngPxnPG+WylArq+9NIvJMg=
36,-41,uXOijAUZVdNvMHWqlKJ3JW7P69A=,z3Bb3ngPxnPG+WylArq+9NIvJMg=
34,-42,uXOijAUZVdNvMHWqlKJ3JW7P69A=,z3Bb3ngPxnPG+WylArq+9NIvJMg=
33,-41,uXOijAUZVdNvMHWqlKJ3JW7P69A=,z3Bb3ngPxnPG+WylArq+9NIvJMg=
34,-43,uXOijAUZVdNvMHWqlKJ3JW7P69A=,z3Bb3ngPxnPG+WylArq+9NIvJMg=
35,-42,uXOijAUZVdNvMHWqlKJ3JW7P69A=,z3Bb3ngPxnPG+WylArq+9NIvJMg=
36,-42,uXOijAUZVdNvMHWqlKJ3JW7P69A=,z3Bb3ngPxnPG+WylArq+9NIvJMg=
33,-40,uXOijAUZVdNvMHWqlKJ3JW7P69A=,z3Bb3ngPxnPG+WylArq+9NIvJMg=
35,-41,uXOijAUZVdNvMHWqlKJ3JW7P69A=,z3Bb3ngPxnPG+WylArq+9NIvJMg=
33,-43,uXOijAUZVdNvMHWqlKJ3JW7P69A=,z3Bb3ngPxnPG+WylArq+9NIvJMg=
34,-41,uXOijAUZVdNvMHWqlKJ3JW7P69A=,z3Bb3ngPxnPG+WylArq+9NIvJMg=
36,-43,uXOijAUZVdNvMHWqlKJ3JW7P69A=,z3Bb3ngPxnPG+WylArq+9NIvJMg=
37,-45,WbAaXctHv+l1Esnkbddrpi58PF4=,XzjSNH/gGvxJuQFm28dDJ4PG+qU=
38,-44,WbAaXctHv+l1Esnkbddrpi58PF4=,z3Bb3ngPxnPG+WylArq+9NIvJMg=
38,-47,WbAaXctHv+l1Esnkbddrpi58PF4=,XzjSNH/gGvxJuQFm28dDJ4PG+qU=
37,-44,WbAaXctHv+l1Esnkbddrpi58PF4=,z3Bb3ngPxnPG+WylArq+9NIvJMg=
37,-46,WbAaXctHv+l1Esnkbddrpi58PF4=,XzjSNH/gGvxJuQFm28dDJ4PG+qU=
38,-46,WbAaXctHv+l1Esnkbddrpi58PF4=,XzjSNH/gGvxJuQFm28dDJ4PG+qU=
38,-45,WbAaXctHv+l1Esnkbddrpi58PF4=,XzjSNH/gGvxJuQFm28dDJ4PG+qU=
37,-47,WbAaXctHv+l1Esnkbddrpi58PF4=,XzjSNH/gGvxJuQFm28dDJ4PG+qU=
33,-46,WbAaXctHv+l1Esnkbddrpi58PF4=,XzjSNH/gGvxJuQFm28dDJ4PG+qU=
36,-44,WbAaXctHv+l1Esnkbddrpi58PF4=,z3Bb3ngPxnPG+WylArq+9NIvJMg=
36,-47,WbAaXctHv+l1Esnkbddrpi58PF4=,XzjSNH/gGvxJuQFm28dDJ4PG+qU=
35,-44,WbAaXctHv+l1Esnkbddrpi58PF4=,z3Bb3ngPxnPG+WylArq+9NIvJMg=
34,-47,WbAaXctHv+l1Esnkbddrpi58PF4=,XzjSNH/gGvxJuQFm28dDJ4PG+qU=
36,-46,WbAaXctHv+l1Esnkbddrpi58PF4=,XzjSNH/gGvxJuQFm28dDJ4PG+qU=
35,-46,WbAaXctHv+l1Esnkbddrpi58PF4=,XzjSNH/gGvxJuQFm28dDJ4PG+qU=
34,-46,WbAaXctHv+l1Esnkbddrpi58PF4=,XzjSNH/gGvxJuQFm28dDJ4PG+qU=
34,-44,WbAaXctHv+l1Esnkbddrpi58PF4=,z3Bb3ngPxnPG+WylArq+9NIvJMg=
35,-47,WbAaXctHv+l1Esnkbddrpi58PF4=,XzjSNH/gGvxJuQFm28dDJ4PG+qU=
40,-45,WbAaXctHv+l1Esnkbddrpi58PF4=,XzjSNH/gGvxJuQFm28dDJ4PG+qU=
36,-45,WbAaXctHv+l1Esnkbddrpi58PF4=,XzjSNH/gGvxJuQFm28dDJ4PG+qU=
39,-46,WbAaXctHv+l1Esnkbddrpi58PF4=,XzjSNH/gGvxJuQFm28dDJ4PG+qU=
33,-47,WbAaXctHv+l1Esnkbddrpi58PF4=,XzjSNH/gGvxJuQFm28dDJ4PG+qU=
33,-44,WbAaXctHv+l1Esnkbddrpi58PF4=,z3Bb3ngPxnPG+WylArq+9NIvJMg=
41,-46,WbAaXctHv+l1Esnkbddrpi58PF4=,XzjSNH/gGvxJuQFm28dDJ4PG+qU=
42,-47,WbAaXctHv+l1Esnkbddrpi58PF4=,XzjSNH/gGvxJuQFm28dDJ4PG+qU=
39,-44,WbAaXctHv+l1Esnkbddrpi58PF4=,z3Bb3ngPxnPG+WylArq+9NIvJMg=
44,-45,WbAaXctHv+l1Esnkbddrpi58PF4=,XzjSNH/gGvxJuQFm28dDJ4PG+qU=
40,-46,WbAaXctHv+l1Esnkbddrpi58PF4=,XzjSNH/gGvxJuQFm28dDJ4PG+qU=
42,-46,WbAaXctHv+l1Esnkbddrpi58PF4=,XzjSNH/gGvxJuQFm28dDJ4PG+qU=
39,-47,WbAaXctHv+l1Esnkbddrpi58PF4=,XzjSNH/gGvxJuQFm28dDJ4PG+qU=
41,-47,WbAaXctHv+l1Esnkbddrpi58PF4=,XzjSNH/gGvxJuQFm28dDJ4PG+qU=
42,-45,WbAaXctHv+l1Esnkbddrpi58PF4=,XzjSNH/gGvxJuQFm28dDJ4PG+qU=
40,-47,WbAaXctHv+l1Esnkbddrpi58PF4=,XzjSNH/gGvxJuQFm28dDJ4PG+qU=
42,-44,WbAaXctHv+l1Esnkbddrpi58PF4=,z3Bb3ngPxnPG+WylArq+9NIvJMg=
40,-44,WbAaXctHv+l1Esnkbddrpi58PF4=,z3Bb3ngPxnPG+WylArq+9NIvJMg=
33,-45,WbAaXctHv+l1Esnkbddrpi58PF4=,XzjSNH/gGvxJuQFm28dDJ4PG+qU=
41,-44,WbAaXctHv+l1Esnkbddrpi58PF4=,z3Bb3ngPxnPG+WylArq+9NIvJMg=
41,-45,WbAaXctHv+l1Esnkbddrpi58PF4=,XzjSNH/gGvxJuQFm28dDJ4PG+qU=
45,-45,WbAaXctHv+l1Esnkbddrpi58PF4=,XzjSNH/gGvxJuQFm28dDJ4PG+qU=
35,-45,WbAaXctHv+l1Esnkbddrpi58PF4=,XzjSNH/gGvxJuQFm28dDJ4PG+qU=
39,-45,WbAaXctHv+l1Esnkbddrpi58PF4=,XzjSNH/gGvxJuQFm28dDJ4PG+qU=
46,-46,WbAaXctHv+l1Esnkbddrpi58PF4=,XzjSNH/gGvxJuQFm28dDJ4PG+qU=
45,-46,WbAaXctHv+l1Esnkbddrpi58PF4=,XzjSNH/gGvxJuQFm28dDJ4PG+qU=
34,-45,WbAaXctHv+l1Esnkbddrpi58PF4=,XzjSNH/gGvxJuQFm28dDJ4PG+qU=
46,-47,WbAaXctHv+l1Esnkbddrpi58PF4=,XzjSNH/gGvxJuQFm28dDJ4PG+qU=
44,-46,WbAaXctHv+l1Esnkbddrpi58PF4=,XzjSNH/gGvxJuQFm28dDJ4PG+qU=
45,-47,WbAaXctHv+l1Esnkbddrpi58PF4=,XzjSNH/gGvxJuQFm28dDJ4PG+qU=
44,-47,WbAaXctHv+l1Esnkbddrpi58PF4=,XzjSNH/gGvxJuQFm28dDJ4PG+qU=
43,-46,WbAaXctHv+l1Esnkbddrpi58PF4=,XzjSNH/gGvxJuQFm28dDJ4PG+qU=
46,-45,WbAaXctHv+l1Esnkbddrpi58PF4=,XzjSNH/gGvxJuQFm28dDJ4PG+qU=
43,-44,WbAaXctHv+l1Esnkbddrpi58PF4=,z3Bb3ngPxnPG+WylArq+9NIvJMg=
45,-44,WbAaXctHv+l1Esnkbddrpi58PF4=,z3Bb3ngPxnPG+WylArq+9NIvJMg=
43,-47,WbAaXctHv+l1Esnkbddrpi58PF4=,XzjSNH/gGvxJuQFm28dDJ4PG+qU=
46,-44,WbAaXctHv+l1Esnkbddrpi58PF4=,z3Bb3ngPxnPG+WylArq+9NIvJMg=
44,-44,WbAaXctHv+l1Esnkbddrpi58PF4=,z3Bb3ngPxnPG+WylArq+9NIvJMg=
43,-45,WbAaXctHv+l1Esnkbddrpi58PF4=,XzjSNH/gGvxJuQFm28dDJ4PG+qU=
37,-48,WbAaXctHv+l1Esnkbddrpi58PF4=,XzjSNH/gGvxJuQFm28dDJ4PG+qU=
38,-48,WbAaXctHv+l1Esnkbddrpi58PF4=,XzjSNH/gGvxJuQFm28dDJ4PG+qU=
39,-48,WbAaXctHv+l1Esnkbddrpi58PF4=,XzjSNH/gGvxJuQFm28dDJ4PG+qU=
41,-48,WbAaXctHv+l1Esnkbddrpi58PF4=,XzjSNH/gGvxJuQFm28dDJ4PG+qU=
40,-48,WbAaXctHv+l1Esnkbddrpi58PF4=,XzjSNH/gGvxJuQFm28dDJ4PG+qU=
42,-48,WbAaXctHv+l1Esnkbddrpi58PF4=,XzjSNH/gGvxJuQFm28dDJ4PG+qU=
36,-48,WbAaXctHv+l1Esnkbddrpi58PF4=,XzjSNH/gGvxJuQFm28dDJ4PG+qU=
33,-48,WbAaXctHv+l1Esnkbddrpi58PF4=,XzjSNH/gGvxJuQFm28dDJ4PG+qU=
35,-48,WbAaXctHv+l1Esnkbddrpi58PF4=,XzjSNH/gGvxJuQFm28dDJ4PG+qU=
34,-48,WbAaXctHv+l1Esnkbddrpi58PF4=,XzjSNH/gGvxJuQFm28dDJ4PG+qU=
44,-48,WbAaXctHv+l1Esnkbddrpi58PF4=,XzjSNH/gGvxJuQFm28dDJ4PG+qU=
46,-48,WbAaXctHv+l1Esnkbddrpi58PF4=,XzjSNH/gGvxJuQFm28dDJ4PG+qU=
45,-48,WbAaXctHv+l1Esnkbddrpi58PF4=,XzjSNH/gGvxJuQFm28dDJ4PG+qU=
43,-48,WbAaXctHv+l1Esnkbddrpi58PF4=,XzjSNH/gGvxJuQFm28dDJ4PG+qU=
47,-46,WbAaXctHv+l1Esnkbddrpi58PF4=,XzjSNH/gGvxJuQFm28dDJ4PG+qU=
47,-47,WbAaXctHv+l1Esnkbddrpi58PF4=,XzjSNH/gGvxJuQFm28dDJ4PG+qU=
47,-43,WbAaXctHv+l1Esnkbddrpi58PF4=,z3Bb3ngPxnPG+WylArq+9NIvJMg=
47,-40,WbAaXctHv+l1Esnkbddrpi58PF4=,z3Bb3ngPxnPG+WylArq+9NIvJMg=
47,-45,WbAaXctHv+l1Esnkbddrpi58PF4=,XzjSNH/gGvxJuQFm28dDJ4PG+qU=
47,-39,WbAaXctHv+l1Esnkbddrpi58PF4=,z3Bb3ngPxnPG+WylArq+9NIvJMg=
47,-42,WbAaXctHv+l1Esnkbddrpi58PF4=,z3Bb3ngPxnPG+WylArq+9NIvJMg=
47,-44,WbAaXctHv+l1Esnkbddrpi58PF4=,z3Bb3ngPxnPG+WylArq+9NIvJMg=
47,-38,WbAaXctHv+l1Esnkbddrpi58PF4=,z3Bb3ngPxnPG+WylArq+9NIvJMg=
47,-41,WbAaXctHv+l1Esnkbddrpi58PF4=,z3Bb3ngPxnPG+WylArq+9NIvJMg=
47,-34,WbAaXctHv+l1Esnkbddrpi58PF4=,z3Bb3ngPxnPG+WylArq+9NIvJMg=
47,-35,WbAaXctHv+l1Esnkbddrpi58PF4=,z3Bb3ngPxnPG+WylArq+9NIvJMg=
47,-36,WbAaXctHv+l1Esnkbddrpi58PF4=,z3Bb3ngPxnPG+WylArq+9NIvJMg=
47,-37,WbAaXctHv+l1Esnkbddrpi58PF4=,z3Bb3ngPxnPG+WylArq+9NIvJMg=
46,-33,WbAaXctHv+l1Esnkbddrpi58PF4=,z3Bb3ngPxnPG+WylArq+9NIvJMg=
41,-33,WbAaXctHv+l1Esnkbddrpi58PF4=,z3Bb3ngPxnPG+WylArq+9NIvJMg=
45,-33,WbAaXctHv+l1Esnkbddrpi58PF4=,z3Bb3ngPxnPG+WylArq+9NIvJMg=
44,-33,WbAaXctHv+l1Esnkbddrpi58PF4=,z3Bb3ngPxnPG+WylArq+9NIvJMg=
43,-33,WbAaXctHv+l1Esnkbddrpi58PF4=,z3Bb3ngPxnPG+WylArq+9NIvJMg=
38,-33,WbAaXctHv+l1Esnkbddrpi58PF4=,/VKgLgkYBuWQEK4jWajWow3ASB0=
40,-33,WbAaXctHv+l1Esnkbddrpi58PF4=,z3Bb3ngPxnPG+WylArq+9NIvJMg=
37,-33,WbAaXctHv+l1Esnkbddrpi58PF4=,/VKgLgkYBuWQEK4jWajWow3ASB0=
39,-33,WbAaXctHv+l1Esnkbddrpi58PF4=,/VKgLgkYBuWQEK4jWajWow3ASB0=
42,-33,WbAaXctHv+l1Esnkbddrpi58PF4=,z3Bb3ngPxnPG+WylArq+9NIvJMg=
34,-33,WbAaXctHv+l1Esnkbddrpi58PF4=,/VKgLgkYBuWQEK4jWajWow3ASB0=
36,-33,WbAaXctHv+l1Esnkbddrpi58PF4=,/VKgLgkYBuWQEK4jWajWow3ASB0=
33,-33,WbAaXctHv+l1Esnkbddrpi58PF4=,/VKgLgkYBuWQEK4jWajWow3ASB0=
35,-33,WbAaXctHv+l1Esnkbddrpi58PF4=,/VKgLgkYBuWQEK4jWajWow3ASB0=
32,-34,WbAaXctHv+l1Esnkbddrpi58PF4=,/VKgLgkYBuWQEK4jWajWow3ASB0=
32,-35,WbAaXctHv+l1Esnkbddrpi58PF4=,/VKgLgkYBuWQEK4jWajWow3ASB0=
32,-33,WbAaXctHv+l1Esnkbddrpi58PF4=,/VKgLgkYBuWQEK4jWajWow3ASB0=
47,-33,WbAaXctHv+l1Esnkbddrpi58PF4=,z3Bb3ngPxnPG+WylArq+9NIvJMg=
47,-48,WbAaXctHv+l1Esnkbddrpi58PF4=,XzjSNH/gGvxJuQFm28dDJ4PG+qU=
32,-37,WbAaXctHv+l1Esnkbddrpi58PF4=,z3Bb3ngPxnPG+WylArq+9NIvJMg=
32,-36,WbAaXctHv+l1Esnkbddrpi58PF4=,/VKgLgkYBuWQEK4jWajWow3ASB0=
32,-38,WbAaXctHv+l1Esnkbddrpi58PF4=,z3Bb3ngPxnPG+WylArq+9NIvJMg=
32,-42,WbAaXctHv+l1Esnkbddrpi58PF4=,z3Bb3ngPxnPG+WylArq+9NIvJMg=
32,-39,WbAaXctHv+l1Esnkbddrpi58PF4=,z3Bb3ngPxnPG+WylArq+9NIvJMg=
32,-41,WbAaXctHv+l1Esnkbddrpi58PF4=,z3Bb3ngPxnPG+WylArq+9NIvJMg=
32,-40,WbAaXctHv+l1Esnkbddrpi58PF4=,z3Bb3ngPxnPG+WylArq+9NIvJMg=
32,-43,WbAaXctHv+l1Esnkbddrpi58PF4=,z3Bb3ngPxnPG+WylArq+9NIvJMg=
32,-45,WbAaXctHv+l1Esnkbddrpi58PF4=,XzjSNH/gGvxJuQFm28dDJ4PG+qU=
32,-48,WbAaXctHv+l1Esnkbddrpi58PF4=,XzjSNH/gGvxJuQFm28dDJ4PG+qU=
32,-44,WbAaXctHv+l1Esnkbddrpi58PF4=,z3Bb3ngPxnPG+WylArq+9NIvJMg=
32,-46,WbAaXctHv+l1Esnkbddrpi58PF4=,XzjSNH/gGvxJuQFm28dDJ4PG+qU=
32,-47,WbAaXctHv+l1Esnkbddrpi58PF4=,XzjSNH/gGvxJuQFm28dDJ4PG+qU=
