-76,-101,VdEN5iidoj20Vuvo+Sxl4gYupRk=,atXPRERdbnpOzjpqtnsBr/sJHiY=
-77,-101,VdEN5iidoj20Vuvo+Sxl4gYupRk=,atXPRERdbnpOzjpqtnsBr/sJHiY=
-74,-102,VdEN5iidoj20Vuvo+Sxl4gYupRk=,atXPRERdbnpOzjpqtnsBr/sJHiY=
-78,-101,RpLjheIT9Hg0RW1J/dxH+1R6CzY=,atXPRERdbnpOzjpqtnsBr/sJHiY=
-79,-102,RpLjheIT9Hg0RW1J/dxH+1R6CzY=,atXPRERdbnpOzjpqtnsBr/sJHiY=
-75,-102,RpLjheIT9Hg0RW1J/dxH+1R6CzY=,atXPRERdbnpOzjpqtnsBr/sJHiY=
-77,-102,RpLjheIT9Hg0RW1J/dxH+1R6CzY=,atXPRERdbnpOzjpqtnsBr/sJHiY=
-76,-102,RpLjheIT9Hg0RW1J/dxH+1R6CzY=,atXPRERdbnpOzjpqtnsBr/sJHiY=
-78,-102,RpLjheIT9Hg0RW1J/dxH+1R6CzY=,atXPRERdbnpOzjpqtnsBr/sJHiY=
-74,-103,RpLjheIT9Hg0RW1J/dxH+1R6CzY=,atXPRERdbnpOzjpqtnsBr/sJHiY=
-79,-101,RpLjheIT9Hg0RW1J/dxH+1R6CzY=,atXPRERdbnpOzjpqtnsBr/sJHiY=
-66,-99,RpLjheIT9Hg0RW1J/dxH+1R6CzY=,In2knRHO1ILPx8NIAXH0Kce7+ak=
-67,-98,RpLjheIT9Hg0RW1J/dxH+1R6CzY=,In2knRHO1ILPx8NIAXH0Kce7+ak=
-74,-98,RpLjheIT9Hg0RW1J/dxH+1R6CzY=,atXPRERdbnpOzjpqtnsBr/sJHiY=
-75,-98,RpLjheIT9Hg0RW1J/dxH+1R6CzY=,atXPRERdbnpOzjpqtnsBr/sJHiY=
-76,-103,RpLjheIT9Hg0RW1J/dxH+1R6CzY=,atXPRERdbnpOzjpqtnsBr/sJHiY=
-67,-99,RpLjheIT9Hg0RW1J/dxH+1R6CzY=,In2knRHO1ILPx8NIAXH0Kce7+ak=
-75,-103,RpLjheIT9Hg0RW1J/dxH+1R6CzY=,atXPRERdbnpOzjpqtnsBr/sJHiY=
-66,-98,RpLjheIT9Hg0RW1J/dxH+1R6CzY=,In2knRHO1ILPx8NIAXH0Kce7+ak=
-72,-102,RpLjheIT9Hg0RW1J/dxH+1R6CzY=,In2knRHO1ILPx8NIAXH0Kce7+ak=
-73,-102,RpLjheIT9Hg0RW1J/dxH+1R6CzY=,atXPRERdbnpOzjpqtnsBr/sJHiY=
-76,-98,RpLjheIT9Hg0RW1J/dxH+1R6CzY=,atXPRERdbnpOzjpqtnsBr/sJHiY=
-69,-98,RpLjheIT9Hg0RW1J/dxH+1R6CzY=,In2knRHO1ILPx8NIAXH0Kce7+ak=
-69,-104,RpLjheIT9Hg0RW1J/dxH+1R6CzY=,In2knRHO1ILPx8NIAXH0Kce7+ak=
-68,-98,RpLjheIT9Hg0RW1J/dxH+1R6CzY=,In2knRHO1ILPx8NIAXH0Kce7+ak=
-73,-98,RpLjheIT9Hg0RW1J/dxH+1R6CzY=,atXPRERdbnpOzjpqtnsBr/sJHiY=
-70,-98,RpLjheIT9Hg0RW1J/dxH+1R6CzY=,In2knRHO1ILPx8NIAXH0Kce7+ak=
-77,-103,RpLjheIT9Hg0RW1J/dxH+1R6CzY=,atXPRERdbnpOzjpqtnsBr/sJHiY=
-72,-98,RpLjheIT9Hg0RW1J/dxH+1R6CzY=,In2knRHO1ILPx8NIAXH0Kce7+ak=
-70,-105,RpLjheIT9Hg0RW1J/dxH+1R6CzY=,/Pm/0lc5TDy5K+79Z+gBE+7GXD4=
-66,-106,RpLjheIT9Hg0RW1J/dxH+1R6CzY=,/Pm/0lc5TDy5K+79Z+gBE+7GXD4=
-71,-105,RpLjheIT9Hg0RW1J/dxH+1R6CzY=,/Pm/0lc5TDy5K+79Z+gBE+7GXD4=
-70,-103,RpLjheIT9Hg0RW1J/dxH+1R6CzY=,In2knRHO1ILPx8NIAXH0Kce7+ak=
-71,-98,RpLjheIT9Hg0RW1J/dxH+1R6CzY=,In2knRHO1ILPx8NIAXH0Kce7+ak=
-77,-107,RpLjheIT9Hg0RW1J/dxH+1R6CzY=,6qVjvoQm/iAgjNsJIxgedycxdCI=
-76,-107,RpLjheIT9Hg0RW1J/dxH+1R6CzY=,6qVjvoQm/iAgjNsJIxgedycxdCI=
-69,-105,RpLjheIT9Hg0RW1J/dxH+1R6CzY=,/Pm/0lc5TDy5K+79Z+gBE+7GXD4=
-68,-106,RpLjheIT9Hg0RW1J/dxH+1R6CzY=,/Pm/0lc5TDy5K+79Z+gBE+7GXD4=
-67,-106,RpLjheIT9Hg0RW1J/dxH+1R6CzY=,/Pm/0lc5TDy5K+79Z+gBE+7GXD4=
-78,-103,RpLjheIT9Hg0RW1J/dxH+1R6CzY=,atXPRERdbnpOzjpqtnsBr/sJHiY=
-66,-100,RpLjheIT9Hg0RW1J/dxH+1R6CzY=,In2knRHO1ILPx8NIAXH0Kce7+ak=
-69,-106,RpLjheIT9Hg0RW1J/dxH+1R6CzY=,/Pm/0lc5TDy5K+79Z+gBE+7GXD4=
-73,-101,RpLjheIT9Hg0RW1J/dxH+1R6CzY=,atXPRERdbnpOzjpqtnsBr/sJHiY=
-68,-105,RpLjheIT9Hg0RW1J/dxH+1R6CzY=,/Pm/0lc5TDy5K+79Z+gBE+7GXD4=
-68,-99,RpLjheIT9Hg0RW1J/dxH+1R6CzY=,In2knRHO1ILPx8NIAXH0Kce7+ak=
-71,-103,RpLjheIT9Hg0RW1J/dxH+1R6CzY=,In2knRHO1ILPx8NIAXH0Kce7+ak=
-72,-103,RpLjheIT9Hg0RW1J/dxH+1R6CzY=,In2knRHO1ILPx8NIAXH0Kce7+ak=
-73,-103,RpLjheIT9Hg0RW1J/dxH+1R6CzY=,atXPRERdbnpOzjpqtnsBr/sJHiY=
-79,-103,RpLjheIT9Hg0RW1J/dxH+1R6CzY=,atXPRERdbnpOzjpqtnsBr/sJHiY=
-70,-106,RpLjheIT9Hg0RW1J/dxH+1R6CzY=,/Pm/0lc5TDy5K+79Z+gBE+7GXD4=
-67,-103,RpLjheIT9Hg0RW1J/dxH+1R6CzY=,In2knRHO1ILPx8NIAXH0Kce7+ak=
-75,-107,RpLjheIT9Hg0RW1J/dxH+1R6CzY=,6qVjvoQm/iAgjNsJIxgedycxdCI=
-66,-103,RpLjheIT9Hg0RW1J/dxH+1R6CzY=,In2knRHO1ILPx8NIAXH0Kce7+ak=
-72,-99,RpLjheIT9Hg0RW1J/dxH+1R6CzY=,In2knRHO1ILPx8NIAXH0Kce7+ak=
-71,-106,RpLjheIT9Hg0RW1J/dxH+1R6CzY=,/Pm/0lc5TDy5K+79Z+gBE+7GXD4=
-69,-99,RpLjheIT9Hg0RW1J/dxH+1R6CzY=,In2knRHO1ILPx8NIAXH0Kce7+ak=
-66,-107,RpLjheIT9Hg0RW1J/dxH+1R6CzY=,/Pm/0lc5TDy5K+79Z+gBE+7GXD4=
-67,-100,RpLjheIT9Hg0RW1J/dxH+1R6CzY=,In2knRHO1ILPx8NIAXH0Kce7+ak=
-67,-107,RpLjheIT9Hg0RW1J/dxH+1R6CzY=,/Pm/0lc5TDy5K+79Z+gBE+7GXD4=
-68,-100,RpLjheIT9Hg0RW1J/dxH+1R6CzY=,In2knRHO1ILPx8NIAXH0Kce7+ak=
-73,-99,RpLjheIT9Hg0RW1J/dxH+1R6CzY=,atXPRERdbnpOzjpqtnsBr/sJHiY=
-67,-105,RpLjheIT9Hg0RW1J/dxH+1R6CzY=,/Pm/0lc5TDy5K+79Z+gBE+7GXD4=
-68,-107,RpLjheIT9Hg0RW1J/dxH+1R6CzY=,/Pm/0lc5TDy5K+79Z+gBE+7GXD4=
-77,-98,RpLjheIT9Hg0RW1J/dxH+1R6CzY=,atXPRERdbnpOzjpqtnsBr/sJHiY=
-78,-107,RpLjheIT9Hg0RW1J/dxH+1R6CzY=,6qVjvoQm/iAgjNsJIxgedycxdCI=
-74,-107,RpLjheIT9Hg0RW1J/dxH+1R6CzY=,6qVjvoQm/iAgjNsJIxgedycxdCI=
-68,-103,RpLjheIT9Hg0RW1J/dxH+1R6CzY=,In2knRHO1ILPx8NIAXH0Kce7+ak=
-72,-100,RpLjheIT9Hg0RW1J/dxH+1R6CzY=,In2knRHO1ILPx8NIAXH0Kce7+ak=
-69,-100,RpLjheIT9Hg0RW1J/dxH+1R6CzY=,In2knRHO1ILPx8NIAXH0Kce7+ak=
-79,-98,RpLjheIT9Hg0RW1J/dxH+1R6CzY=,atXPRERdbnpOzjpqtnsBr/sJHiY=
-70,-107,RpLjheIT9Hg0RW1J/dxH+1R6CzY=,/Pm/0lc5TDy5K+79Z+gBE+7GXD4=
-70,-99,RpLjheIT9Hg0RW1J/dxH+1R6CzY=,In2knRHO1ILPx8NIAXH0Kce7+ak=
-78,-98,RpLjheIT9Hg0RW1J/dxH+1R6CzY=,atXPRERdbnpOzjpqtnsBr/sJHiY=
-72,-105,RpLjheIT9Hg0RW1J/dxH+1R6CzY=,/Pm/0lc5TDy5K+79Z+gBE+7GXD4=
-69,-107,RpLjheIT9Hg0RW1J/dxH+1R6CzY=,/Pm/0lc5TDy5K+79Z+gBE+7GXD4=
-79,-107,RpLjheIT9Hg0RW1J/dxH+1R6CzY=,6qVjvoQm/iAgjNsJIxgedycxdCI=
-73,-107,RpLjheIT9Hg0RW1J/dxH+1R6CzY=,6qVjvoQm/iAgjNsJIxgedycxdCI=
-73,-108,RpLjheIT9Hg0RW1J/dxH+1R6CzY=,6qVjvoQm/iAgjNsJIxgedycxdCI=
-75,-99,RpLjheIT9Hg0RW1J/dxH+1R6CzY=,atXPRERdbnpOzjpqtnsBr/sJHiY=
-71,-107,RpLjheIT9Hg0RW1J/dxH+1R6CzY=,/Pm/0lc5TDy5K+79Z+gBE+7GXD4=
-74,-99,RpLjheIT9Hg0RW1J/dxH+1R6CzY=,atXPRERdbnpOzjpqtnsBr/sJHiY=
-71,-102,RpLjheIT9Hg0RW1J/dxH+1R6CzY=,In2knRHO1ILPx8NIAXH0Kce7+ak=
-66,-105,RpLjheIT9Hg0RW1J/dxH+1R6CzY=,/Pm/0lc5TDy5K+79Z+gBE+7GXD4=
-70,-100,RpLjheIT9Hg0RW1J/dxH+1R6CzY=,In2knRHO1ILPx8NIAXH0Kce7+ak=
-76,-99,RpLjheIT9Hg0RW1J/dxH+1R6CzY=,atXPRERdbnpOzjpqtnsBr/sJHiY=
-66,-108,RpLjheIT9Hg0RW1J/dxH+1R6CzY=,/Pm/0lc5TDy5K+79Z+gBE+7GXD4=
-79,-106,RpLjheIT9Hg0RW1J/dxH+1R6CzY=,6qVjvoQm/iAgjNsJIxgedycxdCI=
-72,-101,RpLjheIT9Hg0RW1J/dxH+1R6CzY=,In2knRHO1ILPx8NIAXH0Kce7+ak=
-77,-99,RpLjheIT9Hg0RW1J/dxH+1R6CzY=,atXPRERdbnpOzjpqtnsBr/sJHiY=
-68,-104,RpLjheIT9Hg0RW1J/dxH+1R6CzY=,In2knRHO1ILPx8NIAXH0Kce7+ak=
-75,-108,RpLjheIT9Hg0RW1J/dxH+1R6CzY=,6qVjvoQm/iAgjNsJIxgedycxdCI=
-67,-101,RpLjheIT9Hg0RW1J/dxH+1R6CzY=,In2knRHO1ILPx8NIAXH0Kce7+ak=
-74,-108,RpLjheIT9Hg0RW1J/dxH+1R6CzY=,6qVjvoQm/iAgjNsJIxgedycxdCI=
-67,-108,RpLjheIT9Hg0RW1J/dxH+1R6CzY=,/Pm/0lc5TDy5K+79Z+gBE+7GXD4=
-79,-99,RpLjheIT9Hg0RW1J/dxH+1R6CzY=,atXPRERdbnpOzjpqtnsBr/sJHiY=
-72,-104,RpLjheIT9Hg0RW1J/dxH+1R6CzY=,In2knRHO1ILPx8NIAXH0Kce7+ak=
-70,-102,RpLjheIT9Hg0RW1J/dxH+1R6CzY=,In2knRHO1ILPx8NIAXH0Kce7+ak=
-66,-101,RpLjheIT9Hg0RW1J/dxH+1R6CzY=,In2knRHO1ILPx8NIAXH0Kce7+ak=
-78,-99,RpLjheIT9Hg0RW1J/dxH+1R6CzY=,atXPRERdbnpOzjpqtnsBr/sJHiY=
-76,-108,RpLjheIT9Hg0RW1J/dxH+1R6CzY=,6qVjvoQm/iAgjNsJIxgedycxdCI=
-70,-108,RpLjheIT9Hg0RW1J/dxH+1R6CzY=,/Pm/0lc5TDy5K+79Z+gBE+7GXD4=
-68,-108,RpLjheIT9Hg0RW1J/dxH+1R6CzY=,/Pm/0lc5TDy5K+79Z+gBE+7GXD4=
-68,-101,RpLjheIT9Hg0RW1J/dxH+1R6CzY=,In2knRHO1ILPx8NIAXH0Kce7+ak=
-72,-106,RpLjheIT9Hg0RW1J/dxH+1R6CzY=,/Pm/0lc5TDy5K+79Z+gBE+7GXD4=
-70,-101,RpLjheIT9Hg0RW1J/dxH+1R6CzY=,In2knRHO1ILPx8NIAXH0Kce7+ak=
-69,-108,RpLjheIT9Hg0RW1J/dxH+1R6CzY=,/Pm/0lc5TDy5K+79Z+gBE+7GXD4=
-71,-108,RpLjheIT9Hg0RW1J/dxH+1R6CzY=,/Pm/0lc5TDy5K+79Z+gBE+7GXD4=
-69,-103,RpLjheIT9Hg0RW1J/dxH+1R6CzY=,In2knRHO1ILPx8NIAXH0Kce7+ak=
-71,-99,RpLjheIT9Hg0RW1J/dxH+1R6CzY=,In2knRHO1ILPx8NIAXH0Kce7+ak=
-69,-101,RpLjheIT9Hg0RW1J/dxH+1R6CzY=,In2knRHO1ILPx8NIAXH0Kce7+ak=
-66,-109,RpLjheIT9Hg0RW1J/dxH+1R6CzY=,/Pm/0lc5TDy5K+79Z+gBE+7GXD4=
-78,-106,RpLjheIT9Hg0RW1J/dxH+1R6CzY=,6qVjvoQm/iAgjNsJIxgedycxdCI=
-74,-100,RpLjheIT9Hg0RW1J/dxH+1R6CzY=,atXPRERdbnpOzjpqtnsBr/sJHiY=
-69,-102,RpLjheIT9Hg0RW1J/dxH+1R6CzY=,In2knRHO1ILPx8NIAXH0Kce7+ak=
-71,-101,RpLjheIT9Hg0RW1J/dxH+1R6CzY=,In2knRHO1ILPx8NIAXH0Kce7+ak=
-67,-104,RpLjheIT9Hg0RW1J/dxH+1R6CzY=,In2knRHO1ILPx8NIAXH0Kce7+ak=
-75,-100,RpLjheIT9Hg0RW1J/dxH+1R6CzY=,atXPRERdbnpOzjpqtnsBr/sJHiY=
-71,-100,RpLjheIT9Hg0RW1J/dxH+1R6CzY=,In2knRHO1ILPx8NIAXH0Kce7+ak=
-67,-109,RpLjheIT9Hg0RW1J/dxH+1R6CzY=,/Pm/0lc5TDy5K+79Z+gBE+7GXD4=
-77,-100,RpLjheIT9Hg0RW1J/dxH+1R6CzY=,atXPRERdbnpOzjpqtnsBr/sJHiY=
-77,-108,RpLjheIT9Hg0RW1J/dxH+1R6CzY=,6qVjvoQm/iAgjNsJIxgedycxdCI=
-78,-100,RpLjheIT9Hg0RW1J/dxH+1R6CzY=,atXPRERdbnpOzjpqtnsBr/sJHiY=
-72,-107,RpLjheIT9Hg0RW1J/dxH+1R6CzY=,/Pm/0lc5TDy5K+79Z+gBE+7GXD4=
-66,-102,RpLjheIT9Hg0RW1J/dxH+1R6CzY=,In2knRHO1ILPx8NIAXH0Kce7+ak=
-76,-100,RpLjheIT9Hg0RW1J/dxH+1R6CzY=,atXPRERdbnpOzjpqtnsBr/sJHiY=
-68,-102,RpLjheIT9Hg0RW1J/dxH+1R6CzY=,In2knRHO1ILPx8NIAXH0Kce7+ak=
-77,-106,RpLjheIT9Hg0RW1J/dxH+1R6CzY=,6qVjvoQm/iAgjNsJIxgedycxdCI=
-73,-100,RpLjheIT9Hg0RW1J/dxH+1R6CzY=,atXPRERdbnpOzjpqtnsBr/sJHiY=
-68,-109,RpLjheIT9Hg0RW1J/dxH+1R6CzY=,/Pm/0lc5TDy5K+79Z+gBE+7GXD4=
-73,-104,RpLjheIT9Hg0RW1J/dxH+1R6CzY=,atXPRERdbnpOzjpqtnsBr/sJHiY=
-69,-109,RpLjheIT9Hg0RW1J/dxH+1R6CzY=,/Pm/0lc5TDy5K+79Z+gBE+7GXD4=
-74,-104,RpLjheIT9Hg0RW1J/dxH+1R6CzY=,atXPRERdbnpOzjpqtnsBr/sJHiY=
-71,-104,RpLjheIT9Hg0RW1J/dxH+1R6CzY=,In2knRHO1ILPx8NIAXH0Kce7+ak=
-78,-108,RpLjheIT9Hg0RW1J/dxH+1R6CzY=,6qVjvoQm/iAgjNsJIxgedycxdCI=
-75,-101,RpLjheIT9Hg0RW1J/dxH+1R6CzY=,atXPRERdbnpOzjpqtnsBr/sJHiY=
-67,-102,RpLjheIT9Hg0RW1J/dxH+1R6CzY=,In2knRHO1ILPx8NIAXH0Kce7+ak=
-73,-109,RpLjheIT9Hg0RW1J/dxH+1R6CzY=,6qVjvoQm/iAgjNsJIxgedycxdCI=
-71,-109,RpLjheIT9Hg0RW1J/dxH+1R6CzY=,/Pm/0lc5TDy5K+79Z+gBE+7GXD4=
-76,-106,RpLjheIT9Hg0RW1J/dxH+1R6CzY=,6qVjvoQm/iAgjNsJIxgedycxdCI=
-79,-100,RpLjheIT9Hg0RW1J/dxH+1R6CzY=,atXPRERdbnpOzjpqtnsBr/sJHiY=
-70,-109,RpLjheIT9Hg0RW1J/dxH+1R6CzY=,/Pm/0lc5TDy5K+79Z+gBE+7GXD4=
-79,-108,RpLjheIT9Hg0RW1J/dxH+1R6CzY=,6qVjvoQm/iAgjNsJIxgedycxdCI=
-74,-101,RpLjheIT9Hg0RW1J/dxH+1R6CzY=,atXPRERdbnpOzjpqtnsBr/sJHiY=
-74,-109,RpLjheIT9Hg0RW1J/dxH+1R6CzY=,6qVjvoQm/iAgjNsJIxgedycxdCI=
-75,-109,RpLjheIT9Hg0RW1J/dxH+1R6CzY=,6qVjvoQm/iAgjNsJIxgedycxdCI=
-70,-104,RpLjheIT9Hg0RW1J/dxH+1R6CzY=,In2knRHO1ILPx8NIAXH0Kce7+ak=
-69,-110,RpLjheIT9Hg0RW1J/dxH+1R6CzY=,/Pm/0lc5TDy5K+79Z+gBE+7GXD4=
-66,-110,RpLjheIT9Hg0RW1J/dxH+1R6CzY=,/Pm/0lc5TDy5K+79Z+gBE+7GXD4=
-67,-110,RpLjheIT9Hg0RW1J/dxH+1R6CzY=,/Pm/0lc5TDy5K+79Z+gBE+7GXD4=
-75,-106,RpLjheIT9Hg0RW1J/dxH+1R6CzY=,6qVjvoQm/iAgjNsJIxgedycxdCI=
-77,-104,RpLjheIT9Hg0RW1J/dxH+1R6CzY=,atXPRERdbnpOzjpqtnsBr/sJHiY=
-72,-108,RpLjheIT9Hg0RW1J/dxH+1R6CzY=,/Pm/0lc5TDy5K+79Z+gBE+7GXD4=
-71,-110,RpLjheIT9Hg0RW1J/dxH+1R6CzY=,/Pm/0lc5TDy5K+79Z+gBE+7GXD4=
-75,-104,RpLjheIT9Hg0RW1J/dxH+1R6CzY=,atXPRERdbnpOzjpqtnsBr/sJHiY=
-66,-111,RpLjheIT9Hg0RW1J/dxH+1R6CzY=,/Pm/0lc5TDy5K+79Z+gBE+7GXD4=
-68,-110,RpLjheIT9Hg0RW1J/dxH+1R6CzY=,/Pm/0lc5TDy5K+79Z+gBE+7GXD4=
-70,-110,RpLjheIT9Hg0RW1J/dxH+1R6CzY=,/Pm/0lc5TDy5K+79Z+gBE+7GXD4=
-78,-109,RpLjheIT9Hg0RW1J/dxH+1R6CzY=,6qVjvoQm/iAgjNsJIxgedycxdCI=
-77,-109,RpLjheIT9Hg0RW1J/dxH+1R6CzY=,6qVjvoQm/iAgjNsJIxgedycxdCI=
-76,-109,RpLjheIT9Hg0RW1J/dxH+1R6CzY=,6qVjvoQm/iAgjNsJIxgedycxdCI=
-76,-104,RpLjheIT9Hg0RW1J/dxH+1R6CzY=,atXPRERdbnpOzjpqtnsBr/sJHiY=
-78,-104,RpLjheIT9Hg0RW1J/dxH+1R6CzY=,atXPRERdbnpOzjpqtnsBr/sJHiY=
-72,-111,RpLjheIT9Hg0RW1J/dxH+1R6CzY=,/Pm/0lc5TDy5K+79Z+gBE+7GXD4=
-73,-110,RpLjheIT9Hg0RW1J/dxH+1R6CzY=,6qVjvoQm/iAgjNsJIxgedycxdCI=
-77,-110,RpLjheIT9Hg0RW1J/dxH+1R6CzY=,6qVjvoQm/iAgjNsJIxgedycxdCI=
-74,-110,RpLjheIT9Hg0RW1J/dxH+1R6CzY=,6qVjvoQm/iAgjNsJIxgedycxdCI=
-67,-111,RpLjheIT9Hg0RW1J/dxH+1R6CzY=,/Pm/0lc5TDy5K+79Z+gBE+7GXD4=
-79,-109,RpLjheIT9Hg0RW1J/dxH+1R6CzY=,6qVjvoQm/iAgjNsJIxgedycxdCI=
-66,-104,RpLjheIT9Hg0RW1J/dxH+1R6CzY=,In2knRHO1ILPx8NIAXH0Kce7+ak=
-75,-110,RpLjheIT9Hg0RW1J/dxH+1R6CzY=,6qVjvoQm/iAgjNsJIxgedycxdCI=
-79,-110,RpLjheIT9Hg0RW1J/dxH+1R6CzY=,6qVjvoQm/iAgjNsJIxgedycxdCI=
-74,-111,RpLjheIT9Hg0RW1J/dxH+1R6CzY=,6qVjvoQm/iAgjNsJIxgedycxdCI=
-78,-110,RpLjheIT9Hg0RW1J/dxH+1R6CzY=,6qVjvoQm/iAgjNsJIxgedycxdCI=
-72,-109,RpLjheIT9Hg0RW1J/dxH+1R6CzY=,/Pm/0lc5TDy5K+79Z+gBE+7GXD4=
-76,-111,RpLjheIT9Hg0RW1J/dxH+1R6CzY=,6qVjvoQm/iAgjNsJIxgedycxdCI=
-79,-104,RpLjheIT9Hg0RW1J/dxH+1R6CzY=,atXPRERdbnpOzjpqtnsBr/sJHiY=
-73,-111,RpLjheIT9Hg0RW1J/dxH+1R6CzY=,6qVjvoQm/iAgjNsJIxgedycxdCI=
-74,-106,RpLjheIT9Hg0RW1J/dxH+1R6CzY=,6qVjvoQm/iAgjNsJIxgedycxdCI=
-69,-111,RpLjheIT9Hg0RW1J/dxH+1R6CzY=,/Pm/0lc5TDy5K+79Z+gBE+7GXD4=
-68,-111,RpLjheIT9Hg0RW1J/dxH+1R6CzY=,/Pm/0lc5TDy5K+79Z+gBE+7GXD4=
-76,-110,RpLjheIT9Hg0RW1J/dxH+1R6CzY=,6qVjvoQm/iAgjNsJIxgedycxdCI=
-74,-105,RpLjheIT9Hg0RW1J/dxH+1R6CzY=,6qVjvoQm/iAgjNsJIxgedycxdCI=
-70,-111,RpLjheIT9Hg0RW1J/dxH+1R6CzY=,/Pm/0lc5TDy5K+79Z+gBE+7GXD4=
-77,-111,RpLjheIT9Hg0RW1J/dxH+1R6CzY=,6qVjvoQm/iAgjNsJIxgedycxdCI=
-79,-111,RpLjheIT9Hg0RW1J/dxH+1R6CzY=,6qVjvoQm/iAgjNsJIxgedycxdCI=
-72,-110,RpLjheIT9Hg0RW1J/dxH+1R6CzY=,/Pm/0lc5TDy5K+79Z+gBE+7GXD4=
-73,-105,RpLjheIT9Hg0RW1J/dxH+1R6CzY=,6qVjvoQm/iAgjNsJIxgedycxdCI=
-73,-106,RpLjheIT9Hg0RW1J/dxH+1R6CzY=,6qVjvoQm/iAgjNsJIxgedycxdCI=
-75,-111,RpLjheIT9Hg0RW1J/dxH+1R6CzY=,6qVjvoQm/iAgjNsJIxgedycxdCI=
-71,-111,RpLjheIT9Hg0RW1J/dxH+1R6CzY=,/Pm/0lc5TDy5K+79Z+gBE+7GXD4=
-78,-105,RpLjheIT9Hg0RW1J/dxH+1R6CzY=,6qVjvoQm/iAgjNsJIxgedycxdCI=
-76,-105,RpLjheIT9Hg0RW1J/dxH+1R6CzY=,6qVjvoQm/iAgjNsJIxgedycxdCI=
-75,-105,RpLjheIT9Hg0RW1J/dxH+1R6CzY=,6qVjvoQm/iAgjNsJIxgedycxdCI=
-78,-111,RpLjheIT9Hg0RW1J/dxH+1R6CzY=,6qVjvoQm/iAgjNsJIxgedycxdCI=
-77,-105,RpLjheIT9Hg0RW1J/dxH+1R6CzY=,6qVjvoQm/iAgjNsJIxgedycxdCI=
-79,-105,RpLjheIT9Hg0RW1J/dxH+1R6CzY=,6qVjvoQm/iAgjNsJIxgedycxdCI=
-76,-97,RpLjheIT9Hg0RW1J/dxH+1R6CzY=,atXPRERdbnpOzjpqtnsBr/sJHiY=
-74,-97,RpLjheIT9Hg0RW1J/dxH+1R6CzY=,atXPRERdbnpOzjpqtnsBr/sJHiY=
-75,-97,RpLjheIT9Hg0RW1J/dxH+1R6CzY=,atXPRERdbnpOzjpqtnsBr/sJHiY=
-79,-97,RpLjheIT9Hg0RW1J/dxH+1R6CzY=,atXPRERdbnpOzjpqtnsBr/sJHiY=
-78,-97,RpLjheIT9Hg0RW1J/dxH+1R6CzY=,atXPRERdbnpOzjpqtnsBr/sJHiY=
-77,-97,RpLjheIT9Hg0RW1J/dxH+1R6CzY=,atXPRERdbnpOzjpqtnsBr/sJHiY=
-67,-97,RpLjheIT9Hg0RW1J/dxH+1R6CzY=,In2knRHO1ILPx8NIAXH0Kce7+ak=
-73,-97,RpLjheIT9Hg0RW1J/dxH+1R6CzY=,atXPRERdbnpOzjpqtnsBr/sJHiY=
-66,-97,RpLjheIT9Hg0RW1J/dxH+1R6CzY=,In2knRHO1ILPx8NIAXH0Kce7+ak=
-70,-97,RpLjheIT9Hg0RW1J/dxH+1R6CzY=,In2knRHO1ILPx8NIAXH0Kce7+ak=
-71,-97,RpLjheIT9Hg0RW1J/dxH+1R6CzY=,In2knRHO1ILPx8NIAXH0Kce7+ak=
-68,-97,RpLjheIT9Hg0RW1J/dxH+1R6CzY=,In2knRHO1ILPx8NIAXH0Kce7+ak=
-72,-97,RpLjheIT9Hg0RW1J/dxH+1R6CzY=,In2knRHO1ILPx8NIAXH0Kce7+ak=
-69,-97,RpLjheIT9Hg0RW1J/dxH+1R6CzY=,In2knRHO1ILPx8NIAXH0Kce7+ak=
-65,-103,RpLjheIT9Hg0RW1J/dxH+1R6CzY=,In2knRHO1ILPx8NIAXH0Kce7+ak=
-65,-101,RpLjheIT9Hg0RW1J/dxH+1R6CzY=,In2knRHO1ILPx8NIAXH0Kce7+ak=
-65,-100,RpLjheIT9Hg0RW1J/dxH+1R6CzY=,In2knRHO1ILPx8NIAXH0Kce7+ak=
-65,-98,RpLjheIT9Hg0RW1J/dxH+1R6CzY=,In2knRHO1ILPx8NIAXH0Kce7+ak=
-65,-99,RpLjheIT9Hg0RW1J/dxH+1R6CzY=,In2knRHO1ILPx8NIAXH0Kce7+ak=
-65,-102,RpLjheIT9Hg0RW1J/dxH+1R6CzY=,In2knRHO1ILPx8NIAXH0Kce7+ak=
-65,-106,RpLjheIT9Hg0RW1J/dxH+1R6CzY=,/Pm/0lc5TDy5K+79Z+gBE+7GXD4=
-65,-105,RpLjheIT9Hg0RW1J/dxH+1R6CzY=,/Pm/0lc5TDy5K+79Z+gBE+7GXD4=
-65,-108,RpLjheIT9Hg0RW1J/dxH+1R6CzY=,/Pm/0lc5TDy5K+79Z+gBE+7GXD4=
-65,-109,RpLjheIT9Hg0RW1J/dxH+1R6CzY=,/Pm/0lc5TDy5K+79Z+gBE+7GXD4=
-65,-104,RpLjheIT9Hg0RW1J/dxH+1R6CzY=,In2knRHO1ILPx8NIAXH0Kce7+ak=
-65,-110,RpLjheIT9Hg0RW1J/dxH+1R6CzY=,/Pm/0lc5TDy5K+79Z+gBE+7GXD4=
-65,-111,RpLjheIT9Hg0RW1J/dxH+1R6CzY=,/Pm/0lc5TDy5K+79Z+gBE+7GXD4=
-65,-107,RpLjheIT9Hg0RW1J/dxH+1R6CzY=,/Pm/0lc5TDy5K+79Z+gBE+7GXD4=
-80,-99,RpLjheIT9Hg0RW1J/dxH+1R6CzY=,atXPRERdbnpOzjpqtnsBr/sJHiY=
-80,-100,RpLjheIT9Hg0RW1J/dxH+1R6CzY=,atXPRERdbnpOzjpqtnsBr/sJHiY=
-80,-103,RpLjheIT9Hg0RW1J/dxH+1R6CzY=,atXPRERdbnpOzjpqtnsBr/sJHiY=
-80,-102,RpLjheIT9Hg0RW1J/dxH+1R6CzY=,atXPRERdbnpOzjpqtnsBr/sJHiY=
-80,-98,RpLjheIT9Hg0RW1J/dxH+1R6CzY=,atXPRERdbnpOzjpqtnsBr/sJHiY=
-80,-97,RpLjheIT9Hg0RW1J/dxH+1R6CzY=,atXPRERdbnpOzjpqtnsBr/sJHiY=
-80,-101,RpLjheIT9Hg0RW1J/dxH+1R6CzY=,atXPRERdbnpOzjpqtnsBr/sJHiY=
-65,-97,RpLjheIT9Hg0RW1J/dxH+1R6CzY=,In2knRHO1ILPx8NIAXH0Kce7+ak=
-80,-106,RpLjheIT9Hg0RW1J/dxH+1R6CzY=,6qVjvoQm/iAgjNsJIxgedycxdCI=
-80,-108,RpLjheIT9Hg0RW1J/dxH+1R6CzY=,6qVjvoQm/iAgjNsJIxgedycxdCI=
-80,-109,RpLjheIT9Hg0RW1J/dxH+1R6CzY=,6qVjvoQm/iAgjNsJIxgedycxdCI=
-80,-110,RpLjheIT9Hg0RW1J/dxH+1R6CzY=,6qVjvoQm/iAgjNsJIxgedycxdCI=
-80,-107,RpLjheIT9Hg0RW1J/dxH+1R6CzY=,6qVjvoQm/iAgjNsJIxgedycxdCI=
-80,-111,RpLjheIT9Hg0RW1J/dxH+1R6CzY=,6qVjvoQm/iAgjNsJIxgedycxdCI=
-80,-104,RpLjheIT9Hg0RW1J/dxH+1R6CzY=,atXPRERdbnpOzjpqtnsBr/sJHiY=
-80,-105,RpLjheIT9Hg0RW1J/dxH+1R6CzY=,6qVjvoQm/iAgjNsJIxgedycxdCI=
-75,-112,RpLjheIT9Hg0RW1J/dxH+1R6CzY=,6qVjvoQm/iAgjNsJIxgedycxdCI=
-78,-112,RpLjheIT9Hg0RW1J/dxH+1R6CzY=,6qVjvoQm/iAgjNsJIxgedycxdCI=
-76,-112,RpLjheIT9Hg0RW1J/dxH+1R6CzY=,6qVjvoQm/iAgjNsJIxgedycxdCI=
-77,-112,RpLjheIT9Hg0RW1J/dxH+1R6CzY=,6qVjvoQm/iAgjNsJIxgedycxdCI=
-80,-112,RpLjheIT9Hg0RW1J/dxH+1R6CzY=,6qVjvoQm/iAgjNsJIxgedycxdCI=
-79,-112,RpLjheIT9Hg0RW1J/dxH+1R6CzY=,6qVjvoQm/iAgjNsJIxgedycxdCI=
-74,-112,RpLjheIT9Hg0RW1J/dxH+1R6CzY=,6qVjvoQm/iAgjNsJIxgedycxdCI=
-66,-112,RpLjheIT9Hg0RW1J/dxH+1R6CzY=,/Pm/0lc5TDy5K+79Z+gBE+7GXD4=
-73,-112,RpLjheIT9Hg0RW1J/dxH+1R6CzY=,6qVjvoQm/iAgjNsJIxgedycxdCI=
-65,-112,RpLjheIT9Hg0RW1J/dxH+1R6CzY=,/Pm/0lc5TDy5K+79Z+gBE+7GXD4=
-67,-112,RpLjheIT9Hg0RW1J/dxH+1R6CzY=,/Pm/0lc5TDy5K+79Z+gBE+7GXD4=
-68,-112,RpLjheIT9Hg0RW1J/dxH+1R6CzY=,/Pm/0lc5TDy5K+79Z+gBE+7GXD4=
-69,-112,RpLjheIT9Hg0RW1J/dxH+1R6CzY=,/Pm/0lc5TDy5K+79Z+gBE+7GXD4=
-71,-112,RpLjheIT9Hg0RW1J/dxH+1R6CzY=,/Pm/0lc5TDy5K+79Z+gBE+7GXD4=
-72,-112,RpLjheIT9Hg0RW1J/dxH+1R6CzY=,/Pm/0lc5TDy5K+79Z+gBE+7GXD4=
-70,-112,RpLjheIT9Hg0RW1J/dxH+1R6CzY=,/Pm/0lc5TDy5K+79Z+gBE+7GXD4=
-77,-123,yRA1UdlYuddcBS/T6NsB9iQRn1I=,0dAn5Mh2AG1S4SgnINQhy7LF/yg=
-76,-124,yRA1UdlYuddcBS/T6NsB9iQRn1I=,0dAn5Mh2AG1S4SgnINQhy7LF/yg=
-77,-124,yRA1UdlYuddcBS/T6NsB9iQRn1I=,0dAn5Mh2AG1S4SgnINQhy7LF/yg=
-75,-124,yRA1UdlYuddcBS/T6NsB9iQRn1I=,0dAn5Mh2AG1S4SgnINQhy7LF/yg=
-78,-124,yRA1UdlYuddcBS/T6NsB9iQRn1I=,0dAn5Mh2AG1S4SgnINQhy7LF/yg=
-78,-123,yRA1UdlYuddcBS/T6NsB9iQRn1I=,0dAn5Mh2AG1S4SgnINQhy7LF/yg=
-74,-124,yRA1UdlYuddcBS/T6NsB9iQRn1I=,0dAn5Mh2AG1S4SgnINQhy7LF/yg=
-79,-124,yRA1UdlYuddcBS/T6NsB9iQRn1I=,0dAn5Mh2AG1S4SgnINQhy7LF/yg=
-74,-125,yRA1UdlYuddcBS/T6NsB9iQRn1I=,0dAn5Mh2AG1S4SgnINQhy7LF/yg=
-79,-123,yRA1UdlYuddcBS/T6NsB9iQRn1I=,0dAn5Mh2AG1S4SgnINQhy7LF/yg=
-76,-123,yRA1UdlYuddcBS/T6NsB9iQRn1I=,0dAn5Mh2AG1S4SgnINQhy7LF/yg=
-77,-125,yRA1UdlYuddcBS/T6NsB9iQRn1I=,0dAn5Mh2AG1S4SgnINQhy7LF/yg=
-75,-125,yRA1UdlYuddcBS/T6NsB9iQRn1I=,0dAn5Mh2AG1S4SgnINQhy7LF/yg=
-74,-122,yRA1UdlYuddcBS/T6NsB9iQRn1I=,0dAn5Mh2AG1S4SgnINQhy7LF/yg=
-76,-122,yRA1UdlYuddcBS/T6NsB9iQRn1I=,0dAn5Mh2AG1S4SgnINQhy7LF/yg=
-75,-122,yRA1UdlYuddcBS/T6NsB9iQRn1I=,0dAn5Mh2AG1S4SgnINQhy7LF/yg=
-72,-125,yRA1UdlYuddcBS/T6NsB9iQRn1I=,M2dQtwqifeks9jacdTRIpB4tMcM=
-78,-125,yRA1UdlYuddcBS/T6NsB9iQRn1I=,0dAn5Mh2AG1S4SgnINQhy7LF/yg=
-77,-122,yRA1UdlYuddcBS/T6NsB9iQRn1I=,0dAn5Mh2AG1S4SgnINQhy7LF/yg=
-79,-125,yRA1UdlYuddcBS/T6NsB9iQRn1I=,0dAn5Mh2AG1S4SgnINQhy7LF/yg=
-76,-125,yRA1UdlYuddcBS/T6NsB9iQRn1I=,0dAn5Mh2AG1S4SgnINQhy7LF/yg=
-66,-122,yRA1UdlYuddcBS/T6NsB9iQRn1I=,M2dQtwqifeks9jacdTRIpB4tMcM=
-78,-122,yRA1UdlYuddcBS/T6NsB9iQRn1I=,0dAn5Mh2AG1S4SgnINQhy7LF/yg=
-73,-123,yRA1UdlYuddcBS/T6NsB9iQRn1I=,0dAn5Mh2AG1S4SgnINQhy7LF/yg=
-75,-123,yRA1UdlYuddcBS/T6NsB9iQRn1I=,0dAn5Mh2AG1S4SgnINQhy7LF/yg=
-67,-122,yRA1UdlYuddcBS/T6NsB9iQRn1I=,M2dQtwqifeks9jacdTRIpB4tMcM=
-74,-123,yRA1UdlYuddcBS/T6NsB9iQRn1I=,0dAn5Mh2AG1S4SgnINQhy7LF/yg=
-79,-122,yRA1UdlYuddcBS/T6NsB9iQRn1I=,0dAn5Mh2AG1S4SgnINQhy7LF/yg=
-70,-122,yRA1UdlYuddcBS/T6NsB9iQRn1I=,M2dQtwqifeks9jacdTRIpB4tMcM=
-73,-124,yRA1UdlYuddcBS/T6NsB9iQRn1I=,0dAn5Mh2AG1S4SgnINQhy7LF/yg=
-68,-122,yRA1UdlYuddcBS/T6NsB9iQRn1I=,M2dQtwqifeks9jacdTRIpB4tMcM=
-71,-125,yRA1UdlYuddcBS/T6NsB9iQRn1I=,M2dQtwqifeks9jacdTRIpB4tMcM=
-73,-125,yRA1UdlYuddcBS/T6NsB9iQRn1I=,0dAn5Mh2AG1S4SgnINQhy7LF/yg=
-72,-122,yRA1UdlYuddcBS/T6NsB9iQRn1I=,M2dQtwqifeks9jacdTRIpB4tMcM=
-71,-122,yRA1UdlYuddcBS/T6NsB9iQRn1I=,M2dQtwqifeks9jacdTRIpB4tMcM=
-68,-123,yRA1UdlYuddcBS/T6NsB9iQRn1I=,M2dQtwqifeks9jacdTRIpB4tMcM=
-70,-123,yRA1UdlYuddcBS/T6NsB9iQRn1I=,M2dQtwqifeks9jacdTRIpB4tMcM=
-72,-123,yRA1UdlYuddcBS/T6NsB9iQRn1I=,M2dQtwqifeks9jacdTRIpB4tMcM=
-68,-124,yRA1UdlYuddcBS/T6NsB9iQRn1I=,M2dQtwqifeks9jacdTRIpB4tMcM=
-69,-122,yRA1UdlYuddcBS/T6NsB9iQRn1I=,M2dQtwqifeks9jacdTRIpB4tMcM=
-67,-123,yRA1UdlYuddcBS/T6NsB9iQRn1I=,M2dQtwqifeks9jacdTRIpB4tMcM=
-66,-123,yRA1UdlYuddcBS/T6NsB9iQRn1I=,M2dQtwqifeks9jacdTRIpB4tMcM=
-70,-125,yRA1UdlYuddcBS/T6NsB9iQRn1I=,M2dQtwqifeks9jacdTRIpB4tMcM=
-73,-122,yRA1UdlYuddcBS/T6NsB9iQRn1I=,0dAn5Mh2AG1S4SgnINQhy7LF/yg=
-69,-123,yRA1UdlYuddcBS/T6NsB9iQRn1I=,M2dQtwqifeks9jacdTRIpB4tMcM=
-72,-124,yRA1UdlYuddcBS/T6NsB9iQRn1I=,M2dQtwqifeks9jacdTRIpB4tMcM=
-66,-124,yRA1UdlYuddcBS/T6NsB9iQRn1I=,M2dQtwqifeks9jacdTRIpB4tMcM=
-71,-124,yRA1UdlYuddcBS/T6NsB9iQRn1I=,M2dQtwqifeks9jacdTRIpB4tMcM=
-71,-123,yRA1UdlYuddcBS/T6NsB9iQRn1I=,M2dQtwqifeks9jacdTRIpB4tMcM=
-69,-124,yRA1UdlYuddcBS/T6NsB9iQRn1I=,M2dQtwqifeks9jacdTRIpB4tMcM=
-70,-124,yRA1UdlYuddcBS/T6NsB9iQRn1I=,M2dQtwqifeks9jacdTRIpB4tMcM=
-68,-125,yRA1UdlYuddcBS/T6NsB9iQRn1I=,M2dQtwqifeks9jacdTRIpB4tMcM=
-67,-125,yRA1UdlYuddcBS/T6NsB9iQRn1I=,M2dQtwqifeks9jacdTRIpB4tMcM=
-67,-124,yRA1UdlYuddcBS/T6NsB9iQRn1I=,M2dQtwqifeks9jacdTRIpB4tMcM=
-69,-125,yRA1UdlYuddcBS/T6NsB9iQRn1I=,M2dQtwqifeks9jacdTRIpB4tMcM=
-66,-125,yRA1UdlYuddcBS/T6NsB9iQRn1I=,M2dQtwqifeks9jacdTRIpB4tMcM=
-80,-123,yRA1UdlYuddcBS/T6NsB9iQRn1I=,0dAn5Mh2AG1S4SgnINQhy7LF/yg=
-80,-122,yRA1UdlYuddcBS/T6NsB9iQRn1I=,0dAn5Mh2AG1S4SgnINQhy7LF/yg=
-80,-124,yRA1UdlYuddcBS/T6NsB9iQRn1I=,0dAn5Mh2AG1S4SgnINQhy7LF/yg=
-80,-125,yRA1UdlYuddcBS/T6NsB9iQRn1I=,0dAn5Mh2AG1S4SgnINQhy7LF/yg=
-65,-122,yRA1UdlYuddcBS/T6NsB9iQRn1I=,M2dQtwqifeks9jacdTRIpB4tMcM=
-65,-124,yRA1UdlYuddcBS/T6NsB9iQRn1I=,M2dQtwqifeks9jacdTRIpB4tMcM=
-65,-125,yRA1UdlYuddcBS/T6NsB9iQRn1I=,M2dQtwqifeks9jacdTRIpB4tMcM=
-65,-123,yRA1UdlYuddcBS/T6NsB9iQRn1I=,M2dQtwqifeks9jacdTRIpB4tMcM=
-74,-118,Y7FbNPpjtnYxIn2tNppZT/K7Le4=,0dAn5Mh2AG1S4SgnINQhy7LF/yg=
-77,-117,Y7FbNPpjtnYxIn2tNppZT/K7Le4=,0dAn5Mh2AG1S4SgnINQhy7LF/yg=
-76,-117,Y7FbNPpjtnYxIn2tNppZT/K7Le4=,0dAn5Mh2AG1S4SgnINQhy7LF/yg=
-75,-113,Y7FbNPpjtnYxIn2tNppZT/K7Le4=,0dAn5Mh2AG1S4SgnINQhy7LF/yg=
-80,-117,Y7FbNPpjtnYxIn2tNppZT/K7Le4=,0dAn5Mh2AG1S4SgnINQhy7LF/yg=
-74,-113,Y7FbNPpjtnYxIn2tNppZT/K7Le4=,0dAn5Mh2AG1S4SgnINQhy7LF/yg=
-79,-117,Y7FbNPpjtnYxIn2tNppZT/K7Le4=,0dAn5Mh2AG1S4SgnINQhy7LF/yg=
-76,-118,Y7FbNPpjtnYxIn2tNppZT/K7Le4=,0dAn5Mh2AG1S4SgnINQhy7LF/yg=
-78,-117,Y7FbNPpjtnYxIn2tNppZT/K7Le4=,0dAn5Mh2AG1S4SgnINQhy7LF/yg=
-75,-118,Y7FbNPpjtnYxIn2tNppZT/K7Le4=,0dAn5Mh2AG1S4SgnINQhy7LF/yg=
-68,-113,Y7FbNPpjtnYxIn2tNppZT/K7Le4=,M2dQtwqifeks9jacdTRIpB4tMcM=
-75,-117,Y7FbNPpjtnYxIn2tNppZT/K7Le4=,0dAn5Mh2AG1S4SgnINQhy7LF/yg=
-77,-118,Y7FbNPpjtnYxIn2tNppZT/K7Le4=,0dAn5Mh2AG1S4SgnINQhy7LF/yg=
-76,-113,Y7FbNPpjtnYxIn2tNppZT/K7Le4=,0dAn5Mh2AG1S4SgnINQhy7LF/yg=
-77,-113,Y7FbNPpjtnYxIn2tNppZT/K7Le4=,0dAn5Mh2AG1S4SgnINQhy7LF/yg=
-78,-118,Y7FbNPpjtnYxIn2tNppZT/K7Le4=,0dAn5Mh2AG1S4SgnINQhy7LF/yg=
-78,-113,Y7FbNPpjtnYxIn2tNppZT/K7Le4=,0dAn5Mh2AG1S4SgnINQhy7LF/yg=
-67,-114,Y7FbNPpjtnYxIn2tNppZT/K7Le4=,M2dQtwqifeks9jacdTRIpB4tMcM=
-80,-118,Y7FbNPpjtnYxIn2tNppZT/K7Le4=,0dAn5Mh2AG1S4SgnINQhy7LF/yg=
-74,-119,Y7FbNPpjtnYxIn2tNppZT/K7Le4=,0dAn5Mh2AG1S4SgnINQhy7LF/yg=
-72,-115,Y7FbNPpjtnYxIn2tNppZT/K7Le4=,M2dQtwqifeks9jacdTRIpB4tMcM=
-79,-118,Y7FbNPpjtnYxIn2tNppZT/K7Le4=,0dAn5Mh2AG1S4SgnINQhy7LF/yg=
-68,-114,Y7FbNPpjtnYxIn2tNppZT/K7Le4=,M2dQtwqifeks9jacdTRIpB4tMcM=
-74,-117,Y7FbNPpjtnYxIn2tNppZT/K7Le4=,0dAn5Mh2AG1S4SgnINQhy7LF/yg=
-76,-119,Y7FbNPpjtnYxIn2tNppZT/K7Le4=,0dAn5Mh2AG1S4SgnINQhy7LF/yg=
-69,-113,Y7FbNPpjtnYxIn2tNppZT/K7Le4=,M2dQtwqifeks9jacdTRIpB4tMcM=
-80,-113,Y7FbNPpjtnYxIn2tNppZT/K7Le4=,0dAn5Mh2AG1S4SgnINQhy7LF/yg=
-75,-119,Y7FbNPpjtnYxIn2tNppZT/K7Le4=,0dAn5Mh2AG1S4SgnINQhy7LF/yg=
-69,-114,Y7FbNPpjtnYxIn2tNppZT/K7Le4=,M2dQtwqifeks9jacdTRIpB4tMcM=
-70,-113,Y7FbNPpjtnYxIn2tNppZT/K7Le4=,M2dQtwqifeks9jacdTRIpB4tMcM=
-66,-115,Y7FbNPpjtnYxIn2tNppZT/K7Le4=,M2dQtwqifeks9jacdTRIpB4tMcM=
-79,-113,Y7FbNPpjtnYxIn2tNppZT/K7Le4=,0dAn5Mh2AG1S4SgnINQhy7LF/yg=
-80,-116,Y7FbNPpjtnYxIn2tNppZT/K7Le4=,0dAn5Mh2AG1S4SgnINQhy7LF/yg=
-79,-119,Y7FbNPpjtnYxIn2tNppZT/K7Le4=,0dAn5Mh2AG1S4SgnINQhy7LF/yg=
-80,-119,Y7FbNPpjtnYxIn2tNppZT/K7Le4=,0dAn5Mh2AG1S4SgnINQhy7LF/yg=
-77,-119,Y7FbNPpjtnYxIn2tNppZT/K7Le4=,0dAn5Mh2AG1S4SgnINQhy7LF/yg=
-74,-120,Y7FbNPpjtnYxIn2tNppZT/K7Le4=,0dAn5Mh2AG1S4SgnINQhy7LF/yg=
-71,-113,Y7FbNPpjtnYxIn2tNppZT/K7Le4=,M2dQtwqifeks9jacdTRIpB4tMcM=
-78,-119,Y7FbNPpjtnYxIn2tNppZT/K7Le4=,0dAn5Mh2AG1S4SgnINQhy7LF/yg=
-70,-114,Y7FbNPpjtnYxIn2tNppZT/K7Le4=,M2dQtwqifeks9jacdTRIpB4tMcM=
-75,-120,Y7FbNPpjtnYxIn2tNppZT/K7Le4=,0dAn5Mh2AG1S4SgnINQhy7LF/yg=
-67,-113,Y7FbNPpjtnYxIn2tNppZT/K7Le4=,M2dQtwqifeks9jacdTRIpB4tMcM=
-79,-116,Y7FbNPpjtnYxIn2tNppZT/K7Le4=,0dAn5Mh2AG1S4SgnINQhy7LF/yg=
-71,-114,Y7FbNPpjtnYxIn2tNppZT/K7Le4=,M2dQtwqifeks9jacdTRIpB4tMcM=
-77,-120,Y7FbNPpjtnYxIn2tNppZT/K7Le4=,0dAn5Mh2AG1S4SgnINQhy7LF/yg=
-74,-114,Y7FbNPpjtnYxIn2tNppZT/K7Le4=,0dAn5Mh2AG1S4SgnINQhy7LF/yg=
-76,-120,Y7FbNPpjtnYxIn2tNppZT/K7Le4=,0dAn5Mh2AG1S4SgnINQhy7LF/yg=
-79,-120,Y7FbNPpjtnYxIn2tNppZT/K7Le4=,0dAn5Mh2AG1S4SgnINQhy7LF/yg=
-72,-113,Y7FbNPpjtnYxIn2tNppZT/K7Le4=,M2dQtwqifeks9jacdTRIpB4tMcM=
-76,-114,Y7FbNPpjtnYxIn2tNppZT/K7Le4=,0dAn5Mh2AG1S4SgnINQhy7LF/yg=
-66,-113,Y7FbNPpjtnYxIn2tNppZT/K7Le4=,M2dQtwqifeks9jacdTRIpB4tMcM=
-78,-120,Y7FbNPpjtnYxIn2tNppZT/K7Le4=,0dAn5Mh2AG1S4SgnINQhy7LF/yg=
-67,-115,Y7FbNPpjtnYxIn2tNppZT/K7Le4=,M2dQtwqifeks9jacdTRIpB4tMcM=
-78,-116,Y7FbNPpjtnYxIn2tNppZT/K7Le4=,0dAn5Mh2AG1S4SgnINQhy7LF/yg=
-74,-121,Y7FbNPpjtnYxIn2tNppZT/K7Le4=,0dAn5Mh2AG1S4SgnINQhy7LF/yg=
-75,-114,Y7FbNPpjtnYxIn2tNppZT/K7Le4=,0dAn5Mh2AG1S4SgnINQhy7LF/yg=
-80,-120,Y7FbNPpjtnYxIn2tNppZT/K7Le4=,0dAn5Mh2AG1S4SgnINQhy7LF/yg=
-77,-114,Y7FbNPpjtnYxIn2tNppZT/K7Le4=,0dAn5Mh2AG1S4SgnINQhy7LF/yg=
-78,-114,Y7FbNPpjtnYxIn2tNppZT/K7Le4=,0dAn5Mh2AG1S4SgnINQhy7LF/yg=
-68,-115,Y7FbNPpjtnYxIn2tNppZT/K7Le4=,M2dQtwqifeks9jacdTRIpB4tMcM=
-75,-121,Y7FbNPpjtnYxIn2tNppZT/K7Le4=,0dAn5Mh2AG1S4SgnINQhy7LF/yg=
-77,-116,Y7FbNPpjtnYxIn2tNppZT/K7Le4=,0dAn5Mh2AG1S4SgnINQhy7LF/yg=
-79,-114,Y7FbNPpjtnYxIn2tNppZT/K7Le4=,0dAn5Mh2AG1S4SgnINQhy7LF/yg=
-65,-114,Y7FbNPpjtnYxIn2tNppZT/K7Le4=,M2dQtwqifeks9jacdTRIpB4tMcM=
-77,-121,Y7FbNPpjtnYxIn2tNppZT/K7Le4=,0dAn5Mh2AG1S4SgnINQhy7LF/yg=
-80,-114,Y7FbNPpjtnYxIn2tNppZT/K7Le4=,0dAn5Mh2AG1S4SgnINQhy7LF/yg=
-74,-115,Y7FbNPpjtnYxIn2tNppZT/K7Le4=,0dAn5Mh2AG1S4SgnINQhy7LF/yg=
-76,-121,Y7FbNPpjtnYxIn2tNppZT/K7Le4=,0dAn5Mh2AG1S4SgnINQhy7LF/yg=
-78,-121,Y7FbNPpjtnYxIn2tNppZT/K7Le4=,0dAn5Mh2AG1S4SgnINQhy7LF/yg=
-76,-116,Y7FbNPpjtnYxIn2tNppZT/K7Le4=,0dAn5Mh2AG1S4SgnINQhy7LF/yg=
-79,-121,Y7FbNPpjtnYxIn2tNppZT/K7Le4=,0dAn5Mh2AG1S4SgnINQhy7LF/yg=
-77,-115,Y7FbNPpjtnYxIn2tNppZT/K7Le4=,0dAn5Mh2AG1S4SgnINQhy7LF/yg=
-66,-114,Y7FbNPpjtnYxIn2tNppZT/K7Le4=,M2dQtwqifeks9jacdTRIpB4tMcM=
-65,-116,Y7FbNPpjtnYxIn2tNppZT/K7Le4=,M2dQtwqifeks9jacdTRIpB4tMcM=
-76,-115,Y7FbNPpjtnYxIn2tNppZT/K7Le4=,0dAn5Mh2AG1S4SgnINQhy7LF/yg=
-65,-117,Y7FbNPpjtnYxIn2tNppZT/K7Le4=,M2dQtwqifeks9jacdTRIpB4tMcM=
-80,-121,Y7FbNPpjtnYxIn2tNppZT/K7Le4=,0dAn5Mh2AG1S4SgnINQhy7LF/yg=
-65,-113,Y7FbNPpjtnYxIn2tNppZT/K7Le4=,M2dQtwqifeks9jacdTRIpB4tMcM=
-75,-115,Y7FbNPpjtnYxIn2tNppZT/K7Le4=,0dAn5Mh2AG1S4SgnINQhy7LF/yg=
-78,-115,Y7FbNPpjtnYxIn2tNppZT/K7Le4=,0dAn5Mh2AG1S4SgnINQhy7LF/yg=
-80,-115,Y7FbNPpjtnYxIn2tNppZT/K7Le4=,0dAn5Mh2AG1S4SgnINQhy7LF/yg=
-79,-115,Y7FbNPpjtnYxIn2tNppZT/K7Le4=,0dAn5Mh2AG1S4SgnINQhy7LF/yg=
-69,-115,Y7FbNPpjtnYxIn2tNppZT/K7Le4=,M2dQtwqifeks9jacdTRIpB4tMcM=
-75,-116,Y7FbNPpjtnYxIn2tNppZT/K7Le4=,0dAn5Mh2AG1S4SgnINQhy7LF/yg=
-73,-118,Y7FbNPpjtnYxIn2tNppZT/K7Le4=,0dAn5Mh2AG1S4SgnINQhy7LF/yg=
-74,-116,Y7FbNPpjtnYxIn2tNppZT/K7Le4=,0dAn5Mh2AG1S4SgnINQhy7LF/yg=
-71,-118,Y7FbNPpjtnYxIn2tNppZT/K7Le4=,M2dQtwqifeks9jacdTRIpB4tMcM=
-71,-117,Y7FbNPpjtnYxIn2tNppZT/K7Le4=,M2dQtwqifeks9jacdTRIpB4tMcM=
-70,-115,Y7FbNPpjtnYxIn2tNppZT/K7Le4=,M2dQtwqifeks9jacdTRIpB4tMcM=
-65,-115,Y7FbNPpjtnYxIn2tNppZT/K7Le4=,M2dQtwqifeks9jacdTRIpB4tMcM=
-66,-117,Y7FbNPpjtnYxIn2tNppZT/K7Le4=,M2dQtwqifeks9jacdTRIpB4tMcM=
-67,-117,Y7FbNPpjtnYxIn2tNppZT/K7Le4=,M2dQtwqifeks9jacdTRIpB4tMcM=
-67,-116,Y7FbNPpjtnYxIn2tNppZT/K7Le4=,M2dQtwqifeks9jacdTRIpB4tMcM=
-73,-113,Y7FbNPpjtnYxIn2tNppZT/K7Le4=,0dAn5Mh2AG1S4SgnINQhy7LF/yg=
-66,-116,Y7FbNPpjtnYxIn2tNppZT/K7Le4=,M2dQtwqifeks9jacdTRIpB4tMcM=
-67,-121,Y7FbNPpjtnYxIn2tNppZT/K7Le4=,M2dQtwqifeks9jacdTRIpB4tMcM=
-72,-117,Y7FbNPpjtnYxIn2tNppZT/K7Le4=,M2dQtwqifeks9jacdTRIpB4tMcM=
-72,-114,Y7FbNPpjtnYxIn2tNppZT/K7Le4=,M2dQtwqifeks9jacdTRIpB4tMcM=
-73,-119,Y7FbNPpjtnYxIn2tNppZT/K7Le4=,0dAn5Mh2AG1S4SgnINQhy7LF/yg=
-66,-121,Y7FbNPpjtnYxIn2tNppZT/K7Le4=,M2dQtwqifeks9jacdTRIpB4tMcM=
-65,-121,Y7FbNPpjtnYxIn2tNppZT/K7Le4=,M2dQtwqifeks9jacdTRIpB4tMcM=
-68,-121,Y7FbNPpjtnYxIn2tNppZT/K7Le4=,M2dQtwqifeks9jacdTRIpB4tMcM=
-70,-121,Y7FbNPpjtnYxIn2tNppZT/K7Le4=,M2dQtwqifeks9jacdTRIpB4tMcM=
-72,-121,Y7FbNPpjtnYxIn2tNppZT/K7Le4=,M2dQtwqifeks9jacdTRIpB4tMcM=
-69,-121,Y7FbNPpjtnYxIn2tNppZT/K7Le4=,M2dQtwqifeks9jacdTRIpB4tMcM=
-69,-116,Y7FbNPpjtnYxIn2tNppZT/K7Le4=,M2dQtwqifeks9jacdTRIpB4tMcM=
-71,-121,Y7FbNPpjtnYxIn2tNppZT/K7Le4=,M2dQtwqifeks9jacdTRIpB4tMcM=
-73,-120,Y7FbNPpjtnYxIn2tNppZT/K7Le4=,0dAn5Mh2AG1S4SgnINQhy7LF/yg=
-65,-118,Y7FbNPpjtnYxIn2tNppZT/K7Le4=,M2dQtwqifeks9jacdTRIpB4tMcM=
-72,-120,Y7FbNPpjtnYxIn2tNppZT/K7Le4=,M2dQtwqifeks9jacdTRIpB4tMcM=
-68,-117,Y7FbNPpjtnYxIn2tNppZT/K7Le4=,M2dQtwqifeks9jacdTRIpB4tMcM=
-73,-114,Y7FbNPpjtnYxIn2tNppZT/K7Le4=,0dAn5Mh2AG1S4SgnINQhy7LF/yg=
-73,-121,Y7FbNPpjtnYxIn2tNppZT/K7Le4=,0dAn5Mh2AG1S4SgnINQhy7LF/yg=
-69,-120,Y7FbNPpjtnYxIn2tNppZT/K7Le4=,M2dQtwqifeks9jacdTRIpB4tMcM=
-68,-116,Y7FbNPpjtnYxIn2tNppZT/K7Le4=,M2dQtwqifeks9jacdTRIpB4tMcM=
-70,-116,Y7FbNPpjtnYxIn2tNppZT/K7Le4=,M2dQtwqifeks9jacdTRIpB4tMcM=
-68,-118,Y7FbNPpjtnYxIn2tNppZT/K7Le4=,M2dQtwqifeks9jacdTRIpB4tMcM=
-71,-116,Y7FbNPpjtnYxIn2tNppZT/K7Le4=,M2dQtwqifeks9jacdTRIpB4tMcM=
-67,-118,Y7FbNPpjtnYxIn2tNppZT/K7Le4=,M2dQtwqifeks9jacdTRIpB4tMcM=
-66,-118,Y7FbNPpjtnYxIn2tNppZT/K7Le4=,M2dQtwqifeks9jacdTRIpB4tMcM=
-73,-115,Y7FbNPpjtnYxIn2tNppZT/K7Le4=,0dAn5Mh2AG1S4SgnINQhy7LF/yg=
-70,-119,Y7FbNPpjtnYxIn2tNppZT/K7Le4=,M2dQtwqifeks9jacdTRIpB4tMcM=
-72,-118,Y7FbNPpjtnYxIn2tNppZT/K7Le4=,M2dQtwqifeks9jacdTRIpB4tMcM=
-70,-120,Y7FbNPpjtnYxIn2tNppZT/K7Le4=,M2dQtwqifeks9jacdTRIpB4tMcM=
-70,-118,Y7FbNPpjtnYxIn2tNppZT/K7Le4=,M2dQtwqifeks9jacdTRIpB4tMcM=
-65,-119,Y7FbNPpjtnYxIn2tNppZT/K7Le4=,M2dQtwqifeks9jacdTRIpB4tMcM=
-69,-118,Y7FbNPpjtnYxIn2tNppZT/K7Le4=,M2dQtwqifeks9jacdTRIpB4tMcM=
-69,-117,Y7FbNPpjtnYxIn2tNppZT/K7Le4=,M2dQtwqifeks9jacdTRIpB4tMcM=
-71,-115,Y7FbNPpjtnYxIn2tNppZT/K7Le4=,M2dQtwqifeks9jacdTRIpB4tMcM=
-73,-116,Y7FbNPpjtnYxIn2tNppZT/K7Le4=,0dAn5Mh2AG1S4SgnINQhy7LF/yg=
-71,-119,Y7FbNPpjtnYxIn2tNppZT/K7Le4=,M2dQtwqifeks9jacdTRIpB4tMcM=
-65,-120,Y7FbNPpjtnYxIn2tNppZT/K7Le4=,M2dQtwqifeks9jacdTRIpB4tMcM=
-72,-119,Y7FbNPpjtnYxIn2tNppZT/K7Le4=,M2dQtwqifeks9jacdTRIpB4tMcM=
-68,-119,Y7FbNPpjtnYxIn2tNppZT/K7Le4=,M2dQtwqifeks9jacdTRIpB4tMcM=
-66,-119,Y7FbNPpjtnYxIn2tNppZT/K7Le4=,M2dQtwqifeks9jacdTRIpB4tMcM=
-67,-119,Y7FbNPpjtnYxIn2tNppZT/K7Le4=,M2dQtwqifeks9jacdTRIpB4tMcM=
-71,-120,Y7FbNPpjtnYxIn2tNppZT/K7Le4=,M2dQtwqifeks9jacdTRIpB4tMcM=
-72,-116,Y7FbNPpjtnYxIn2tNppZT/K7Le4=,M2dQtwqifeks9jacdTRIpB4tMcM=
-73,-117,Y7FbNPpjtnYxIn2tNppZT/K7Le4=,0dAn5Mh2AG1S4SgnINQhy7LF/yg=
-69,-119,Y7FbNPpjtnYxIn2tNppZT/K7Le4=,M2dQtwqifeks9jacdTRIpB4tMcM=
-66,-120,Y7FbNPpjtnYxIn2tNppZT/K7Le4=,M2dQtwqifeks9jacdTRIpB4tMcM=
-68,-120,Y7FbNPpjtnYxIn2tNppZT/K7Le4=,M2dQtwqifeks9jacdTRIpB4tMcM=
-67,-120,Y7FbNPpjtnYxIn2tNppZT/K7Le4=,M2dQtwqifeks9jacdTRIpB4tMcM=
-70,-117,Y7FbNPpjtnYxIn2tNppZT/K7Le4=,M2dQtwqifeks9jacdTRIpB4tMcM=
-90,-124,9w3MmDW0Ot6DsMSliyXIkpCdl6Y=,j3tQBKoFuU02DG/9rNThUX8357g=
-95,-123,9w3MmDW0Ot6DsMSliyXIkpCdl6Y=,j3tQBKoFuU02DG/9rNThUX8357g=
-91,-124,9w3MmDW0Ot6DsMSliyXIkpCdl6Y=,j3tQBKoFuU02DG/9rNThUX8357g=
-92,-124,9w3MmDW0Ot6DsMSliyXIkpCdl6Y=,j3tQBKoFuU02DG/9rNThUX8357g=
-93,-123,9w3MmDW0Ot6DsMSliyXIkpCdl6Y=,j3tQBKoFuU02DG/9rNThUX8357g=
-94,-123,9w3MmDW0Ot6DsMSliyXIkpCdl6Y=,j3tQBKoFuU02DG/9rNThUX8357g=
-95,-124,9w3MmDW0Ot6DsMSliyXIkpCdl6Y=,j3tQBKoFuU02DG/9rNThUX8357g=
-93,-124,9w3MmDW0Ot6DsMSliyXIkpCdl6Y=,j3tQBKoFuU02DG/9rNThUX8357g=
-92,-123,9w3MmDW0Ot6DsMSliyXIkpCdl6Y=,j3tQBKoFuU02DG/9rNThUX8357g=
-90,-125,9w3MmDW0Ot6DsMSliyXIkpCdl6Y=,j3tQBKoFuU02DG/9rNThUX8357g=
-88,-125,9w3MmDW0Ot6DsMSliyXIkpCdl6Y=,RSHN8BqnOwIBsJngcWOU5XDIWEs=
-94,-124,9w3MmDW0Ot6DsMSliyXIkpCdl6Y=,j3tQBKoFuU02DG/9rNThUX8357g=
-91,-125,9w3MmDW0Ot6DsMSliyXIkpCdl6Y=,j3tQBKoFuU02DG/9rNThUX8357g=
-90,-122,9w3MmDW0Ot6DsMSliyXIkpCdl6Y=,j3tQBKoFuU02DG/9rNThUX8357g=
-92,-125,9w3MmDW0Ot6DsMSliyXIkpCdl6Y=,j3tQBKoFuU02DG/9rNThUX8357g=
-95,-125,9w3MmDW0Ot6DsMSliyXIkpCdl6Y=,j3tQBKoFuU02DG/9rNThUX8357g=
-93,-125,9w3MmDW0Ot6DsMSliyXIkpCdl6Y=,j3tQBKoFuU02DG/9rNThUX8357g=
-94,-125,9w3MmDW0Ot6DsMSliyXIkpCdl6Y=,j3tQBKoFuU02DG/9rNThUX8357g=
-91,-122,9w3MmDW0Ot6DsMSliyXIkpCdl6Y=,j3tQBKoFuU02DG/9rNThUX8357g=
-91,-123,9w3MmDW0Ot6DsMSliyXIkpCdl6Y=,j3tQBKoFuU02DG/9rNThUX8357g=
-87,-125,9w3MmDW0Ot6DsMSliyXIkpCdl6Y=,RSHN8BqnOwIBsJngcWOU5XDIWEs=
-92,-122,9w3MmDW0Ot6DsMSliyXIkpCdl6Y=,j3tQBKoFuU02DG/9rNThUX8357g=
-93,-122,9w3MmDW0Ot6DsMSliyXIkpCdl6Y=,j3tQBKoFuU02DG/9rNThUX8357g=
-94,-122,9w3MmDW0Ot6DsMSliyXIkpCdl6Y=,j3tQBKoFuU02DG/9rNThUX8357g=
-95,-122,9w3MmDW0Ot6DsMSliyXIkpCdl6Y=,j3tQBKoFuU02DG/9rNThUX8357g=
-90,-123,9w3MmDW0Ot6DsMSliyXIkpCdl6Y=,j3tQBKoFuU02DG/9rNThUX8357g=
-89,-125,9w3MmDW0Ot6DsMSliyXIkpCdl6Y=,j3tQBKoFuU02DG/9rNThUX8357g=
-89,-124,9w3MmDW0Ot6DsMSliyXIkpCdl6Y=,j3tQBKoFuU02DG/9rNThUX8357g=
-82,-122,9w3MmDW0Ot6DsMSliyXIkpCdl6Y=,RSHN8BqnOwIBsJngcWOU5XDIWEs=
-84,-122,9w3MmDW0Ot6DsMSliyXIkpCdl6Y=,RSHN8BqnOwIBsJngcWOU5XDIWEs=
-85,-122,9w3MmDW0Ot6DsMSliyXIkpCdl6Y=,RSHN8BqnOwIBsJngcWOU5XDIWEs=
-86,-125,9w3MmDW0Ot6DsMSliyXIkpCdl6Y=,RSHN8BqnOwIBsJngcWOU5XDIWEs=
-83,-122,9w3MmDW0Ot6DsMSliyXIkpCdl6Y=,RSHN8BqnOwIBsJngcWOU5XDIWEs=
-86,-122,9w3MmDW0Ot6DsMSliyXIkpCdl6Y=,RSHN8BqnOwIBsJngcWOU5XDIWEs=
-87,-122,9w3MmDW0Ot6DsMSliyXIkpCdl6Y=,RSHN8BqnOwIBsJngcWOU5XDIWEs=
-84,-123,9w3MmDW0Ot6DsMSliyXIkpCdl6Y=,RSHN8BqnOwIBsJngcWOU5XDIWEs=
-82,-123,9w3MmDW0Ot6DsMSliyXIkpCdl6Y=,RSHN8BqnOwIBsJngcWOU5XDIWEs=
-85,-125,9w3MmDW0Ot6DsMSliyXIkpCdl6Y=,RSHN8BqnOwIBsJngcWOU5XDIWEs=
-85,-123,9w3MmDW0Ot6DsMSliyXIkpCdl6Y=,RSHN8BqnOwIBsJngcWOU5XDIWEs=
-86,-123,9w3MmDW0Ot6DsMSliyXIkpCdl6Y=,RSHN8BqnOwIBsJngcWOU5XDIWEs=
-83,-123,9w3MmDW0Ot6DsMSliyXIkpCdl6Y=,RSHN8BqnOwIBsJngcWOU5XDIWEs=
-88,-122,9w3MmDW0Ot6DsMSliyXIkpCdl6Y=,RSHN8BqnOwIBsJngcWOU5XDIWEs=
-87,-123,9w3MmDW0Ot6DsMSliyXIkpCdl6Y=,RSHN8BqnOwIBsJngcWOU5XDIWEs=
-82,-124,9w3MmDW0Ot6DsMSliyXIkpCdl6Y=,RSHN8BqnOwIBsJngcWOU5XDIWEs=
-89,-122,9w3MmDW0Ot6DsMSliyXIkpCdl6Y=,j3tQBKoFuU02DG/9rNThUX8357g=
-88,-123,9w3MmDW0Ot6DsMSliyXIkpCdl6Y=,RSHN8BqnOwIBsJngcWOU5XDIWEs=
-85,-124,9w3MmDW0Ot6DsMSliyXIkpCdl6Y=,RSHN8BqnOwIBsJngcWOU5XDIWEs=
-84,-125,9w3MmDW0Ot6DsMSliyXIkpCdl6Y=,RSHN8BqnOwIBsJngcWOU5XDIWEs=
-84,-124,9w3MmDW0Ot6DsMSliyXIkpCdl6Y=,RSHN8BqnOwIBsJngcWOU5XDIWEs=
-86,-124,9w3MmDW0Ot6DsMSliyXIkpCdl6Y=,RSHN8BqnOwIBsJngcWOU5XDIWEs=
-88,-124,9w3MmDW0Ot6DsMSliyXIkpCdl6Y=,RSHN8BqnOwIBsJngcWOU5XDIWEs=
-87,-124,9w3MmDW0Ot6DsMSliyXIkpCdl6Y=,RSHN8BqnOwIBsJngcWOU5XDIWEs=
-89,-123,9w3MmDW0Ot6DsMSliyXIkpCdl6Y=,j3tQBKoFuU02DG/9rNThUX8357g=
-83,-124,9w3MmDW0Ot6DsMSliyXIkpCdl6Y=,RSHN8BqnOwIBsJngcWOU5XDIWEs=
-82,-125,9w3MmDW0Ot6DsMSliyXIkpCdl6Y=,RSHN8BqnOwIBsJngcWOU5XDIWEs=
-83,-125,9w3MmDW0Ot6DsMSliyXIkpCdl6Y=,RSHN8BqnOwIBsJngcWOU5XDIWEs=
-96,-123,9w3MmDW0Ot6DsMSliyXIkpCdl6Y=,j3tQBKoFuU02DG/9rNThUX8357g=
-96,-122,9w3MmDW0Ot6DsMSliyXIkpCdl6Y=,j3tQBKoFuU02DG/9rNThUX8357g=
-96,-125,9w3MmDW0Ot6DsMSliyXIkpCdl6Y=,j3tQBKoFuU02DG/9rNThUX8357g=
-96,-124,9w3MmDW0Ot6DsMSliyXIkpCdl6Y=,j3tQBKoFuU02DG/9rNThUX8357g=
-81,-124,9w3MmDW0Ot6DsMSliyXIkpCdl6Y=,RSHN8BqnOwIBsJngcWOU5XDIWEs=
-81,-125,9w3MmDW0Ot6DsMSliyXIkpCdl6Y=,RSHN8BqnOwIBsJngcWOU5XDIWEs=
-81,-122,9w3MmDW0Ot6DsMSliyXIkpCdl6Y=,RSHN8BqnOwIBsJngcWOU5XDIWEs=
-81,-123,9w3MmDW0Ot6DsMSliyXIkpCdl6Y=,RSHN8BqnOwIBsJngcWOU5XDIWEs=
-91,-113,9w3MmDW0Ot6DsMSliyXIkpCdl6Y=,nCaVAfRHkJC5ahJ8pQyfJA+Uqo8=
-94,-117,9w3MmDW0Ot6DsMSliyXIkpCdl6Y=,nCaVAfRHkJC5ahJ8pQyfJA+Uqo8=
-93,-117,9w3MmDW0Ot6DsMSliyXIkpCdl6Y=,nCaVAfRHkJC5ahJ8pQyfJA+Uqo8=
-91,-118,QgXoS0rF4wqvmdT5UZGGheSCp9c=,nCaVAfRHkJC5ahJ8pQyfJA+Uqo8=
-96,-117,QgXoS0rF4wqvmdT5UZGGheSCp9c=,nCaVAfRHkJC5ahJ8pQyfJA+Uqo8=
-90,-113,QgXoS0rF4wqvmdT5UZGGheSCp9c=,nCaVAfRHkJC5ahJ8pQyfJA+Uqo8=
-95,-117,QgXoS0rF4wqvmdT5UZGGheSCp9c=,nCaVAfRHkJC5ahJ8pQyfJA+Uqo8=
-93,-118,QgXoS0rF4wqvmdT5UZGGheSCp9c=,nCaVAfRHkJC5ahJ8pQyfJA+Uqo8=
-90,-118,QgXoS0rF4wqvmdT5UZGGheSCp9c=,nCaVAfRHkJC5ahJ8pQyfJA+Uqo8=
-92,-118,QgXoS0rF4wqvmdT5UZGGheSCp9c=,nCaVAfRHkJC5ahJ8pQyfJA+Uqo8=
-92,-117,QgXoS0rF4wqvmdT5UZGGheSCp9c=,nCaVAfRHkJC5ahJ8pQyfJA+Uqo8=
-88,-115,QgXoS0rF4wqvmdT5UZGGheSCp9c=,RSHN8BqnOwIBsJngcWOU5XDIWEs=
-94,-118,QgXoS0rF4wqvmdT5UZGGheSCp9c=,nCaVAfRHkJC5ahJ8pQyfJA+Uqo8=
-84,-114,QgXoS0rF4wqvmdT5UZGGheSCp9c=,RSHN8BqnOwIBsJngcWOU5XDIWEs=
-96,-118,QgXoS0rF4wqvmdT5UZGGheSCp9c=,nCaVAfRHkJC5ahJ8pQyfJA+Uqo8=
-83,-114,QgXoS0rF4wqvmdT5UZGGheSCp9c=,RSHN8BqnOwIBsJngcWOU5XDIWEs=
-95,-118,QgXoS0rF4wqvmdT5UZGGheSCp9c=,nCaVAfRHkJC5ahJ8pQyfJA+Uqo8=
-93,-113,QgXoS0rF4wqvmdT5UZGGheSCp9c=,nCaVAfRHkJC5ahJ8pQyfJA+Uqo8=
-92,-113,QgXoS0rF4wqvmdT5UZGGheSCp9c=,nCaVAfRHkJC5ahJ8pQyfJA+Uqo8=
-86,-114,QgXoS0rF4wqvmdT5UZGGheSCp9c=,RSHN8BqnOwIBsJngcWOU5XDIWEs=
-85,-114,QgXoS0rF4wqvmdT5UZGGheSCp9c=,RSHN8BqnOwIBsJngcWOU5XDIWEs=
-91,-117,QgXoS0rF4wqvmdT5UZGGheSCp9c=,nCaVAfRHkJC5ahJ8pQyfJA+Uqo8=
-82,-115,QgXoS0rF4wqvmdT5UZGGheSCp9c=,RSHN8BqnOwIBsJngcWOU5XDIWEs=
-83,-115,QgXoS0rF4wqvmdT5UZGGheSCp9c=,RSHN8BqnOwIBsJngcWOU5XDIWEs=
-90,-119,QgXoS0rF4wqvmdT5UZGGheSCp9c=,nCaVAfRHkJC5ahJ8pQyfJA+Uqo8=
-91,-119,QgXoS0rF4wqvmdT5UZGGheSCp9c=,nCaVAfRHkJC5ahJ8pQyfJA+Uqo8=
-87,-114,QgXoS0rF4wqvmdT5UZGGheSCp9c=,RSHN8BqnOwIBsJngcWOU5XDIWEs=
-94,-113,QgXoS0rF4wqvmdT5UZGGheSCp9c=,nCaVAfRHkJC5ahJ8pQyfJA+Uqo8=
-85,-119,QgXoS0rF4wqvmdT5UZGGheSCp9c=,RSHN8BqnOwIBsJngcWOU5XDIWEs=
-84,-115,QgXoS0rF4wqvmdT5UZGGheSCp9c=,RSHN8BqnOwIBsJngcWOU5XDIWEs=
-87,-118,QgXoS0rF4wqvmdT5UZGGheSCp9c=,RSHN8BqnOwIBsJngcWOU5XDIWEs=
-90,-117,QgXoS0rF4wqvmdT5UZGGheSCp9c=,nCaVAfRHkJC5ahJ8pQyfJA+Uqo8=
-81,-115,QgXoS0rF4wqvmdT5UZGGheSCp9c=,RSHN8BqnOwIBsJngcWOU5XDIWEs=
-95,-113,QgXoS0rF4wqvmdT5UZGGheSCp9c=,nCaVAfRHkJC5ahJ8pQyfJA+Uqo8=
-92,-119,QgXoS0rF4wqvmdT5UZGGheSCp9c=,nCaVAfRHkJC5ahJ8pQyfJA+Uqo8=
-93,-119,QgXoS0rF4wqvmdT5UZGGheSCp9c=,nCaVAfRHkJC5ahJ8pQyfJA+Uqo8=
-85,-115,QgXoS0rF4wqvmdT5UZGGheSCp9c=,RSHN8BqnOwIBsJngcWOU5XDIWEs=
-96,-113,QgXoS0rF4wqvmdT5UZGGheSCp9c=,nCaVAfRHkJC5ahJ8pQyfJA+Uqo8=
-94,-119,QgXoS0rF4wqvmdT5UZGGheSCp9c=,nCaVAfRHkJC5ahJ8pQyfJA+Uqo8=
-95,-119,QgXoS0rF4wqvmdT5UZGGheSCp9c=,nCaVAfRHkJC5ahJ8pQyfJA+Uqo8=
-90,-114,QgXoS0rF4wqvmdT5UZGGheSCp9c=,nCaVAfRHkJC5ahJ8pQyfJA+Uqo8=
-91,-114,QgXoS0rF4wqvmdT5UZGGheSCp9c=,nCaVAfRHkJC5ahJ8pQyfJA+Uqo8=
-96,-119,QgXoS0rF4wqvmdT5UZGGheSCp9c=,nCaVAfRHkJC5ahJ8pQyfJA+Uqo8=
-96,-116,QgXoS0rF4wqvmdT5UZGGheSCp9c=,nCaVAfRHkJC5ahJ8pQyfJA+Uqo8=
-84,-113,QgXoS0rF4wqvmdT5UZGGheSCp9c=,RSHN8BqnOwIBsJngcWOU5XDIWEs=
-91,-120,QgXoS0rF4wqvmdT5UZGGheSCp9c=,nCaVAfRHkJC5ahJ8pQyfJA+Uqo8=
-90,-120,QgXoS0rF4wqvmdT5UZGGheSCp9c=,nCaVAfRHkJC5ahJ8pQyfJA+Uqo8=
-85,-113,QgXoS0rF4wqvmdT5UZGGheSCp9c=,RSHN8BqnOwIBsJngcWOU5XDIWEs=
-93,-120,QgXoS0rF4wqvmdT5UZGGheSCp9c=,nCaVAfRHkJC5ahJ8pQyfJA+Uqo8=
-94,-120,QgXoS0rF4wqvmdT5UZGGheSCp9c=,nCaVAfRHkJC5ahJ8pQyfJA+Uqo8=
-95,-120,QgXoS0rF4wqvmdT5UZGGheSCp9c=,nCaVAfRHkJC5ahJ8pQyfJA+Uqo8=
-95,-116,QgXoS0rF4wqvmdT5UZGGheSCp9c=,nCaVAfRHkJC5ahJ8pQyfJA+Uqo8=
-92,-120,QgXoS0rF4wqvmdT5UZGGheSCp9c=,nCaVAfRHkJC5ahJ8pQyfJA+Uqo8=
-96,-120,QgXoS0rF4wqvmdT5UZGGheSCp9c=,nCaVAfRHkJC5ahJ8pQyfJA+Uqo8=
-84,-120,QgXoS0rF4wqvmdT5UZGGheSCp9c=,RSHN8BqnOwIBsJngcWOU5XDIWEs=
-81,-116,QgXoS0rF4wqvmdT5UZGGheSCp9c=,RSHN8BqnOwIBsJngcWOU5XDIWEs=
-94,-116,QgXoS0rF4wqvmdT5UZGGheSCp9c=,nCaVAfRHkJC5ahJ8pQyfJA+Uqo8=
-86,-113,QgXoS0rF4wqvmdT5UZGGheSCp9c=,RSHN8BqnOwIBsJngcWOU5XDIWEs=
-91,-121,QgXoS0rF4wqvmdT5UZGGheSCp9c=,j3tQBKoFuU02DG/9rNThUX8357g=
-92,-114,QgXoS0rF4wqvmdT5UZGGheSCp9c=,nCaVAfRHkJC5ahJ8pQyfJA+Uqo8=
-90,-121,QgXoS0rF4wqvmdT5UZGGheSCp9c=,j3tQBKoFuU02DG/9rNThUX8357g=
-93,-121,QgXoS0rF4wqvmdT5UZGGheSCp9c=,j3tQBKoFuU02DG/9rNThUX8357g=
-92,-121,QgXoS0rF4wqvmdT5UZGGheSCp9c=,j3tQBKoFuU02DG/9rNThUX8357g=
-83,-113,QgXoS0rF4wqvmdT5UZGGheSCp9c=,RSHN8BqnOwIBsJngcWOU5XDIWEs=
-94,-114,QgXoS0rF4wqvmdT5UZGGheSCp9c=,nCaVAfRHkJC5ahJ8pQyfJA+Uqo8=
-93,-114,QgXoS0rF4wqvmdT5UZGGheSCp9c=,nCaVAfRHkJC5ahJ8pQyfJA+Uqo8=
-93,-116,QgXoS0rF4wqvmdT5UZGGheSCp9c=,nCaVAfRHkJC5ahJ8pQyfJA+Uqo8=
-95,-114,QgXoS0rF4wqvmdT5UZGGheSCp9c=,nCaVAfRHkJC5ahJ8pQyfJA+Uqo8=
-90,-115,QgXoS0rF4wqvmdT5UZGGheSCp9c=,nCaVAfRHkJC5ahJ8pQyfJA+Uqo8=
-94,-121,QgXoS0rF4wqvmdT5UZGGheSCp9c=,j3tQBKoFuU02DG/9rNThUX8357g=
-91,-115,QgXoS0rF4wqvmdT5UZGGheSCp9c=,nCaVAfRHkJC5ahJ8pQyfJA+Uqo8=
-95,-121,QgXoS0rF4wqvmdT5UZGGheSCp9c=,j3tQBKoFuU02DG/9rNThUX8357g=
-96,-121,QgXoS0rF4wqvmdT5UZGGheSCp9c=,j3tQBKoFuU02DG/9rNThUX8357g=
-88,-114,QgXoS0rF4wqvmdT5UZGGheSCp9c=,RSHN8BqnOwIBsJngcWOU5XDIWEs=
-87,-113,QgXoS0rF4wqvmdT5UZGGheSCp9c=,RSHN8BqnOwIBsJngcWOU5XDIWEs=
-94,-115,QgXoS0rF4wqvmdT5UZGGheSCp9c=,nCaVAfRHkJC5ahJ8pQyfJA+Uqo8=
-92,-116,QgXoS0rF4wqvmdT5UZGGheSCp9c=,nCaVAfRHkJC5ahJ8pQyfJA+Uqo8=
-95,-115,QgXoS0rF4wqvmdT5UZGGheSCp9c=,nCaVAfRHkJC5ahJ8pQyfJA+Uqo8=
-96,-114,QgXoS0rF4wqvmdT5UZGGheSCp9c=,nCaVAfRHkJC5ahJ8pQyfJA+Uqo8=
-82,-116,QgXoS0rF4wqvmdT5UZGGheSCp9c=,RSHN8BqnOwIBsJngcWOU5XDIWEs=
-86,-119,QgXoS0rF4wqvmdT5UZGGheSCp9c=,RSHN8BqnOwIBsJngcWOU5XDIWEs=
-96,-115,QgXoS0rF4wqvmdT5UZGGheSCp9c=,nCaVAfRHkJC5ahJ8pQyfJA+Uqo8=
-88,-120,QgXoS0rF4wqvmdT5UZGGheSCp9c=,RSHN8BqnOwIBsJngcWOU5XDIWEs=
-88,-113,QgXoS0rF4wqvmdT5UZGGheSCp9c=,RSHN8BqnOwIBsJngcWOU5XDIWEs=
-89,-118,QgXoS0rF4wqvmdT5UZGGheSCp9c=,nCaVAfRHkJC5ahJ8pQyfJA+Uqo8=
-92,-115,QgXoS0rF4wqvmdT5UZGGheSCp9c=,nCaVAfRHkJC5ahJ8pQyfJA+Uqo8=
-89,-113,QgXoS0rF4wqvmdT5UZGGheSCp9c=,nCaVAfRHkJC5ahJ8pQyfJA+Uqo8=
-93,-115,QgXoS0rF4wqvmdT5UZGGheSCp9c=,nCaVAfRHkJC5ahJ8pQyfJA+Uqo8=
-81,-114,QgXoS0rF4wqvmdT5UZGGheSCp9c=,RSHN8BqnOwIBsJngcWOU5XDIWEs=
-87,-119,QgXoS0rF4wqvmdT5UZGGheSCp9c=,RSHN8BqnOwIBsJngcWOU5XDIWEs=
-90,-116,QgXoS0rF4wqvmdT5UZGGheSCp9c=,nCaVAfRHkJC5ahJ8pQyfJA+Uqo8=
-83,-116,QgXoS0rF4wqvmdT5UZGGheSCp9c=,RSHN8BqnOwIBsJngcWOU5XDIWEs=
-82,-114,QgXoS0rF4wqvmdT5UZGGheSCp9c=,RSHN8BqnOwIBsJngcWOU5XDIWEs=
-89,-117,QgXoS0rF4wqvmdT5UZGGheSCp9c=,nCaVAfRHkJC5ahJ8pQyfJA+Uqo8=
-91,-116,QgXoS0rF4wqvmdT5UZGGheSCp9c=,nCaVAfRHkJC5ahJ8pQyfJA+Uqo8=
-85,-120,QgXoS0rF4wqvmdT5UZGGheSCp9c=,RSHN8BqnOwIBsJngcWOU5XDIWEs=
-81,-121,QgXoS0rF4wqvmdT5UZGGheSCp9c=,RSHN8BqnOwIBsJngcWOU5XDIWEs=
-86,-115,QgXoS0rF4wqvmdT5UZGGheSCp9c=,RSHN8BqnOwIBsJngcWOU5XDIWEs=
-89,-119,QgXoS0rF4wqvmdT5UZGGheSCp9c=,nCaVAfRHkJC5ahJ8pQyfJA+Uqo8=
-82,-121,QgXoS0rF4wqvmdT5UZGGheSCp9c=,RSHN8BqnOwIBsJngcWOU5XDIWEs=
-83,-121,QgXoS0rF4wqvmdT5UZGGheSCp9c=,RSHN8BqnOwIBsJngcWOU5XDIWEs=
-84,-121,QgXoS0rF4wqvmdT5UZGGheSCp9c=,RSHN8BqnOwIBsJngcWOU5XDIWEs=
-88,-119,QgXoS0rF4wqvmdT5UZGGheSCp9c=,RSHN8BqnOwIBsJngcWOU5XDIWEs=
-86,-121,QgXoS0rF4wqvmdT5UZGGheSCp9c=,RSHN8BqnOwIBsJngcWOU5XDIWEs=
-81,-120,QgXoS0rF4wqvmdT5UZGGheSCp9c=,RSHN8BqnOwIBsJngcWOU5XDIWEs=
-85,-121,QgXoS0rF4wqvmdT5UZGGheSCp9c=,RSHN8BqnOwIBsJngcWOU5XDIWEs=
-88,-118,QgXoS0rF4wqvmdT5UZGGheSCp9c=,RSHN8BqnOwIBsJngcWOU5XDIWEs=
-87,-121,QgXoS0rF4wqvmdT5UZGGheSCp9c=,RSHN8BqnOwIBsJngcWOU5XDIWEs=
-84,-116,QgXoS0rF4wqvmdT5UZGGheSCp9c=,RSHN8BqnOwIBsJngcWOU5XDIWEs=
-89,-114,QgXoS0rF4wqvmdT5UZGGheSCp9c=,nCaVAfRHkJC5ahJ8pQyfJA+Uqo8=
-82,-120,QgXoS0rF4wqvmdT5UZGGheSCp9c=,RSHN8BqnOwIBsJngcWOU5XDIWEs=
-89,-120,QgXoS0rF4wqvmdT5UZGGheSCp9c=,nCaVAfRHkJC5ahJ8pQyfJA+Uqo8=
-81,-119,QgXoS0rF4wqvmdT5UZGGheSCp9c=,RSHN8BqnOwIBsJngcWOU5XDIWEs=
-82,-113,QgXoS0rF4wqvmdT5UZGGheSCp9c=,RSHN8BqnOwIBsJngcWOU5XDIWEs=
-85,-116,QgXoS0rF4wqvmdT5UZGGheSCp9c=,RSHN8BqnOwIBsJngcWOU5XDIWEs=
-89,-121,QgXoS0rF4wqvmdT5UZGGheSCp9c=,j3tQBKoFuU02DG/9rNThUX8357g=
-83,-120,QgXoS0rF4wqvmdT5UZGGheSCp9c=,RSHN8BqnOwIBsJngcWOU5XDIWEs=
-88,-121,QgXoS0rF4wqvmdT5UZGGheSCp9c=,RSHN8BqnOwIBsJngcWOU5XDIWEs=
-89,-115,QgXoS0rF4wqvmdT5UZGGheSCp9c=,nCaVAfRHkJC5ahJ8pQyfJA+Uqo8=
-86,-116,QgXoS0rF4wqvmdT5UZGGheSCp9c=,RSHN8BqnOwIBsJngcWOU5XDIWEs=
-83,-119,QgXoS0rF4wqvmdT5UZGGheSCp9c=,RSHN8BqnOwIBsJngcWOU5XDIWEs=
-87,-117,QgXoS0rF4wqvmdT5UZGGheSCp9c=,RSHN8BqnOwIBsJngcWOU5XDIWEs=
-81,-113,QgXoS0rF4wqvmdT5UZGGheSCp9c=,RSHN8BqnOwIBsJngcWOU5XDIWEs=
-88,-117,QgXoS0rF4wqvmdT5UZGGheSCp9c=,RSHN8BqnOwIBsJngcWOU5XDIWEs=
-89,-116,QgXoS0rF4wqvmdT5UZGGheSCp9c=,nCaVAfRHkJC5ahJ8pQyfJA+Uqo8=
-87,-115,QgXoS0rF4wqvmdT5UZGGheSCp9c=,RSHN8BqnOwIBsJngcWOU5XDIWEs=
-81,-118,QgXoS0rF4wqvmdT5UZGGheSCp9c=,RSHN8BqnOwIBsJngcWOU5XDIWEs=
-82,-118,QgXoS0rF4wqvmdT5UZGGheSCp9c=,RSHN8BqnOwIBsJngcWOU5XDIWEs=
-87,-120,QgXoS0rF4wqvmdT5UZGGheSCp9c=,RSHN8BqnOwIBsJngcWOU5XDIWEs=
-82,-119,QgXoS0rF4wqvmdT5UZGGheSCp9c=,RSHN8BqnOwIBsJngcWOU5XDIWEs=
-83,-118,QgXoS0rF4wqvmdT5UZGGheSCp9c=,RSHN8BqnOwIBsJngcWOU5XDIWEs=
-81,-117,QgXoS0rF4wqvmdT5UZGGheSCp9c=,RSHN8BqnOwIBsJngcWOU5XDIWEs=
-82,-117,QgXoS0rF4wqvmdT5UZGGheSCp9c=,RSHN8BqnOwIBsJngcWOU5XDIWEs=
-86,-118,QgXoS0rF4wqvmdT5UZGGheSCp9c=,RSHN8BqnOwIBsJngcWOU5XDIWEs=
-86,-120,QgXoS0rF4wqvmdT5UZGGheSCp9c=,RSHN8BqnOwIBsJngcWOU5XDIWEs=
-84,-117,QgXoS0rF4wqvmdT5UZGGheSCp9c=,RSHN8BqnOwIBsJngcWOU5XDIWEs=
-84,-118,QgXoS0rF4wqvmdT5UZGGheSCp9c=,RSHN8BqnOwIBsJngcWOU5XDIWEs=
-86,-117,QgXoS0rF4wqvmdT5UZGGheSCp9c=,RSHN8BqnOwIBsJngcWOU5XDIWEs=
-84,-119,QgXoS0rF4wqvmdT5UZGGheSCp9c=,RSHN8BqnOwIBsJngcWOU5XDIWEs=
-87,-116,QgXoS0rF4wqvmdT5UZGGheSCp9c=,RSHN8BqnOwIBsJngcWOU5XDIWEs=
-85,-117,QgXoS0rF4wqvmdT5UZGGheSCp9c=,RSHN8BqnOwIBsJngcWOU5XDIWEs=
-83,-117,QgXoS0rF4wqvmdT5UZGGheSCp9c=,RSHN8BqnOwIBsJngcWOU5XDIWEs=
-85,-118,QgXoS0rF4wqvmdT5UZGGheSCp9c=,RSHN8BqnOwIBsJngcWOU5XDIWEs=
-88,-116,QgXoS0rF4wqvmdT5UZGGheSCp9c=,RSHN8BqnOwIBsJngcWOU5XDIWEs=
-93,-101,7mpjmmL9s1SlftbKLFOJKa02r9U=,jESOXbd+W84iULRdiAdfkKdZDbQ=
-92,-101,7mpjmmL9s1SlftbKLFOJKa02r9U=,jESOXbd+W84iULRdiAdfkKdZDbQ=
-90,-103,7mpjmmL9s1SlftbKLFOJKa02r9U=,jESOXbd+W84iULRdiAdfkKdZDbQ=
-95,-103,7mpjmmL9s1SlftbKLFOJKa02r9U=,jESOXbd+W84iULRdiAdfkKdZDbQ=
-94,-101,fqjRlnzyHWVjGob77mII1bJdw34=,jESOXbd+W84iULRdiAdfkKdZDbQ=
-91,-103,fqjRlnzyHWVjGob77mII1bJdw34=,jESOXbd+W84iULRdiAdfkKdZDbQ=
-94,-103,fqjRlnzyHWVjGob77mII1bJdw34=,jESOXbd+W84iULRdiAdfkKdZDbQ=
-90,-102,fqjRlnzyHWVjGob77mII1bJdw34=,jESOXbd+W84iULRdiAdfkKdZDbQ=
-93,-103,fqjRlnzyHWVjGob77mII1bJdw34=,jESOXbd+W84iULRdiAdfkKdZDbQ=
-95,-101,fqjRlnzyHWVjGob77mII1bJdw34=,jESOXbd+W84iULRdiAdfkKdZDbQ=
-92,-103,fqjRlnzyHWVjGob77mII1bJdw34=,jESOXbd+W84iULRdiAdfkKdZDbQ=
-95,-102,fqjRlnzyHWVjGob77mII1bJdw34=,jESOXbd+W84iULRdiAdfkKdZDbQ=
-92,-102,fqjRlnzyHWVjGob77mII1bJdw34=,jESOXbd+W84iULRdiAdfkKdZDbQ=
-91,-102,fqjRlnzyHWVjGob77mII1bJdw34=,jESOXbd+W84iULRdiAdfkKdZDbQ=
-91,-98,fqjRlnzyHWVjGob77mII1bJdw34=,jESOXbd+W84iULRdiAdfkKdZDbQ=
-93,-102,fqjRlnzyHWVjGob77mII1bJdw34=,jESOXbd+W84iULRdiAdfkKdZDbQ=
-94,-102,fqjRlnzyHWVjGob77mII1bJdw34=,jESOXbd+W84iULRdiAdfkKdZDbQ=
-90,-98,fqjRlnzyHWVjGob77mII1bJdw34=,jESOXbd+W84iULRdiAdfkKdZDbQ=
-91,-101,fqjRlnzyHWVjGob77mII1bJdw34=,jESOXbd+W84iULRdiAdfkKdZDbQ=
-92,-98,fqjRlnzyHWVjGob77mII1bJdw34=,jESOXbd+W84iULRdiAdfkKdZDbQ=
-93,-98,fqjRlnzyHWVjGob77mII1bJdw34=,jESOXbd+W84iULRdiAdfkKdZDbQ=
-93,-99,fqjRlnzyHWVjGob77mII1bJdw34=,jESOXbd+W84iULRdiAdfkKdZDbQ=
-95,-98,fqjRlnzyHWVjGob77mII1bJdw34=,jESOXbd+W84iULRdiAdfkKdZDbQ=
-94,-98,fqjRlnzyHWVjGob77mII1bJdw34=,jESOXbd+W84iULRdiAdfkKdZDbQ=
-90,-101,fqjRlnzyHWVjGob77mII1bJdw34=,jESOXbd+W84iULRdiAdfkKdZDbQ=
-92,-99,fqjRlnzyHWVjGob77mII1bJdw34=,jESOXbd+W84iULRdiAdfkKdZDbQ=
-91,-99,fqjRlnzyHWVjGob77mII1bJdw34=,jESOXbd+W84iULRdiAdfkKdZDbQ=
-95,-99,fqjRlnzyHWVjGob77mII1bJdw34=,jESOXbd+W84iULRdiAdfkKdZDbQ=
-94,-99,fqjRlnzyHWVjGob77mII1bJdw34=,jESOXbd+W84iULRdiAdfkKdZDbQ=
-87,-109,fqjRlnzyHWVjGob77mII1bJdw34=,WB2uQI9i1qod5T5GmVerhiWrUZ0=
-84,-105,fqjRlnzyHWVjGob77mII1bJdw34=,WB2uQI9i1qod5T5GmVerhiWrUZ0=
-95,-100,fqjRlnzyHWVjGob77mII1bJdw34=,jESOXbd+W84iULRdiAdfkKdZDbQ=
-90,-99,fqjRlnzyHWVjGob77mII1bJdw34=,jESOXbd+W84iULRdiAdfkKdZDbQ=
-90,-100,fqjRlnzyHWVjGob77mII1bJdw34=,jESOXbd+W84iULRdiAdfkKdZDbQ=
-94,-100,fqjRlnzyHWVjGob77mII1bJdw34=,jESOXbd+W84iULRdiAdfkKdZDbQ=
-92,-100,fqjRlnzyHWVjGob77mII1bJdw34=,jESOXbd+W84iULRdiAdfkKdZDbQ=
-93,-100,fqjRlnzyHWVjGob77mII1bJdw34=,jESOXbd+W84iULRdiAdfkKdZDbQ=
-91,-100,fqjRlnzyHWVjGob77mII1bJdw34=,jESOXbd+W84iULRdiAdfkKdZDbQ=
-82,-106,fqjRlnzyHWVjGob77mII1bJdw34=,WB2uQI9i1qod5T5GmVerhiWrUZ0=
-83,-105,fqjRlnzyHWVjGob77mII1bJdw34=,WB2uQI9i1qod5T5GmVerhiWrUZ0=
-89,-103,fqjRlnzyHWVjGob77mII1bJdw34=,jESOXbd+W84iULRdiAdfkKdZDbQ=
-86,-105,fqjRlnzyHWVjGob77mII1bJdw34=,WB2uQI9i1qod5T5GmVerhiWrUZ0=
-85,-105,fqjRlnzyHWVjGob77mII1bJdw34=,WB2uQI9i1qod5T5GmVerhiWrUZ0=
-92,-107,fqjRlnzyHWVjGob77mII1bJdw34=,h48sfPXS7Xh+e0G4RK6eVX29dns=
-89,-102,fqjRlnzyHWVjGob77mII1bJdw34=,jESOXbd+W84iULRdiAdfkKdZDbQ=
-87,-105,fqjRlnzyHWVjGob77mII1bJdw34=,WB2uQI9i1qod5T5GmVerhiWrUZ0=
-84,-106,fqjRlnzyHWVjGob77mII1bJdw34=,WB2uQI9i1qod5T5GmVerhiWrUZ0=
-82,-105,fqjRlnzyHWVjGob77mII1bJdw34=,WB2uQI9i1qod5T5GmVerhiWrUZ0=
-85,-106,fqjRlnzyHWVjGob77mII1bJdw34=,WB2uQI9i1qod5T5GmVerhiWrUZ0=
-88,-109,fqjRlnzyHWVjGob77mII1bJdw34=,WB2uQI9i1qod5T5GmVerhiWrUZ0=
-86,-109,fqjRlnzyHWVjGob77mII1bJdw34=,WB2uQI9i1qod5T5GmVerhiWrUZ0=
-82,-110,fqjRlnzyHWVjGob77mII1bJdw34=,WB2uQI9i1qod5T5GmVerhiWrUZ0=
-87,-100,fqjRlnzyHWVjGob77mII1bJdw34=,F3lv4NF+1rwTD+9aXyjjv9FJmkM=
-86,-106,fqjRlnzyHWVjGob77mII1bJdw34=,WB2uQI9i1qod5T5GmVerhiWrUZ0=
-83,-106,fqjRlnzyHWVjGob77mII1bJdw34=,WB2uQI9i1qod5T5GmVerhiWrUZ0=
-84,-101,fqjRlnzyHWVjGob77mII1bJdw34=,F3lv4NF+1rwTD+9aXyjjv9FJmkM=
-88,-104,fqjRlnzyHWVjGob77mII1bJdw34=,F3lv4NF+1rwTD+9aXyjjv9FJmkM=
-94,-107,fqjRlnzyHWVjGob77mII1bJdw34=,h48sfPXS7Xh+e0G4RK6eVX29dns=
-83,-103,fqjRlnzyHWVjGob77mII1bJdw34=,F3lv4NF+1rwTD+9aXyjjv9FJmkM=
-87,-106,fqjRlnzyHWVjGob77mII1bJdw34=,WB2uQI9i1qod5T5GmVerhiWrUZ0=
-85,-101,fqjRlnzyHWVjGob77mII1bJdw34=,F3lv4NF+1rwTD+9aXyjjv9FJmkM=
-85,-109,fqjRlnzyHWVjGob77mII1bJdw34=,WB2uQI9i1qod5T5GmVerhiWrUZ0=
-83,-100,fqjRlnzyHWVjGob77mII1bJdw34=,F3lv4NF+1rwTD+9aXyjjv9FJmkM=
-93,-107,fqjRlnzyHWVjGob77mII1bJdw34=,h48sfPXS7Xh+e0G4RK6eVX29dns=
-86,-100,fqjRlnzyHWVjGob77mII1bJdw34=,F3lv4NF+1rwTD+9aXyjjv9FJmkM=
-82,-100,fqjRlnzyHWVjGob77mII1bJdw34=,F3lv4NF+1rwTD+9aXyjjv9FJmkM=
-89,-104,fqjRlnzyHWVjGob77mII1bJdw34=,jESOXbd+W84iULRdiAdfkKdZDbQ=
-91,-107,fqjRlnzyHWVjGob77mII1bJdw34=,h48sfPXS7Xh+e0G4RK6eVX29dns=
-90,-104,fqjRlnzyHWVjGob77mII1bJdw34=,jESOXbd+W84iULRdiAdfkKdZDbQ=
-95,-107,fqjRlnzyHWVjGob77mII1bJdw34=,h48sfPXS7Xh+e0G4RK6eVX29dns=
-88,-105,fqjRlnzyHWVjGob77mII1bJdw34=,WB2uQI9i1qod5T5GmVerhiWrUZ0=
-90,-107,fqjRlnzyHWVjGob77mII1bJdw34=,h48sfPXS7Xh+e0G4RK6eVX29dns=
-82,-107,fqjRlnzyHWVjGob77mII1bJdw34=,WB2uQI9i1qod5T5GmVerhiWrUZ0=
-88,-99,fqjRlnzyHWVjGob77mII1bJdw34=,F3lv4NF+1rwTD+9aXyjjv9FJmkM=
-83,-107,fqjRlnzyHWVjGob77mII1bJdw34=,WB2uQI9i1qod5T5GmVerhiWrUZ0=
-84,-103,fqjRlnzyHWVjGob77mII1bJdw34=,F3lv4NF+1rwTD+9aXyjjv9FJmkM=
-83,-102,fqjRlnzyHWVjGob77mII1bJdw34=,F3lv4NF+1rwTD+9aXyjjv9FJmkM=
-91,-104,fqjRlnzyHWVjGob77mII1bJdw34=,jESOXbd+W84iULRdiAdfkKdZDbQ=
-83,-110,fqjRlnzyHWVjGob77mII1bJdw34=,WB2uQI9i1qod5T5GmVerhiWrUZ0=
-84,-109,fqjRlnzyHWVjGob77mII1bJdw34=,WB2uQI9i1qod5T5GmVerhiWrUZ0=
-89,-107,fqjRlnzyHWVjGob77mII1bJdw34=,h48sfPXS7Xh+e0G4RK6eVX29dns=
-92,-104,fqjRlnzyHWVjGob77mII1bJdw34=,jESOXbd+W84iULRdiAdfkKdZDbQ=
-84,-110,fqjRlnzyHWVjGob77mII1bJdw34=,WB2uQI9i1qod5T5GmVerhiWrUZ0=
-85,-100,fqjRlnzyHWVjGob77mII1bJdw34=,F3lv4NF+1rwTD+9aXyjjv9FJmkM=
-89,-98,fqjRlnzyHWVjGob77mII1bJdw34=,jESOXbd+W84iULRdiAdfkKdZDbQ=
-85,-110,fqjRlnzyHWVjGob77mII1bJdw34=,WB2uQI9i1qod5T5GmVerhiWrUZ0=
-84,-102,fqjRlnzyHWVjGob77mII1bJdw34=,F3lv4NF+1rwTD+9aXyjjv9FJmkM=
-88,-100,fqjRlnzyHWVjGob77mII1bJdw34=,F3lv4NF+1rwTD+9aXyjjv9FJmkM=
-83,-109,fqjRlnzyHWVjGob77mII1bJdw34=,WB2uQI9i1qod5T5GmVerhiWrUZ0=
-85,-102,fqjRlnzyHWVjGob77mII1bJdw34=,F3lv4NF+1rwTD+9aXyjjv9FJmkM=
-95,-106,fqjRlnzyHWVjGob77mII1bJdw34=,h48sfPXS7Xh+e0G4RK6eVX29dns=
-90,-97,fqjRlnzyHWVjGob77mII1bJdw34=,jESOXbd+W84iULRdiAdfkKdZDbQ=
-85,-103,fqjRlnzyHWVjGob77mII1bJdw34=,F3lv4NF+1rwTD+9aXyjjv9FJmkM=
-89,-101,fqjRlnzyHWVjGob77mII1bJdw34=,jESOXbd+W84iULRdiAdfkKdZDbQ=
-91,-97,fqjRlnzyHWVjGob77mII1bJdw34=,jESOXbd+W84iULRdiAdfkKdZDbQ=
-86,-110,fqjRlnzyHWVjGob77mII1bJdw34=,WB2uQI9i1qod5T5GmVerhiWrUZ0=
-87,-110,fqjRlnzyHWVjGob77mII1bJdw34=,WB2uQI9i1qod5T5GmVerhiWrUZ0=
-92,-97,fqjRlnzyHWVjGob77mII1bJdw34=,jESOXbd+W84iULRdiAdfkKdZDbQ=
-82,-109,fqjRlnzyHWVjGob77mII1bJdw34=,WB2uQI9i1qod5T5GmVerhiWrUZ0=
-93,-97,fqjRlnzyHWVjGob77mII1bJdw34=,jESOXbd+W84iULRdiAdfkKdZDbQ=
-95,-97,fqjRlnzyHWVjGob77mII1bJdw34=,jESOXbd+W84iULRdiAdfkKdZDbQ=
-82,-111,fqjRlnzyHWVjGob77mII1bJdw34=,WB2uQI9i1qod5T5GmVerhiWrUZ0=
-88,-106,fqjRlnzyHWVjGob77mII1bJdw34=,WB2uQI9i1qod5T5GmVerhiWrUZ0=
-83,-111,fqjRlnzyHWVjGob77mII1bJdw34=,WB2uQI9i1qod5T5GmVerhiWrUZ0=
-94,-106,fqjRlnzyHWVjGob77mII1bJdw34=,h48sfPXS7Xh+e0G4RK6eVX29dns=
-86,-102,fqjRlnzyHWVjGob77mII1bJdw34=,F3lv4NF+1rwTD+9aXyjjv9FJmkM=
-87,-108,fqjRlnzyHWVjGob77mII1bJdw34=,WB2uQI9i1qod5T5GmVerhiWrUZ0=
-94,-97,fqjRlnzyHWVjGob77mII1bJdw34=,jESOXbd+W84iULRdiAdfkKdZDbQ=
-84,-111,fqjRlnzyHWVjGob77mII1bJdw34=,WB2uQI9i1qod5T5GmVerhiWrUZ0=
-86,-101,fqjRlnzyHWVjGob77mII1bJdw34=,F3lv4NF+1rwTD+9aXyjjv9FJmkM=
-89,-108,fqjRlnzyHWVjGob77mII1bJdw34=,h48sfPXS7Xh+e0G4RK6eVX29dns=
-87,-99,fqjRlnzyHWVjGob77mII1bJdw34=,F3lv4NF+1rwTD+9aXyjjv9FJmkM=
-93,-106,fqjRlnzyHWVjGob77mII1bJdw34=,h48sfPXS7Xh+e0G4RK6eVX29dns=
-87,-102,fqjRlnzyHWVjGob77mII1bJdw34=,F3lv4NF+1rwTD+9aXyjjv9FJmkM=
-88,-102,fqjRlnzyHWVjGob77mII1bJdw34=,F3lv4NF+1rwTD+9aXyjjv9FJmkM=
-89,-99,fqjRlnzyHWVjGob77mII1bJdw34=,jESOXbd+W84iULRdiAdfkKdZDbQ=
-86,-108,fqjRlnzyHWVjGob77mII1bJdw34=,WB2uQI9i1qod5T5GmVerhiWrUZ0=
-82,-104,fqjRlnzyHWVjGob77mII1bJdw34=,F3lv4NF+1rwTD+9aXyjjv9FJmkM=
-93,-104,fqjRlnzyHWVjGob77mII1bJdw34=,jESOXbd+W84iULRdiAdfkKdZDbQ=
-86,-111,fqjRlnzyHWVjGob77mII1bJdw34=,WB2uQI9i1qod5T5GmVerhiWrUZ0=
-84,-100,fqjRlnzyHWVjGob77mII1bJdw34=,F3lv4NF+1rwTD+9aXyjjv9FJmkM=
-85,-111,fqjRlnzyHWVjGob77mII1bJdw34=,WB2uQI9i1qod5T5GmVerhiWrUZ0=
-92,-106,fqjRlnzyHWVjGob77mII1bJdw34=,h48sfPXS7Xh+e0G4RK6eVX29dns=
-82,-103,fqjRlnzyHWVjGob77mII1bJdw34=,F3lv4NF+1rwTD+9aXyjjv9FJmkM=
-85,-108,fqjRlnzyHWVjGob77mII1bJdw34=,WB2uQI9i1qod5T5GmVerhiWrUZ0=
-94,-104,fqjRlnzyHWVjGob77mII1bJdw34=,jESOXbd+W84iULRdiAdfkKdZDbQ=
-87,-104,fqjRlnzyHWVjGob77mII1bJdw34=,F3lv4NF+1rwTD+9aXyjjv9FJmkM=
-90,-108,fqjRlnzyHWVjGob77mII1bJdw34=,h48sfPXS7Xh+e0G4RK6eVX29dns=
-89,-100,fqjRlnzyHWVjGob77mII1bJdw34=,jESOXbd+W84iULRdiAdfkKdZDbQ=
-95,-104,fqjRlnzyHWVjGob77mII1bJdw34=,jESOXbd+W84iULRdiAdfkKdZDbQ=
-86,-99,fqjRlnzyHWVjGob77mII1bJdw34=,F3lv4NF+1rwTD+9aXyjjv9FJmkM=
-84,-107,fqjRlnzyHWVjGob77mII1bJdw34=,WB2uQI9i1qod5T5GmVerhiWrUZ0=
-91,-106,fqjRlnzyHWVjGob77mII1bJdw34=,h48sfPXS7Xh+e0G4RK6eVX29dns=
-87,-101,fqjRlnzyHWVjGob77mII1bJdw34=,F3lv4NF+1rwTD+9aXyjjv9FJmkM=
-83,-104,fqjRlnzyHWVjGob77mII1bJdw34=,F3lv4NF+1rwTD+9aXyjjv9FJmkM=
-87,-111,fqjRlnzyHWVjGob77mII1bJdw34=,WB2uQI9i1qod5T5GmVerhiWrUZ0=
-84,-104,fqjRlnzyHWVjGob77mII1bJdw34=,F3lv4NF+1rwTD+9aXyjjv9FJmkM=
-86,-103,fqjRlnzyHWVjGob77mII1bJdw34=,F3lv4NF+1rwTD+9aXyjjv9FJmkM=
-85,-99,fqjRlnzyHWVjGob77mII1bJdw34=,F3lv4NF+1rwTD+9aXyjjv9FJmkM=
-85,-107,fqjRlnzyHWVjGob77mII1bJdw34=,WB2uQI9i1qod5T5GmVerhiWrUZ0=
-90,-106,fqjRlnzyHWVjGob77mII1bJdw34=,h48sfPXS7Xh+e0G4RK6eVX29dns=
-84,-108,fqjRlnzyHWVjGob77mII1bJdw34=,WB2uQI9i1qod5T5GmVerhiWrUZ0=
-88,-101,fqjRlnzyHWVjGob77mII1bJdw34=,F3lv4NF+1rwTD+9aXyjjv9FJmkM=
-92,-108,fqjRlnzyHWVjGob77mII1bJdw34=,h48sfPXS7Xh+e0G4RK6eVX29dns=
-86,-107,fqjRlnzyHWVjGob77mII1bJdw34=,WB2uQI9i1qod5T5GmVerhiWrUZ0=
-91,-108,fqjRlnzyHWVjGob77mII1bJdw34=,h48sfPXS7Xh+e0G4RK6eVX29dns=
-87,-107,fqjRlnzyHWVjGob77mII1bJdw34=,WB2uQI9i1qod5T5GmVerhiWrUZ0=
-84,-99,fqjRlnzyHWVjGob77mII1bJdw34=,F3lv4NF+1rwTD+9aXyjjv9FJmkM=
-87,-103,fqjRlnzyHWVjGob77mII1bJdw34=,F3lv4NF+1rwTD+9aXyjjv9FJmkM=
-89,-106,fqjRlnzyHWVjGob77mII1bJdw34=,h48sfPXS7Xh+e0G4RK6eVX29dns=
-83,-108,fqjRlnzyHWVjGob77mII1bJdw34=,WB2uQI9i1qod5T5GmVerhiWrUZ0=
-88,-103,fqjRlnzyHWVjGob77mII1bJdw34=,F3lv4NF+1rwTD+9aXyjjv9FJmkM=
-82,-98,fqjRlnzyHWVjGob77mII1bJdw34=,F3lv4NF+1rwTD+9aXyjjv9FJmkM=
-83,-98,fqjRlnzyHWVjGob77mII1bJdw34=,F3lv4NF+1rwTD+9aXyjjv9FJmkM=
-82,-108,fqjRlnzyHWVjGob77mII1bJdw34=,WB2uQI9i1qod5T5GmVerhiWrUZ0=
-85,-104,fqjRlnzyHWVjGob77mII1bJdw34=,F3lv4NF+1rwTD+9aXyjjv9FJmkM=
-83,-99,fqjRlnzyHWVjGob77mII1bJdw34=,F3lv4NF+1rwTD+9aXyjjv9FJmkM=
-95,-111,fqjRlnzyHWVjGob77mII1bJdw34=,h48sfPXS7Xh+e0G4RK6eVX29dns=
-84,-98,fqjRlnzyHWVjGob77mII1bJdw34=,F3lv4NF+1rwTD+9aXyjjv9FJmkM=
-82,-101,fqjRlnzyHWVjGob77mII1bJdw34=,F3lv4NF+1rwTD+9aXyjjv9FJmkM=
-93,-108,fqjRlnzyHWVjGob77mII1bJdw34=,h48sfPXS7Xh+e0G4RK6eVX29dns=
-86,-104,fqjRlnzyHWVjGob77mII1bJdw34=,F3lv4NF+1rwTD+9aXyjjv9FJmkM=
-95,-108,fqjRlnzyHWVjGob77mII1bJdw34=,h48sfPXS7Xh+e0G4RK6eVX29dns=
-89,-109,fqjRlnzyHWVjGob77mII1bJdw34=,h48sfPXS7Xh+e0G4RK6eVX29dns=
-82,-99,fqjRlnzyHWVjGob77mII1bJdw34=,F3lv4NF+1rwTD+9aXyjjv9FJmkM=
-94,-111,fqjRlnzyHWVjGob77mII1bJdw34=,h48sfPXS7Xh+e0G4RK6eVX29dns=
-85,-98,fqjRlnzyHWVjGob77mII1bJdw34=,F3lv4NF+1rwTD+9aXyjjv9FJmkM=
-88,-110,fqjRlnzyHWVjGob77mII1bJdw34=,WB2uQI9i1qod5T5GmVerhiWrUZ0=
-83,-101,fqjRlnzyHWVjGob77mII1bJdw34=,F3lv4NF+1rwTD+9aXyjjv9FJmkM=
-94,-108,fqjRlnzyHWVjGob77mII1bJdw34=,h48sfPXS7Xh+e0G4RK6eVX29dns=
-87,-98,fqjRlnzyHWVjGob77mII1bJdw34=,F3lv4NF+1rwTD+9aXyjjv9FJmkM=
-91,-109,fqjRlnzyHWVjGob77mII1bJdw34=,h48sfPXS7Xh+e0G4RK6eVX29dns=
-88,-98,fqjRlnzyHWVjGob77mII1bJdw34=,F3lv4NF+1rwTD+9aXyjjv9FJmkM=
-86,-98,fqjRlnzyHWVjGob77mII1bJdw34=,F3lv4NF+1rwTD+9aXyjjv9FJmkM=
-95,-105,fqjRlnzyHWVjGob77mII1bJdw34=,h48sfPXS7Xh+e0G4RK6eVX29dns=
-90,-109,fqjRlnzyHWVjGob77mII1bJdw34=,h48sfPXS7Xh+e0G4RK6eVX29dns=
-89,-105,fqjRlnzyHWVjGob77mII1bJdw34=,h48sfPXS7Xh+e0G4RK6eVX29dns=
-92,-109,fqjRlnzyHWVjGob77mII1bJdw34=,h48sfPXS7Xh+e0G4RK6eVX29dns=
-93,-109,fqjRlnzyHWVjGob77mII1bJdw34=,h48sfPXS7Xh+e0G4RK6eVX29dns=
-95,-109,fqjRlnzyHWVjGob77mII1bJdw34=,h48sfPXS7Xh+e0G4RK6eVX29dns=
-96,-106,fqjRlnzyHWVjGob77mII1bJdw34=,h48sfPXS7Xh+e0G4RK6eVX29dns=
-82,-102,fqjRlnzyHWVjGob77mII1bJdw34=,F3lv4NF+1rwTD+9aXyjjv9FJmkM=
-89,-110,fqjRlnzyHWVjGob77mII1bJdw34=,h48sfPXS7Xh+e0G4RK6eVX29dns=
-94,-109,fqjRlnzyHWVjGob77mII1bJdw34=,h48sfPXS7Xh+e0G4RK6eVX29dns=
-93,-111,fqjRlnzyHWVjGob77mII1bJdw34=,h48sfPXS7Xh+e0G4RK6eVX29dns=
-90,-110,fqjRlnzyHWVjGob77mII1bJdw34=,h48sfPXS7Xh+e0G4RK6eVX29dns=
-88,-111,fqjRlnzyHWVjGob77mII1bJdw34=,WB2uQI9i1qod5T5GmVerhiWrUZ0=
-90,-105,fqjRlnzyHWVjGob77mII1bJdw34=,h48sfPXS7Xh+e0G4RK6eVX29dns=
-88,-107,fqjRlnzyHWVjGob77mII1bJdw34=,WB2uQI9i1qod5T5GmVerhiWrUZ0=
-96,-111,fqjRlnzyHWVjGob77mII1bJdw34=,h48sfPXS7Xh+e0G4RK6eVX29dns=
-92,-111,fqjRlnzyHWVjGob77mII1bJdw34=,h48sfPXS7Xh+e0G4RK6eVX29dns=
-91,-110,fqjRlnzyHWVjGob77mII1bJdw34=,h48sfPXS7Xh+e0G4RK6eVX29dns=
-94,-110,fqjRlnzyHWVjGob77mII1bJdw34=,h48sfPXS7Xh+e0G4RK6eVX29dns=
-91,-105,fqjRlnzyHWVjGob77mII1bJdw34=,h48sfPXS7Xh+e0G4RK6eVX29dns=
-96,-107,fqjRlnzyHWVjGob77mII1bJdw34=,h48sfPXS7Xh+e0G4RK6eVX29dns=
-96,-108,fqjRlnzyHWVjGob77mII1bJdw34=,h48sfPXS7Xh+e0G4RK6eVX29dns=
-96,-110,fqjRlnzyHWVjGob77mII1bJdw34=,h48sfPXS7Xh+e0G4RK6eVX29dns=
-93,-110,fqjRlnzyHWVjGob77mII1bJdw34=,h48sfPXS7Xh+e0G4RK6eVX29dns=
-92,-110,fqjRlnzyHWVjGob77mII1bJdw34=,h48sfPXS7Xh+e0G4RK6eVX29dns=
-96,-109,fqjRlnzyHWVjGob77mII1bJdw34=,h48sfPXS7Xh+e0G4RK6eVX29dns=
-95,-110,fqjRlnzyHWVjGob77mII1bJdw34=,h48sfPXS7Xh+e0G4RK6eVX29dns=
-91,-111,fqjRlnzyHWVjGob77mII1bJdw34=,h48sfPXS7Xh+e0G4RK6eVX29dns=
-88,-108,fqjRlnzyHWVjGob77mII1bJdw34=,WB2uQI9i1qod5T5GmVerhiWrUZ0=
-93,-105,fqjRlnzyHWVjGob77mII1bJdw34=,h48sfPXS7Xh+e0G4RK6eVX29dns=
-92,-105,fqjRlnzyHWVjGob77mII1bJdw34=,h48sfPXS7Xh+e0G4RK6eVX29dns=
-90,-111,fqjRlnzyHWVjGob77mII1bJdw34=,h48sfPXS7Xh+e0G4RK6eVX29dns=
-89,-111,fqjRlnzyHWVjGob77mII1bJdw34=,h48sfPXS7Xh+e0G4RK6eVX29dns=
-94,-105,fqjRlnzyHWVjGob77mII1bJdw34=,h48sfPXS7Xh+e0G4RK6eVX29dns=
-96,-102,fqjRlnzyHWVjGob77mII1bJdw34=,jESOXbd+W84iULRdiAdfkKdZDbQ=
-96,-101,fqjRlnzyHWVjGob77mII1bJdw34=,jESOXbd+W84iULRdiAdfkKdZDbQ=
-96,-103,fqjRlnzyHWVjGob77mII1bJdw34=,jESOXbd+W84iULRdiAdfkKdZDbQ=
-96,-104,fqjRlnzyHWVjGob77mII1bJdw34=,jESOXbd+W84iULRdiAdfkKdZDbQ=
-96,-100,fqjRlnzyHWVjGob77mII1bJdw34=,jESOXbd+W84iULRdiAdfkKdZDbQ=
-96,-99,fqjRlnzyHWVjGob77mII1bJdw34=,jESOXbd+W84iULRdiAdfkKdZDbQ=
-96,-98,fqjRlnzyHWVjGob77mII1bJdw34=,jESOXbd+W84iULRdiAdfkKdZDbQ=
-96,-105,fqjRlnzyHWVjGob77mII1bJdw34=,h48sfPXS7Xh+e0G4RK6eVX29dns=
-96,-97,fqjRlnzyHWVjGob77mII1bJdw34=,jESOXbd+W84iULRdiAdfkKdZDbQ=
-93,-112,fqjRlnzyHWVjGob77mII1bJdw34=,h48sfPXS7Xh+e0G4RK6eVX29dns=
-91,-112,fqjRlnzyHWVjGob77mII1bJdw34=,h48sfPXS7Xh+e0G4RK6eVX29dns=
-92,-112,fqjRlnzyHWVjGob77mII1bJdw34=,h48sfPXS7Xh+e0G4RK6eVX29dns=
-94,-112,fqjRlnzyHWVjGob77mII1bJdw34=,h48sfPXS7Xh+e0G4RK6eVX29dns=
-95,-112,fqjRlnzyHWVjGob77mII1bJdw34=,h48sfPXS7Xh+e0G4RK6eVX29dns=
-90,-112,fqjRlnzyHWVjGob77mII1bJdw34=,h48sfPXS7Xh+e0G4RK6eVX29dns=
-82,-112,fqjRlnzyHWVjGob77mII1bJdw34=,WB2uQI9i1qod5T5GmVerhiWrUZ0=
-84,-112,fqjRlnzyHWVjGob77mII1bJdw34=,WB2uQI9i1qod5T5GmVerhiWrUZ0=
-85,-112,fqjRlnzyHWVjGob77mII1bJdw34=,WB2uQI9i1qod5T5GmVerhiWrUZ0=
-83,-112,fqjRlnzyHWVjGob77mII1bJdw34=,WB2uQI9i1qod5T5GmVerhiWrUZ0=
-87,-112,fqjRlnzyHWVjGob77mII1bJdw34=,WB2uQI9i1qod5T5GmVerhiWrUZ0=
-81,-109,fqjRlnzyHWVjGob77mII1bJdw34=,WB2uQI9i1qod5T5GmVerhiWrUZ0=
-88,-112,fqjRlnzyHWVjGob77mII1bJdw34=,WB2uQI9i1qod5T5GmVerhiWrUZ0=
-86,-112,fqjRlnzyHWVjGob77mII1bJdw34=,WB2uQI9i1qod5T5GmVerhiWrUZ0=
-89,-112,fqjRlnzyHWVjGob77mII1bJdw34=,h48sfPXS7Xh+e0G4RK6eVX29dns=
-81,-110,fqjRlnzyHWVjGob77mII1bJdw34=,WB2uQI9i1qod5T5GmVerhiWrUZ0=
-81,-112,fqjRlnzyHWVjGob77mII1bJdw34=,WB2uQI9i1qod5T5GmVerhiWrUZ0=
-81,-108,fqjRlnzyHWVjGob77mII1bJdw34=,WB2uQI9i1qod5T5GmVerhiWrUZ0=
-81,-107,fqjRlnzyHWVjGob77mII1bJdw34=,WB2uQI9i1qod5T5GmVerhiWrUZ0=
-81,-111,fqjRlnzyHWVjGob77mII1bJdw34=,WB2uQI9i1qod5T5GmVerhiWrUZ0=
-81,-106,fqjRlnzyHWVjGob77mII1bJdw34=,WB2uQI9i1qod5T5GmVerhiWrUZ0=
-96,-112,fqjRlnzyHWVjGob77mII1bJdw34=,h48sfPXS7Xh+e0G4RK6eVX29dns=
-81,-102,fqjRlnzyHWVjGob77mII1bJdw34=,F3lv4NF+1rwTD+9aXyjjv9FJmkM=
-81,-103,fqjRlnzyHWVjGob77mII1bJdw34=,F3lv4NF+1rwTD+9aXyjjv9FJmkM=
-81,-99,fqjRlnzyHWVjGob77mII1bJdw34=,F3lv4NF+1rwTD+9aXyjjv9FJmkM=
-81,-104,fqjRlnzyHWVjGob77mII1bJdw34=,F3lv4NF+1rwTD+9aXyjjv9FJmkM=
-81,-105,fqjRlnzyHWVjGob77mII1bJdw34=,WB2uQI9i1qod5T5GmVerhiWrUZ0=
-81,-101,fqjRlnzyHWVjGob77mII1bJdw34=,F3lv4NF+1rwTD+9aXyjjv9FJmkM=
-81,-100,fqjRlnzyHWVjGob77mII1bJdw34=,F3lv4NF+1rwTD+9aXyjjv9FJmkM=
-81,-98,fqjRlnzyHWVjGob77mII1bJdw34=,F3lv4NF+1rwTD+9aXyjjv9FJmkM=
-89,-97,fqjRlnzyHWVjGob77mII1bJdw34=,jESOXbd+W84iULRdiAdfkKdZDbQ=
-81,-97,fqjRlnzyHWVjGob77mII1bJdw34=,F3lv4NF+1rwTD+9aXyjjv9FJmkM=
-88,-97,fqjRlnzyHWVjGob77mII1bJdw34=,F3lv4NF+1rwTD+9aXyjjv9FJmkM=
-85,-97,fqjRlnzyHWVjGob77mII1bJdw34=,F3lv4NF+1rwTD+9aXyjjv9FJmkM=
-84,-97,fqjRlnzyHWVjGob77mII1bJdw34=,F3lv4NF+1rwTD+9aXyjjv9FJmkM=
-82,-97,fqjRlnzyHWVjGob77mII1bJdw34=,F3lv4NF+1rwTD+9aXyjjv9FJmkM=
-86,-97,fqjRlnzyHWVjGob77mII1bJdw34=,F3lv4NF+1rwTD+9aXyjjv9FJmkM=
-83,-97,fqjRlnzyHWVjGob77mII1bJdw34=,F3lv4NF+1rwTD+9aXyjjv9FJmkM=
-87,-97,fqjRlnzyHWVjGob77mII1bJdw34=,F3lv4NF+1rwTD+9aXyjjv9FJmkM=
