11,77,hPORvd56W7pHP49gNubmqx7JG1E=,TKD542oqyHyoDOAlPS4AR9ArXos=
13,76,hPORvd56W7pHP49gNubmqx7JG1E=,TKD542oqyHyoDOAlPS4AR9ArXos=
12,77,hPORvd56W7pHP49gNubmqx7JG1E=,TKD542oqyHyoDOAlPS4AR9ArXos=
12,76,hPORvd56W7pHP49gNubmqx7JG1E=,TKD542oqyHyoDOAlPS4AR9ArXos=
10,77,hPORvd56W7pHP49gNubmqx7JG1E=,TKD542oqyHyoDOAlPS4AR9ArXos=
14,76,hPORvd56W7pHP49gNubmqx7JG1E=,TKD542oqyHyoDOAlPS4AR9ArXos=
9,77,hPORvd56W7pHP49gNubmqx7JG1E=,TKD542oqyHyoDOAlPS4AR9ArXos=
10,76,hPORvd56W7pHP49gNubmqx7JG1E=,TKD542oqyHyoDOAlPS4AR9ArXos=
9,76,hPORvd56W7pHP49gNubmqx7JG1E=,TKD542oqyHyoDOAlPS4AR9ArXos=
14,75,hPORvd56W7pHP49gNubmqx7JG1E=,TKD542oqyHyoDOAlPS4AR9ArXos=
13,77,hPORvd56W7pHP49gNubmqx7JG1E=,TKD542oqyHyoDOAlPS4AR9ArXos=
11,76,hPORvd56W7pHP49gNubmqx7JG1E=,TKD542oqyHyoDOAlPS4AR9ArXos=
11,75,hmwK7tpIPaLXnub2+dGZ1iwPOeM=,TKD542oqyHyoDOAlPS4AR9ArXos=
12,75,hmwK7tpIPaLXnub2+dGZ1iwPOeM=,TKD542oqyHyoDOAlPS4AR9ArXos=
10,75,hmwK7tpIPaLXnub2+dGZ1iwPOeM=,TKD542oqyHyoDOAlPS4AR9ArXos=
14,78,hmwK7tpIPaLXnub2+dGZ1iwPOeM=,TKD542oqyHyoDOAlPS4AR9ArXos=
9,75,hmwK7tpIPaLXnub2+dGZ1iwPOeM=,TKD542oqyHyoDOAlPS4AR9ArXos=
13,78,hmwK7tpIPaLXnub2+dGZ1iwPOeM=,TKD542oqyHyoDOAlPS4AR9ArXos=
1,73,hmwK7tpIPaLXnub2+dGZ1iwPOeM=,HIaec80wDtUNyqX9N3Lm+5CvE98=
13,75,hmwK7tpIPaLXnub2+dGZ1iwPOeM=,TKD542oqyHyoDOAlPS4AR9ArXos=
12,78,hmwK7tpIPaLXnub2+dGZ1iwPOeM=,TKD542oqyHyoDOAlPS4AR9ArXos=
8,77,hmwK7tpIPaLXnub2+dGZ1iwPOeM=,TKD542oqyHyoDOAlPS4AR9ArXos=
11,78,hmwK7tpIPaLXnub2+dGZ1iwPOeM=,TKD542oqyHyoDOAlPS4AR9ArXos=
7,78,hmwK7tpIPaLXnub2+dGZ1iwPOeM=,HIaec80wDtUNyqX9N3Lm+5CvE98=
6,78,hmwK7tpIPaLXnub2+dGZ1iwPOeM=,HIaec80wDtUNyqX9N3Lm+5CvE98=
4,78,hmwK7tpIPaLXnub2+dGZ1iwPOeM=,HIaec80wDtUNyqX9N3Lm+5CvE98=
14,77,hmwK7tpIPaLXnub2+dGZ1iwPOeM=,TKD542oqyHyoDOAlPS4AR9ArXos=
2,73,hmwK7tpIPaLXnub2+dGZ1iwPOeM=,HIaec80wDtUNyqX9N3Lm+5CvE98=
11,67,hmwK7tpIPaLXnub2+dGZ1iwPOeM=,/VKgLgkYBuWQEK4jWajWow3ASB0=
5,78,hmwK7tpIPaLXnub2+dGZ1iwPOeM=,HIaec80wDtUNyqX9N3Lm+5CvE98=
9,67,hmwK7tpIPaLXnub2+dGZ1iwPOeM=,/VKgLgkYBuWQEK4jWajWow3ASB0=
14,71,hmwK7tpIPaLXnub2+dGZ1iwPOeM=,/VKgLgkYBuWQEK4jWajWow3ASB0=
10,67,hmwK7tpIPaLXnub2+dGZ1iwPOeM=,/VKgLgkYBuWQEK4jWajWow3ASB0=
3,73,hmwK7tpIPaLXnub2+dGZ1iwPOeM=,HIaec80wDtUNyqX9N3Lm+5CvE98=
13,71,hmwK7tpIPaLXnub2+dGZ1iwPOeM=,/VKgLgkYBuWQEK4jWajWow3ASB0=
4,71,hmwK7tpIPaLXnub2+dGZ1iwPOeM=,/VKgLgkYBuWQEK4jWajWow3ASB0=
9,73,hmwK7tpIPaLXnub2+dGZ1iwPOeM=,TKD542oqyHyoDOAlPS4AR9ArXos=
12,67,hmwK7tpIPaLXnub2+dGZ1iwPOeM=,/VKgLgkYBuWQEK4jWajWow3ASB0=
14,66,hmwK7tpIPaLXnub2+dGZ1iwPOeM=,/VKgLgkYBuWQEK4jWajWow3ASB0=
13,66,hmwK7tpIPaLXnub2+dGZ1iwPOeM=,/VKgLgkYBuWQEK4jWajWow3ASB0=
5,70,hmwK7tpIPaLXnub2+dGZ1iwPOeM=,/VKgLgkYBuWQEK4jWajWow3ASB0=
12,66,hmwK7tpIPaLXnub2+dGZ1iwPOeM=,/VKgLgkYBuWQEK4jWajWow3ASB0=
12,71,hmwK7tpIPaLXnub2+dGZ1iwPOeM=,/VKgLgkYBuWQEK4jWajWow3ASB0=
11,66,hmwK7tpIPaLXnub2+dGZ1iwPOeM=,/VKgLgkYBuWQEK4jWajWow3ASB0=
10,66,hmwK7tpIPaLXnub2+dGZ1iwPOeM=,/VKgLgkYBuWQEK4jWajWow3ASB0=
4,73,hmwK7tpIPaLXnub2+dGZ1iwPOeM=,HIaec80wDtUNyqX9N3Lm+5CvE98=
10,73,hmwK7tpIPaLXnub2+dGZ1iwPOeM=,TKD542oqyHyoDOAlPS4AR9ArXos=
13,67,hmwK7tpIPaLXnub2+dGZ1iwPOeM=,/VKgLgkYBuWQEK4jWajWow3ASB0=
14,74,hmwK7tpIPaLXnub2+dGZ1iwPOeM=,TKD542oqyHyoDOAlPS4AR9ArXos=
5,71,hmwK7tpIPaLXnub2+dGZ1iwPOeM=,/VKgLgkYBuWQEK4jWajWow3ASB0=
9,66,hmwK7tpIPaLXnub2+dGZ1iwPOeM=,/VKgLgkYBuWQEK4jWajWow3ASB0=
14,65,hmwK7tpIPaLXnub2+dGZ1iwPOeM=,/VKgLgkYBuWQEK4jWajWow3ASB0=
11,71,hmwK7tpIPaLXnub2+dGZ1iwPOeM=,/VKgLgkYBuWQEK4jWajWow3ASB0=
13,65,hmwK7tpIPaLXnub2+dGZ1iwPOeM=,/VKgLgkYBuWQEK4jWajWow3ASB0=
12,65,hmwK7tpIPaLXnub2+dGZ1iwPOeM=,/VKgLgkYBuWQEK4jWajWow3ASB0=
11,73,hmwK7tpIPaLXnub2+dGZ1iwPOeM=,TKD542oqyHyoDOAlPS4AR9ArXos=
14,67,hmwK7tpIPaLXnub2+dGZ1iwPOeM=,/VKgLgkYBuWQEK4jWajWow3ASB0=
10,65,hmwK7tpIPaLXnub2+dGZ1iwPOeM=,/VKgLgkYBuWQEK4jWajWow3ASB0=
5,73,hmwK7tpIPaLXnub2+dGZ1iwPOeM=,HIaec80wDtUNyqX9N3Lm+5CvE98=
9,65,hmwK7tpIPaLXnub2+dGZ1iwPOeM=,/VKgLgkYBuWQEK4jWajWow3ASB0=
3,78,hmwK7tpIPaLXnub2+dGZ1iwPOeM=,HIaec80wDtUNyqX9N3Lm+5CvE98=
11,65,hmwK7tpIPaLXnub2+dGZ1iwPOeM=,/VKgLgkYBuWQEK4jWajWow3ASB0=
10,71,hmwK7tpIPaLXnub2+dGZ1iwPOeM=,/VKgLgkYBuWQEK4jWajWow3ASB0=
13,74,hmwK7tpIPaLXnub2+dGZ1iwPOeM=,TKD542oqyHyoDOAlPS4AR9ArXos=
12,73,hmwK7tpIPaLXnub2+dGZ1iwPOeM=,TKD542oqyHyoDOAlPS4AR9ArXos=
9,71,hmwK7tpIPaLXnub2+dGZ1iwPOeM=,/VKgLgkYBuWQEK4jWajWow3ASB0=
1,78,hmwK7tpIPaLXnub2+dGZ1iwPOeM=,HIaec80wDtUNyqX9N3Lm+5CvE98=
6,71,hmwK7tpIPaLXnub2+dGZ1iwPOeM=,/VKgLgkYBuWQEK4jWajWow3ASB0=
9,68,hmwK7tpIPaLXnub2+dGZ1iwPOeM=,/VKgLgkYBuWQEK4jWajWow3ASB0=
2,78,hmwK7tpIPaLXnub2+dGZ1iwPOeM=,HIaec80wDtUNyqX9N3Lm+5CvE98=
14,70,hmwK7tpIPaLXnub2+dGZ1iwPOeM=,/VKgLgkYBuWQEK4jWajWow3ASB0=
6,73,hmwK7tpIPaLXnub2+dGZ1iwPOeM=,HIaec80wDtUNyqX9N3Lm+5CvE98=
12,74,hmwK7tpIPaLXnub2+dGZ1iwPOeM=,TKD542oqyHyoDOAlPS4AR9ArXos=
13,73,hmwK7tpIPaLXnub2+dGZ1iwPOeM=,TKD542oqyHyoDOAlPS4AR9ArXos=
13,70,hmwK7tpIPaLXnub2+dGZ1iwPOeM=,/VKgLgkYBuWQEK4jWajWow3ASB0=
11,74,hmwK7tpIPaLXnub2+dGZ1iwPOeM=,TKD542oqyHyoDOAlPS4AR9ArXos=
10,74,hmwK7tpIPaLXnub2+dGZ1iwPOeM=,TKD542oqyHyoDOAlPS4AR9ArXos=
10,68,hmwK7tpIPaLXnub2+dGZ1iwPOeM=,/VKgLgkYBuWQEK4jWajWow3ASB0=
11,70,hmwK7tpIPaLXnub2+dGZ1iwPOeM=,/VKgLgkYBuWQEK4jWajWow3ASB0=
14,73,hmwK7tpIPaLXnub2+dGZ1iwPOeM=,TKD542oqyHyoDOAlPS4AR9ArXos=
13,69,hmwK7tpIPaLXnub2+dGZ1iwPOeM=,/VKgLgkYBuWQEK4jWajWow3ASB0=
14,69,hmwK7tpIPaLXnub2+dGZ1iwPOeM=,/VKgLgkYBuWQEK4jWajWow3ASB0=
7,71,hmwK7tpIPaLXnub2+dGZ1iwPOeM=,/VKgLgkYBuWQEK4jWajWow3ASB0=
7,73,hmwK7tpIPaLXnub2+dGZ1iwPOeM=,HIaec80wDtUNyqX9N3Lm+5CvE98=
12,70,hmwK7tpIPaLXnub2+dGZ1iwPOeM=,/VKgLgkYBuWQEK4jWajWow3ASB0=
10,70,hmwK7tpIPaLXnub2+dGZ1iwPOeM=,/VKgLgkYBuWQEK4jWajWow3ASB0=
9,78,hmwK7tpIPaLXnub2+dGZ1iwPOeM=,TKD542oqyHyoDOAlPS4AR9ArXos=
8,67,hmwK7tpIPaLXnub2+dGZ1iwPOeM=,/VKgLgkYBuWQEK4jWajWow3ASB0=
9,70,hmwK7tpIPaLXnub2+dGZ1iwPOeM=,/VKgLgkYBuWQEK4jWajWow3ASB0=
1,68,hmwK7tpIPaLXnub2+dGZ1iwPOeM=,/VKgLgkYBuWQEK4jWajWow3ASB0=
10,69,hmwK7tpIPaLXnub2+dGZ1iwPOeM=,/VKgLgkYBuWQEK4jWajWow3ASB0=
9,72,hmwK7tpIPaLXnub2+dGZ1iwPOeM=,TKD542oqyHyoDOAlPS4AR9ArXos=
11,69,hmwK7tpIPaLXnub2+dGZ1iwPOeM=,/VKgLgkYBuWQEK4jWajWow3ASB0=
12,69,hmwK7tpIPaLXnub2+dGZ1iwPOeM=,/VKgLgkYBuWQEK4jWajWow3ASB0=
10,78,hmwK7tpIPaLXnub2+dGZ1iwPOeM=,TKD542oqyHyoDOAlPS4AR9ArXos=
8,73,hmwK7tpIPaLXnub2+dGZ1iwPOeM=,TKD542oqyHyoDOAlPS4AR9ArXos=
12,68,hmwK7tpIPaLXnub2+dGZ1iwPOeM=,/VKgLgkYBuWQEK4jWajWow3ASB0=
2,68,hmwK7tpIPaLXnub2+dGZ1iwPOeM=,/VKgLgkYBuWQEK4jWajWow3ASB0=
10,72,hmwK7tpIPaLXnub2+dGZ1iwPOeM=,TKD542oqyHyoDOAlPS4AR9ArXos=
14,72,hmwK7tpIPaLXnub2+dGZ1iwPOeM=,TKD542oqyHyoDOAlPS4AR9ArXos=
13,68,hmwK7tpIPaLXnub2+dGZ1iwPOeM=,/VKgLgkYBuWQEK4jWajWow3ASB0=
9,69,hmwK7tpIPaLXnub2+dGZ1iwPOeM=,/VKgLgkYBuWQEK4jWajWow3ASB0=
1,74,hmwK7tpIPaLXnub2+dGZ1iwPOeM=,HIaec80wDtUNyqX9N3Lm+5CvE98=
13,72,hmwK7tpIPaLXnub2+dGZ1iwPOeM=,TKD542oqyHyoDOAlPS4AR9ArXos=
14,68,hmwK7tpIPaLXnub2+dGZ1iwPOeM=,/VKgLgkYBuWQEK4jWajWow3ASB0=
11,72,hmwK7tpIPaLXnub2+dGZ1iwPOeM=,TKD542oqyHyoDOAlPS4AR9ArXos=
11,68,hmwK7tpIPaLXnub2+dGZ1iwPOeM=,/VKgLgkYBuWQEK4jWajWow3ASB0=
2,66,hmwK7tpIPaLXnub2+dGZ1iwPOeM=,/VKgLgkYBuWQEK4jWajWow3ASB0=
8,76,hmwK7tpIPaLXnub2+dGZ1iwPOeM=,TKD542oqyHyoDOAlPS4AR9ArXos=
12,72,hmwK7tpIPaLXnub2+dGZ1iwPOeM=,TKD542oqyHyoDOAlPS4AR9ArXos=
9,74,hmwK7tpIPaLXnub2+dGZ1iwPOeM=,TKD542oqyHyoDOAlPS4AR9ArXos=
2,74,hmwK7tpIPaLXnub2+dGZ1iwPOeM=,HIaec80wDtUNyqX9N3Lm+5CvE98=
6,77,hmwK7tpIPaLXnub2+dGZ1iwPOeM=,HIaec80wDtUNyqX9N3Lm+5CvE98=
4,77,hmwK7tpIPaLXnub2+dGZ1iwPOeM=,HIaec80wDtUNyqX9N3Lm+5CvE98=
3,77,hmwK7tpIPaLXnub2+dGZ1iwPOeM=,HIaec80wDtUNyqX9N3Lm+5CvE98=
3,66,hmwK7tpIPaLXnub2+dGZ1iwPOeM=,/VKgLgkYBuWQEK4jWajWow3ASB0=
2,77,hmwK7tpIPaLXnub2+dGZ1iwPOeM=,HIaec80wDtUNyqX9N3Lm+5CvE98=
7,77,hmwK7tpIPaLXnub2+dGZ1iwPOeM=,HIaec80wDtUNyqX9N3Lm+5CvE98=
7,76,hmwK7tpIPaLXnub2+dGZ1iwPOeM=,HIaec80wDtUNyqX9N3Lm+5CvE98=
1,77,hmwK7tpIPaLXnub2+dGZ1iwPOeM=,HIaec80wDtUNyqX9N3Lm+5CvE98=
5,76,hmwK7tpIPaLXnub2+dGZ1iwPOeM=,HIaec80wDtUNyqX9N3Lm+5CvE98=
5,77,hmwK7tpIPaLXnub2+dGZ1iwPOeM=,HIaec80wDtUNyqX9N3Lm+5CvE98=
4,76,hmwK7tpIPaLXnub2+dGZ1iwPOeM=,HIaec80wDtUNyqX9N3Lm+5CvE98=
3,74,hmwK7tpIPaLXnub2+dGZ1iwPOeM=,HIaec80wDtUNyqX9N3Lm+5CvE98=
3,76,hmwK7tpIPaLXnub2+dGZ1iwPOeM=,HIaec80wDtUNyqX9N3Lm+5CvE98=
1,72,hmwK7tpIPaLXnub2+dGZ1iwPOeM=,HIaec80wDtUNyqX9N3Lm+5CvE98=
1,67,hmwK7tpIPaLXnub2+dGZ1iwPOeM=,/VKgLgkYBuWQEK4jWajWow3ASB0=
2,76,hmwK7tpIPaLXnub2+dGZ1iwPOeM=,HIaec80wDtUNyqX9N3Lm+5CvE98=
6,76,hmwK7tpIPaLXnub2+dGZ1iwPOeM=,HIaec80wDtUNyqX9N3Lm+5CvE98=
1,66,hmwK7tpIPaLXnub2+dGZ1iwPOeM=,/VKgLgkYBuWQEK4jWajWow3ASB0=
1,76,hmwK7tpIPaLXnub2+dGZ1iwPOeM=,HIaec80wDtUNyqX9N3Lm+5CvE98=
4,74,hmwK7tpIPaLXnub2+dGZ1iwPOeM=,HIaec80wDtUNyqX9N3Lm+5CvE98=
6,75,hmwK7tpIPaLXnub2+dGZ1iwPOeM=,HIaec80wDtUNyqX9N3Lm+5CvE98=
3,68,hmwK7tpIPaLXnub2+dGZ1iwPOeM=,/VKgLgkYBuWQEK4jWajWow3ASB0=
5,75,hmwK7tpIPaLXnub2+dGZ1iwPOeM=,HIaec80wDtUNyqX9N3Lm+5CvE98=
4,75,hmwK7tpIPaLXnub2+dGZ1iwPOeM=,HIaec80wDtUNyqX9N3Lm+5CvE98=
6,68,hmwK7tpIPaLXnub2+dGZ1iwPOeM=,/VKgLgkYBuWQEK4jWajWow3ASB0=
8,75,hmwK7tpIPaLXnub2+dGZ1iwPOeM=,TKD542oqyHyoDOAlPS4AR9ArXos=
5,68,hmwK7tpIPaLXnub2+dGZ1iwPOeM=,/VKgLgkYBuWQEK4jWajWow3ASB0=
5,74,hmwK7tpIPaLXnub2+dGZ1iwPOeM=,HIaec80wDtUNyqX9N3Lm+5CvE98=
7,75,hmwK7tpIPaLXnub2+dGZ1iwPOeM=,HIaec80wDtUNyqX9N3Lm+5CvE98=
7,68,hmwK7tpIPaLXnub2+dGZ1iwPOeM=,/VKgLgkYBuWQEK4jWajWow3ASB0=
3,75,hmwK7tpIPaLXnub2+dGZ1iwPOeM=,HIaec80wDtUNyqX9N3Lm+5CvE98=
1,75,hmwK7tpIPaLXnub2+dGZ1iwPOeM=,HIaec80wDtUNyqX9N3Lm+5CvE98=
2,75,hmwK7tpIPaLXnub2+dGZ1iwPOeM=,HIaec80wDtUNyqX9N3Lm+5CvE98=
2,72,hmwK7tpIPaLXnub2+dGZ1iwPOeM=,HIaec80wDtUNyqX9N3Lm+5CvE98=
8,74,hmwK7tpIPaLXnub2+dGZ1iwPOeM=,TKD542oqyHyoDOAlPS4AR9ArXos=
3,71,hmwK7tpIPaLXnub2+dGZ1iwPOeM=,/VKgLgkYBuWQEK4jWajWow3ASB0=
6,74,hmwK7tpIPaLXnub2+dGZ1iwPOeM=,HIaec80wDtUNyqX9N3Lm+5CvE98=
8,66,hmwK7tpIPaLXnub2+dGZ1iwPOeM=,/VKgLgkYBuWQEK4jWajWow3ASB0=
3,72,hmwK7tpIPaLXnub2+dGZ1iwPOeM=,HIaec80wDtUNyqX9N3Lm+5CvE98=
8,78,hmwK7tpIPaLXnub2+dGZ1iwPOeM=,TKD542oqyHyoDOAlPS4AR9ArXos=
7,74,hmwK7tpIPaLXnub2+dGZ1iwPOeM=,HIaec80wDtUNyqX9N3Lm+5CvE98=
7,67,hmwK7tpIPaLXnub2+dGZ1iwPOeM=,/VKgLgkYBuWQEK4jWajWow3ASB0=
1,71,hmwK7tpIPaLXnub2+dGZ1iwPOeM=,/VKgLgkYBuWQEK4jWajWow3ASB0=
2,71,hmwK7tpIPaLXnub2+dGZ1iwPOeM=,/VKgLgkYBuWQEK4jWajWow3ASB0=
8,65,hmwK7tpIPaLXnub2+dGZ1iwPOeM=,/VKgLgkYBuWQEK4jWajWow3ASB0=
3,70,hmwK7tpIPaLXnub2+dGZ1iwPOeM=,/VKgLgkYBuWQEK4jWajWow3ASB0=
6,67,hmwK7tpIPaLXnub2+dGZ1iwPOeM=,/VKgLgkYBuWQEK4jWajWow3ASB0=
7,66,hmwK7tpIPaLXnub2+dGZ1iwPOeM=,/VKgLgkYBuWQEK4jWajWow3ASB0=
7,70,hmwK7tpIPaLXnub2+dGZ1iwPOeM=,/VKgLgkYBuWQEK4jWajWow3ASB0=
4,70,hmwK7tpIPaLXnub2+dGZ1iwPOeM=,/VKgLgkYBuWQEK4jWajWow3ASB0=
8,71,hmwK7tpIPaLXnub2+dGZ1iwPOeM=,/VKgLgkYBuWQEK4jWajWow3ASB0=
2,65,hmwK7tpIPaLXnub2+dGZ1iwPOeM=,/VKgLgkYBuWQEK4jWajWow3ASB0=
6,66,hmwK7tpIPaLXnub2+dGZ1iwPOeM=,/VKgLgkYBuWQEK4jWajWow3ASB0=
4,72,hmwK7tpIPaLXnub2+dGZ1iwPOeM=,HIaec80wDtUNyqX9N3Lm+5CvE98=
1,65,hmwK7tpIPaLXnub2+dGZ1iwPOeM=,/VKgLgkYBuWQEK4jWajWow3ASB0=
7,65,hmwK7tpIPaLXnub2+dGZ1iwPOeM=,/VKgLgkYBuWQEK4jWajWow3ASB0=
5,67,hmwK7tpIPaLXnub2+dGZ1iwPOeM=,/VKgLgkYBuWQEK4jWajWow3ASB0=
8,70,hmwK7tpIPaLXnub2+dGZ1iwPOeM=,/VKgLgkYBuWQEK4jWajWow3ASB0=
3,65,hmwK7tpIPaLXnub2+dGZ1iwPOeM=,/VKgLgkYBuWQEK4jWajWow3ASB0=
5,69,hmwK7tpIPaLXnub2+dGZ1iwPOeM=,/VKgLgkYBuWQEK4jWajWow3ASB0=
4,69,hmwK7tpIPaLXnub2+dGZ1iwPOeM=,/VKgLgkYBuWQEK4jWajWow3ASB0=
3,69,hmwK7tpIPaLXnub2+dGZ1iwPOeM=,/VKgLgkYBuWQEK4jWajWow3ASB0=
2,70,hmwK7tpIPaLXnub2+dGZ1iwPOeM=,/VKgLgkYBuWQEK4jWajWow3ASB0=
2,69,hmwK7tpIPaLXnub2+dGZ1iwPOeM=,/VKgLgkYBuWQEK4jWajWow3ASB0=
4,67,hmwK7tpIPaLXnub2+dGZ1iwPOeM=,/VKgLgkYBuWQEK4jWajWow3ASB0=
5,72,hmwK7tpIPaLXnub2+dGZ1iwPOeM=,HIaec80wDtUNyqX9N3Lm+5CvE98=
5,66,hmwK7tpIPaLXnub2+dGZ1iwPOeM=,/VKgLgkYBuWQEK4jWajWow3ASB0=
1,69,hmwK7tpIPaLXnub2+dGZ1iwPOeM=,/VKgLgkYBuWQEK4jWajWow3ASB0=
4,66,hmwK7tpIPaLXnub2+dGZ1iwPOeM=,/VKgLgkYBuWQEK4jWajWow3ASB0=
4,68,hmwK7tpIPaLXnub2+dGZ1iwPOeM=,/VKgLgkYBuWQEK4jWajWow3ASB0=
6,70,hmwK7tpIPaLXnub2+dGZ1iwPOeM=,/VKgLgkYBuWQEK4jWajWow3ASB0=
8,69,hmwK7tpIPaLXnub2+dGZ1iwPOeM=,/VKgLgkYBuWQEK4jWajWow3ASB0=
6,72,hmwK7tpIPaLXnub2+dGZ1iwPOeM=,HIaec80wDtUNyqX9N3Lm+5CvE98=
7,69,hmwK7tpIPaLXnub2+dGZ1iwPOeM=,/VKgLgkYBuWQEK4jWajWow3ASB0=
1,70,hmwK7tpIPaLXnub2+dGZ1iwPOeM=,/VKgLgkYBuWQEK4jWajWow3ASB0=
5,65,hmwK7tpIPaLXnub2+dGZ1iwPOeM=,/VKgLgkYBuWQEK4jWajWow3ASB0=
4,65,hmwK7tpIPaLXnub2+dGZ1iwPOeM=,/VKgLgkYBuWQEK4jWajWow3ASB0=
3,67,hmwK7tpIPaLXnub2+dGZ1iwPOeM=,/VKgLgkYBuWQEK4jWajWow3ASB0=
8,72,hmwK7tpIPaLXnub2+dGZ1iwPOeM=,TKD542oqyHyoDOAlPS4AR9ArXos=
6,65,hmwK7tpIPaLXnub2+dGZ1iwPOeM=,/VKgLgkYBuWQEK4jWajWow3ASB0=
2,67,hmwK7tpIPaLXnub2+dGZ1iwPOeM=,/VKgLgkYBuWQEK4jWajWow3ASB0=
8,68,hmwK7tpIPaLXnub2+dGZ1iwPOeM=,/VKgLgkYBuWQEK4jWajWow3ASB0=
6,69,hmwK7tpIPaLXnub2+dGZ1iwPOeM=,/VKgLgkYBuWQEK4jWajWow3ASB0=
7,72,hmwK7tpIPaLXnub2+dGZ1iwPOeM=,HIaec80wDtUNyqX9N3Lm+5CvE98=
15,70,hmwK7tpIPaLXnub2+dGZ1iwPOeM=,/VKgLgkYBuWQEK4jWajWow3ASB0=
15,68,hmwK7tpIPaLXnub2+dGZ1iwPOeM=,/VKgLgkYBuWQEK4jWajWow3ASB0=
15,67,hmwK7tpIPaLXnub2+dGZ1iwPOeM=,/VKgLgkYBuWQEK4jWajWow3ASB0=
15,65,hmwK7tpIPaLXnub2+dGZ1iwPOeM=,/VKgLgkYBuWQEK4jWajWow3ASB0=
15,66,hmwK7tpIPaLXnub2+dGZ1iwPOeM=,/VKgLgkYBuWQEK4jWajWow3ASB0=
15,71,hmwK7tpIPaLXnub2+dGZ1iwPOeM=,/VKgLgkYBuWQEK4jWajWow3ASB0=
15,76,hmwK7tpIPaLXnub2+dGZ1iwPOeM=,TKD542oqyHyoDOAlPS4AR9ArXos=
15,69,hmwK7tpIPaLXnub2+dGZ1iwPOeM=,/VKgLgkYBuWQEK4jWajWow3ASB0=
15,75,hmwK7tpIPaLXnub2+dGZ1iwPOeM=,TKD542oqyHyoDOAlPS4AR9ArXos=
15,78,hmwK7tpIPaLXnub2+dGZ1iwPOeM=,TKD542oqyHyoDOAlPS4AR9ArXos=
15,74,hmwK7tpIPaLXnub2+dGZ1iwPOeM=,TKD542oqyHyoDOAlPS4AR9ArXos=
15,73,hmwK7tpIPaLXnub2+dGZ1iwPOeM=,TKD542oqyHyoDOAlPS4AR9ArXos=
15,72,hmwK7tpIPaLXnub2+dGZ1iwPOeM=,TKD542oqyHyoDOAlPS4AR9ArXos=
15,77,hmwK7tpIPaLXnub2+dGZ1iwPOeM=,TKD542oqyHyoDOAlPS4AR9ArXos=
13,64,hmwK7tpIPaLXnub2+dGZ1iwPOeM=,/VKgLgkYBuWQEK4jWajWow3ASB0=
12,64,hmwK7tpIPaLXnub2+dGZ1iwPOeM=,/VKgLgkYBuWQEK4jWajWow3ASB0=
9,64,hmwK7tpIPaLXnub2+dGZ1iwPOeM=,/VKgLgkYBuWQEK4jWajWow3ASB0=
11,64,hmwK7tpIPaLXnub2+dGZ1iwPOeM=,/VKgLgkYBuWQEK4jWajWow3ASB0=
15,64,hmwK7tpIPaLXnub2+dGZ1iwPOeM=,/VKgLgkYBuWQEK4jWajWow3ASB0=
10,64,hmwK7tpIPaLXnub2+dGZ1iwPOeM=,/VKgLgkYBuWQEK4jWajWow3ASB0=
6,64,hmwK7tpIPaLXnub2+dGZ1iwPOeM=,/VKgLgkYBuWQEK4jWajWow3ASB0=
14,64,hmwK7tpIPaLXnub2+dGZ1iwPOeM=,/VKgLgkYBuWQEK4jWajWow3ASB0=
7,64,hmwK7tpIPaLXnub2+dGZ1iwPOeM=,/VKgLgkYBuWQEK4jWajWow3ASB0=
2,64,hmwK7tpIPaLXnub2+dGZ1iwPOeM=,/VKgLgkYBuWQEK4jWajWow3ASB0=
3,64,hmwK7tpIPaLXnub2+dGZ1iwPOeM=,/VKgLgkYBuWQEK4jWajWow3ASB0=
8,64,hmwK7tpIPaLXnub2+dGZ1iwPOeM=,/VKgLgkYBuWQEK4jWajWow3ASB0=
5,64,hmwK7tpIPaLXnub2+dGZ1iwPOeM=,/VKgLgkYBuWQEK4jWajWow3ASB0=
1,64,hmwK7tpIPaLXnub2+dGZ1iwPOeM=,/VKgLgkYBuWQEK4jWajWow3ASB0=
0,67,hmwK7tpIPaLXnub2+dGZ1iwPOeM=,/VKgLgkYBuWQEK4jWajWow3ASB0=
0,69,hmwK7tpIPaLXnub2+dGZ1iwPOeM=,/VKgLgkYBuWQEK4jWajWow3ASB0=
0,65,hmwK7tpIPaLXnub2+dGZ1iwPOeM=,/VKgLgkYBuWQEK4jWajWow3ASB0=
4,64,hmwK7tpIPaLXnub2+dGZ1iwPOeM=,/VKgLgkYBuWQEK4jWajWow3ASB0=
0,70,hmwK7tpIPaLXnub2+dGZ1iwPOeM=,/VKgLgkYBuWQEK4jWajWow3ASB0=
0,66,hmwK7tpIPaLXnub2+dGZ1iwPOeM=,/VKgLgkYBuWQEK4jWajWow3ASB0=
0,68,hmwK7tpIPaLXnub2+dGZ1iwPOeM=,/VKgLgkYBuWQEK4jWajWow3ASB0=
0,76,hmwK7tpIPaLXnub2+dGZ1iwPOeM=,HIaec80wDtUNyqX9N3Lm+5CvE98=
0,74,hmwK7tpIPaLXnub2+dGZ1iwPOeM=,HIaec80wDtUNyqX9N3Lm+5CvE98=
0,75,hmwK7tpIPaLXnub2+dGZ1iwPOeM=,HIaec80wDtUNyqX9N3Lm+5CvE98=
0,73,hmwK7tpIPaLXnub2+dGZ1iwPOeM=,HIaec80wDtUNyqX9N3Lm+5CvE98=
0,72,hmwK7tpIPaLXnub2+dGZ1iwPOeM=,HIaec80wDtUNyqX9N3Lm+5CvE98=
0,78,hmwK7tpIPaLXnub2+dGZ1iwPOeM=,HIaec80wDtUNyqX9N3Lm+5CvE98=
0,71,hmwK7tpIPaLXnub2+dGZ1iwPOeM=,/VKgLgkYBuWQEK4jWajWow3ASB0=
0,64,hmwK7tpIPaLXnub2+dGZ1iwPOeM=,/VKgLgkYBuWQEK4jWajWow3ASB0=
0,79,hmwK7tpIPaLXnub2+dGZ1iwPOeM=,HIaec80wDtUNyqX9N3Lm+5CvE98=
0,77,hmwK7tpIPaLXnub2+dGZ1iwPOeM=,HIaec80wDtUNyqX9N3Lm+5CvE98=
5,79,hmwK7tpIPaLXnub2+dGZ1iwPOeM=,HIaec80wDtUNyqX9N3Lm+5CvE98=
6,79,hmwK7tpIPaLXnub2+dGZ1iwPOeM=,HIaec80wDtUNyqX9N3Lm+5CvE98=
1,79,hmwK7tpIPaLXnub2+dGZ1iwPOeM=,HIaec80wDtUNyqX9N3Lm+5CvE98=
3,79,hmwK7tpIPaLXnub2+dGZ1iwPOeM=,HIaec80wDtUNyqX9N3Lm+5CvE98=
14,79,hmwK7tpIPaLXnub2+dGZ1iwPOeM=,TKD542oqyHyoDOAlPS4AR9ArXos=
4,79,hmwK7tpIPaLXnub2+dGZ1iwPOeM=,HIaec80wDtUNyqX9N3Lm+5CvE98=
7,79,hmwK7tpIPaLXnub2+dGZ1iwPOeM=,HIaec80wDtUNyqX9N3Lm+5CvE98=
2,79,hmwK7tpIPaLXnub2+dGZ1iwPOeM=,HIaec80wDtUNyqX9N3Lm+5CvE98=
12,79,hmwK7tpIPaLXnub2+dGZ1iwPOeM=,TKD542oqyHyoDOAlPS4AR9ArXos=
10,79,hmwK7tpIPaLXnub2+dGZ1iwPOeM=,TKD542oqyHyoDOAlPS4AR9ArXos=
13,79,hmwK7tpIPaLXnub2+dGZ1iwPOeM=,TKD542oqyHyoDOAlPS4AR9ArXos=
8,79,hmwK7tpIPaLXnub2+dGZ1iwPOeM=,TKD542oqyHyoDOAlPS4AR9ArXos=
11,79,hmwK7tpIPaLXnub2+dGZ1iwPOeM=,TKD542oqyHyoDOAlPS4AR9ArXos=
15,79,hmwK7tpIPaLXnub2+dGZ1iwPOeM=,TKD542oqyHyoDOAlPS4AR9ArXos=
9,79,hmwK7tpIPaLXnub2+dGZ1iwPOeM=,TKD542oqyHyoDOAlPS4AR9ArXos=
10,82,RCgBwztE2nw2MLAJ6+PaMHKJI5U=,div7x7ABeoA6J72fxkXtri/u7fY=
11,82,RCgBwztE2nw2MLAJ6+PaMHKJI5U=,div7x7ABeoA6J72fxkXtri/u7fY=
10,83,RCgBwztE2nw2MLAJ6+PaMHKJI5U=,div7x7ABeoA6J72fxkXtri/u7fY=
9,83,RCgBwztE2nw2MLAJ6+PaMHKJI5U=,div7x7ABeoA6J72fxkXtri/u7fY=
12,83,RCgBwztE2nw2MLAJ6+PaMHKJI5U=,div7x7ABeoA6J72fxkXtri/u7fY=
14,86,2GuDMO5+JvOi0BoyKM9sIgHRikM=,div7x7ABeoA6J72fxkXtri/u7fY=
12,82,2GuDMO5+JvOi0BoyKM9sIgHRikM=,div7x7ABeoA6J72fxkXtri/u7fY=
13,82,2GuDMO5+JvOi0BoyKM9sIgHRikM=,div7x7ABeoA6J72fxkXtri/u7fY=
14,82,2GuDMO5+JvOi0BoyKM9sIgHRikM=,div7x7ABeoA6J72fxkXtri/u7fY=
13,86,2GuDMO5+JvOi0BoyKM9sIgHRikM=,div7x7ABeoA6J72fxkXtri/u7fY=
12,93,2GuDMO5+JvOi0BoyKM9sIgHRikM=,z3Bb3ngPxnPG+WylArq+9NIvJMg=
9,82,2GuDMO5+JvOi0BoyKM9sIgHRikM=,div7x7ABeoA6J72fxkXtri/u7fY=
12,86,2GuDMO5+JvOi0BoyKM9sIgHRikM=,div7x7ABeoA6J72fxkXtri/u7fY=
11,86,2GuDMO5+JvOi0BoyKM9sIgHRikM=,div7x7ABeoA6J72fxkXtri/u7fY=
9,86,2GuDMO5+JvOi0BoyKM9sIgHRikM=,div7x7ABeoA6J72fxkXtri/u7fY=
14,81,2GuDMO5+JvOi0BoyKM9sIgHRikM=,div7x7ABeoA6J72fxkXtri/u7fY=
13,83,2GuDMO5+JvOi0BoyKM9sIgHRikM=,div7x7ABeoA6J72fxkXtri/u7fY=
13,81,2GuDMO5+JvOi0BoyKM9sIgHRikM=,div7x7ABeoA6J72fxkXtri/u7fY=
10,86,2GuDMO5+JvOi0BoyKM9sIgHRikM=,div7x7ABeoA6J72fxkXtri/u7fY=
11,83,2GuDMO5+JvOi0BoyKM9sIgHRikM=,div7x7ABeoA6J72fxkXtri/u7fY=
13,93,2GuDMO5+JvOi0BoyKM9sIgHRikM=,z3Bb3ngPxnPG+WylArq+9NIvJMg=
12,81,2GuDMO5+JvOi0BoyKM9sIgHRikM=,div7x7ABeoA6J72fxkXtri/u7fY=
11,93,2GuDMO5+JvOi0BoyKM9sIgHRikM=,z3Bb3ngPxnPG+WylArq+9NIvJMg=
11,81,2GuDMO5+JvOi0BoyKM9sIgHRikM=,div7x7ABeoA6J72fxkXtri/u7fY=
10,81,2GuDMO5+JvOi0BoyKM9sIgHRikM=,div7x7ABeoA6J72fxkXtri/u7fY=
9,81,2GuDMO5+JvOi0BoyKM9sIgHRikM=,div7x7ABeoA6J72fxkXtri/u7fY=
14,85,2GuDMO5+JvOi0BoyKM9sIgHRikM=,div7x7ABeoA6J72fxkXtri/u7fY=
13,85,2GuDMO5+JvOi0BoyKM9sIgHRikM=,div7x7ABeoA6J72fxkXtri/u7fY=
14,87,2GuDMO5+JvOi0BoyKM9sIgHRikM=,div7x7ABeoA6J72fxkXtri/u7fY=
14,93,2GuDMO5+JvOi0BoyKM9sIgHRikM=,z3Bb3ngPxnPG+WylArq+9NIvJMg=
14,83,2GuDMO5+JvOi0BoyKM9sIgHRikM=,div7x7ABeoA6J72fxkXtri/u7fY=
1,89,2GuDMO5+JvOi0BoyKM9sIgHRikM=,z3Bb3ngPxnPG+WylArq+9NIvJMg=
12,85,2GuDMO5+JvOi0BoyKM9sIgHRikM=,div7x7ABeoA6J72fxkXtri/u7fY=
9,84,2GuDMO5+JvOi0BoyKM9sIgHRikM=,div7x7ABeoA6J72fxkXtri/u7fY=
10,85,2GuDMO5+JvOi0BoyKM9sIgHRikM=,div7x7ABeoA6J72fxkXtri/u7fY=
7,94,2GuDMO5+JvOi0BoyKM9sIgHRikM=,z3Bb3ngPxnPG+WylArq+9NIvJMg=
11,85,2GuDMO5+JvOi0BoyKM9sIgHRikM=,div7x7ABeoA6J72fxkXtri/u7fY=
8,93,2GuDMO5+JvOi0BoyKM9sIgHRikM=,z3Bb3ngPxnPG+WylArq+9NIvJMg=
9,85,2GuDMO5+JvOi0BoyKM9sIgHRikM=,div7x7ABeoA6J72fxkXtri/u7fY=
9,88,2GuDMO5+JvOi0BoyKM9sIgHRikM=,z3Bb3ngPxnPG+WylArq+9NIvJMg=
4,87,2GuDMO5+JvOi0BoyKM9sIgHRikM=,TKD542oqyHyoDOAlPS4AR9ArXos=
13,87,2GuDMO5+JvOi0BoyKM9sIgHRikM=,div7x7ABeoA6J72fxkXtri/u7fY=
6,94,2GuDMO5+JvOi0BoyKM9sIgHRikM=,z3Bb3ngPxnPG+WylArq+9NIvJMg=
10,84,2GuDMO5+JvOi0BoyKM9sIgHRikM=,div7x7ABeoA6J72fxkXtri/u7fY=
5,94,2GuDMO5+JvOi0BoyKM9sIgHRikM=,z3Bb3ngPxnPG+WylArq+9NIvJMg=
10,93,2GuDMO5+JvOi0BoyKM9sIgHRikM=,z3Bb3ngPxnPG+WylArq+9NIvJMg=
4,94,2GuDMO5+JvOi0BoyKM9sIgHRikM=,z3Bb3ngPxnPG+WylArq+9NIvJMg=
5,86,2GuDMO5+JvOi0BoyKM9sIgHRikM=,TKD542oqyHyoDOAlPS4AR9ArXos=
2,89,2GuDMO5+JvOi0BoyKM9sIgHRikM=,z3Bb3ngPxnPG+WylArq+9NIvJMg=
1,83,2GuDMO5+JvOi0BoyKM9sIgHRikM=,TKD542oqyHyoDOAlPS4AR9ArXos=
10,88,2GuDMO5+JvOi0BoyKM9sIgHRikM=,z3Bb3ngPxnPG+WylArq+9NIvJMg=
4,86,2GuDMO5+JvOi0BoyKM9sIgHRikM=,TKD542oqyHyoDOAlPS4AR9ArXos=
8,83,2GuDMO5+JvOi0BoyKM9sIgHRikM=,div7x7ABeoA6J72fxkXtri/u7fY=
13,84,2GuDMO5+JvOi0BoyKM9sIgHRikM=,div7x7ABeoA6J72fxkXtri/u7fY=
3,87,2GuDMO5+JvOi0BoyKM9sIgHRikM=,TKD542oqyHyoDOAlPS4AR9ArXos=
3,89,2GuDMO5+JvOi0BoyKM9sIgHRikM=,z3Bb3ngPxnPG+WylArq+9NIvJMg=
14,84,2GuDMO5+JvOi0BoyKM9sIgHRikM=,div7x7ABeoA6J72fxkXtri/u7fY=
12,84,2GuDMO5+JvOi0BoyKM9sIgHRikM=,div7x7ABeoA6J72fxkXtri/u7fY=
3,81,2GuDMO5+JvOi0BoyKM9sIgHRikM=,TKD542oqyHyoDOAlPS4AR9ArXos=
11,84,2GuDMO5+JvOi0BoyKM9sIgHRikM=,div7x7ABeoA6J72fxkXtri/u7fY=
9,93,2GuDMO5+JvOi0BoyKM9sIgHRikM=,z3Bb3ngPxnPG+WylArq+9NIvJMg=
11,88,2GuDMO5+JvOi0BoyKM9sIgHRikM=,z3Bb3ngPxnPG+WylArq+9NIvJMg=
6,81,2GuDMO5+JvOi0BoyKM9sIgHRikM=,TKD542oqyHyoDOAlPS4AR9ArXos=
7,84,2GuDMO5+JvOi0BoyKM9sIgHRikM=,TKD542oqyHyoDOAlPS4AR9ArXos=
2,94,2GuDMO5+JvOi0BoyKM9sIgHRikM=,z3Bb3ngPxnPG+WylArq+9NIvJMg=
4,89,2GuDMO5+JvOi0BoyKM9sIgHRikM=,z3Bb3ngPxnPG+WylArq+9NIvJMg=
4,81,2GuDMO5+JvOi0BoyKM9sIgHRikM=,TKD542oqyHyoDOAlPS4AR9ArXos=
7,81,2GuDMO5+JvOi0BoyKM9sIgHRikM=,TKD542oqyHyoDOAlPS4AR9ArXos=
8,87,2GuDMO5+JvOi0BoyKM9sIgHRikM=,div7x7ABeoA6J72fxkXtri/u7fY=
14,92,2GuDMO5+JvOi0BoyKM9sIgHRikM=,z3Bb3ngPxnPG+WylArq+9NIvJMg=
1,94,2GuDMO5+JvOi0BoyKM9sIgHRikM=,z3Bb3ngPxnPG+WylArq+9NIvJMg=
3,94,2GuDMO5+JvOi0BoyKM9sIgHRikM=,z3Bb3ngPxnPG+WylArq+9NIvJMg=
7,93,2GuDMO5+JvOi0BoyKM9sIgHRikM=,z3Bb3ngPxnPG+WylArq+9NIvJMg=
12,87,2GuDMO5+JvOi0BoyKM9sIgHRikM=,div7x7ABeoA6J72fxkXtri/u7fY=
5,89,2GuDMO5+JvOi0BoyKM9sIgHRikM=,z3Bb3ngPxnPG+WylArq+9NIvJMg=
12,88,2GuDMO5+JvOi0BoyKM9sIgHRikM=,z3Bb3ngPxnPG+WylArq+9NIvJMg=
2,87,2GuDMO5+JvOi0BoyKM9sIgHRikM=,TKD542oqyHyoDOAlPS4AR9ArXos=
5,87,2GuDMO5+JvOi0BoyKM9sIgHRikM=,TKD542oqyHyoDOAlPS4AR9ArXos=
11,87,2GuDMO5+JvOi0BoyKM9sIgHRikM=,div7x7ABeoA6J72fxkXtri/u7fY=
5,93,2GuDMO5+JvOi0BoyKM9sIgHRikM=,z3Bb3ngPxnPG+WylArq+9NIvJMg=
7,83,2GuDMO5+JvOi0BoyKM9sIgHRikM=,TKD542oqyHyoDOAlPS4AR9ArXos=
13,92,2GuDMO5+JvOi0BoyKM9sIgHRikM=,z3Bb3ngPxnPG+WylArq+9NIvJMg=
9,94,2GuDMO5+JvOi0BoyKM9sIgHRikM=,z3Bb3ngPxnPG+WylArq+9NIvJMg=
6,93,2GuDMO5+JvOi0BoyKM9sIgHRikM=,z3Bb3ngPxnPG+WylArq+9NIvJMg=
10,87,2GuDMO5+JvOi0BoyKM9sIgHRikM=,div7x7ABeoA6J72fxkXtri/u7fY=
8,82,2GuDMO5+JvOi0BoyKM9sIgHRikM=,div7x7ABeoA6J72fxkXtri/u7fY=
3,86,2GuDMO5+JvOi0BoyKM9sIgHRikM=,TKD542oqyHyoDOAlPS4AR9ArXos=
5,85,2GuDMO5+JvOi0BoyKM9sIgHRikM=,TKD542oqyHyoDOAlPS4AR9ArXos=
7,82,2GuDMO5+JvOi0BoyKM9sIgHRikM=,TKD542oqyHyoDOAlPS4AR9ArXos=
6,89,2GuDMO5+JvOi0BoyKM9sIgHRikM=,z3Bb3ngPxnPG+WylArq+9NIvJMg=
10,94,2GuDMO5+JvOi0BoyKM9sIgHRikM=,z3Bb3ngPxnPG+WylArq+9NIvJMg=
5,81,2GuDMO5+JvOi0BoyKM9sIgHRikM=,TKD542oqyHyoDOAlPS4AR9ArXos=
2,93,2GuDMO5+JvOi0BoyKM9sIgHRikM=,z3Bb3ngPxnPG+WylArq+9NIvJMg=
6,83,2GuDMO5+JvOi0BoyKM9sIgHRikM=,TKD542oqyHyoDOAlPS4AR9ArXos=
9,87,2GuDMO5+JvOi0BoyKM9sIgHRikM=,div7x7ABeoA6J72fxkXtri/u7fY=
4,85,2GuDMO5+JvOi0BoyKM9sIgHRikM=,TKD542oqyHyoDOAlPS4AR9ArXos=
12,92,2GuDMO5+JvOi0BoyKM9sIgHRikM=,z3Bb3ngPxnPG+WylArq+9NIvJMg=
3,93,2GuDMO5+JvOi0BoyKM9sIgHRikM=,z3Bb3ngPxnPG+WylArq+9NIvJMg=
8,94,2GuDMO5+JvOi0BoyKM9sIgHRikM=,z3Bb3ngPxnPG+WylArq+9NIvJMg=
4,93,2GuDMO5+JvOi0BoyKM9sIgHRikM=,z3Bb3ngPxnPG+WylArq+9NIvJMg=
15,83,2GuDMO5+JvOi0BoyKM9sIgHRikM=,div7x7ABeoA6J72fxkXtri/u7fY=
6,87,2GuDMO5+JvOi0BoyKM9sIgHRikM=,TKD542oqyHyoDOAlPS4AR9ArXos=
11,92,2GuDMO5+JvOi0BoyKM9sIgHRikM=,z3Bb3ngPxnPG+WylArq+9NIvJMg=
2,85,2GuDMO5+JvOi0BoyKM9sIgHRikM=,TKD542oqyHyoDOAlPS4AR9ArXos=
8,92,2GuDMO5+JvOi0BoyKM9sIgHRikM=,z3Bb3ngPxnPG+WylArq+9NIvJMg=
10,92,2GuDMO5+JvOi0BoyKM9sIgHRikM=,z3Bb3ngPxnPG+WylArq+9NIvJMg=
7,89,2GuDMO5+JvOi0BoyKM9sIgHRikM=,z3Bb3ngPxnPG+WylArq+9NIvJMg=
15,82,2GuDMO5+JvOi0BoyKM9sIgHRikM=,div7x7ABeoA6J72fxkXtri/u7fY=
11,94,2GuDMO5+JvOi0BoyKM9sIgHRikM=,z3Bb3ngPxnPG+WylArq+9NIvJMg=
3,85,2GuDMO5+JvOi0BoyKM9sIgHRikM=,TKD542oqyHyoDOAlPS4AR9ArXos=
1,85,2GuDMO5+JvOi0BoyKM9sIgHRikM=,TKD542oqyHyoDOAlPS4AR9ArXos=
7,92,2GuDMO5+JvOi0BoyKM9sIgHRikM=,z3Bb3ngPxnPG+WylArq+9NIvJMg=
7,87,2GuDMO5+JvOi0BoyKM9sIgHRikM=,TKD542oqyHyoDOAlPS4AR9ArXos=
1,93,2GuDMO5+JvOi0BoyKM9sIgHRikM=,z3Bb3ngPxnPG+WylArq+9NIvJMg=
15,86,2GuDMO5+JvOi0BoyKM9sIgHRikM=,div7x7ABeoA6J72fxkXtri/u7fY=
15,81,2GuDMO5+JvOi0BoyKM9sIgHRikM=,div7x7ABeoA6J72fxkXtri/u7fY=
15,84,2GuDMO5+JvOi0BoyKM9sIgHRikM=,div7x7ABeoA6J72fxkXtri/u7fY=
13,88,2GuDMO5+JvOi0BoyKM9sIgHRikM=,z3Bb3ngPxnPG+WylArq+9NIvJMg=
6,84,2GuDMO5+JvOi0BoyKM9sIgHRikM=,TKD542oqyHyoDOAlPS4AR9ArXos=
9,92,2GuDMO5+JvOi0BoyKM9sIgHRikM=,z3Bb3ngPxnPG+WylArq+9NIvJMg=
13,91,2GuDMO5+JvOi0BoyKM9sIgHRikM=,z3Bb3ngPxnPG+WylArq+9NIvJMg=
14,91,2GuDMO5+JvOi0BoyKM9sIgHRikM=,z3Bb3ngPxnPG+WylArq+9NIvJMg=
2,81,2GuDMO5+JvOi0BoyKM9sIgHRikM=,TKD542oqyHyoDOAlPS4AR9ArXos=
8,89,2GuDMO5+JvOi0BoyKM9sIgHRikM=,z3Bb3ngPxnPG+WylArq+9NIvJMg=
6,92,2GuDMO5+JvOi0BoyKM9sIgHRikM=,z3Bb3ngPxnPG+WylArq+9NIvJMg=
12,91,2GuDMO5+JvOi0BoyKM9sIgHRikM=,z3Bb3ngPxnPG+WylArq+9NIvJMg=
12,94,2GuDMO5+JvOi0BoyKM9sIgHRikM=,z3Bb3ngPxnPG+WylArq+9NIvJMg=
15,85,2GuDMO5+JvOi0BoyKM9sIgHRikM=,div7x7ABeoA6J72fxkXtri/u7fY=
5,92,2GuDMO5+JvOi0BoyKM9sIgHRikM=,z3Bb3ngPxnPG+WylArq+9NIvJMg=
1,82,2GuDMO5+JvOi0BoyKM9sIgHRikM=,TKD542oqyHyoDOAlPS4AR9ArXos=
1,90,2GuDMO5+JvOi0BoyKM9sIgHRikM=,z3Bb3ngPxnPG+WylArq+9NIvJMg=
13,94,2GuDMO5+JvOi0BoyKM9sIgHRikM=,z3Bb3ngPxnPG+WylArq+9NIvJMg=
5,83,2GuDMO5+JvOi0BoyKM9sIgHRikM=,TKD542oqyHyoDOAlPS4AR9ArXos=
4,92,2GuDMO5+JvOi0BoyKM9sIgHRikM=,z3Bb3ngPxnPG+WylArq+9NIvJMg=
1,81,2GuDMO5+JvOi0BoyKM9sIgHRikM=,TKD542oqyHyoDOAlPS4AR9ArXos=
10,91,2GuDMO5+JvOi0BoyKM9sIgHRikM=,z3Bb3ngPxnPG+WylArq+9NIvJMg=
11,91,2GuDMO5+JvOi0BoyKM9sIgHRikM=,z3Bb3ngPxnPG+WylArq+9NIvJMg=
8,88,2GuDMO5+JvOi0BoyKM9sIgHRikM=,z3Bb3ngPxnPG+WylArq+9NIvJMg=
6,82,2GuDMO5+JvOi0BoyKM9sIgHRikM=,TKD542oqyHyoDOAlPS4AR9ArXos=
2,90,2GuDMO5+JvOi0BoyKM9sIgHRikM=,z3Bb3ngPxnPG+WylArq+9NIvJMg=
9,91,2GuDMO5+JvOi0BoyKM9sIgHRikM=,z3Bb3ngPxnPG+WylArq+9NIvJMg=
2,92,2GuDMO5+JvOi0BoyKM9sIgHRikM=,z3Bb3ngPxnPG+WylArq+9NIvJMg=
1,92,2GuDMO5+JvOi0BoyKM9sIgHRikM=,z3Bb3ngPxnPG+WylArq+9NIvJMg=
5,84,2GuDMO5+JvOi0BoyKM9sIgHRikM=,TKD542oqyHyoDOAlPS4AR9ArXos=
14,94,2GuDMO5+JvOi0BoyKM9sIgHRikM=,z3Bb3ngPxnPG+WylArq+9NIvJMg=
8,91,2GuDMO5+JvOi0BoyKM9sIgHRikM=,z3Bb3ngPxnPG+WylArq+9NIvJMg=
1,88,2GuDMO5+JvOi0BoyKM9sIgHRikM=,z3Bb3ngPxnPG+WylArq+9NIvJMg=
7,91,2GuDMO5+JvOi0BoyKM9sIgHRikM=,z3Bb3ngPxnPG+WylArq+9NIvJMg=
14,90,2GuDMO5+JvOi0BoyKM9sIgHRikM=,z3Bb3ngPxnPG+WylArq+9NIvJMg=
3,92,2GuDMO5+JvOi0BoyKM9sIgHRikM=,z3Bb3ngPxnPG+WylArq+9NIvJMg=
3,90,2GuDMO5+JvOi0BoyKM9sIgHRikM=,z3Bb3ngPxnPG+WylArq+9NIvJMg=
5,91,2GuDMO5+JvOi0BoyKM9sIgHRikM=,z3Bb3ngPxnPG+WylArq+9NIvJMg=
14,88,2GuDMO5+JvOi0BoyKM9sIgHRikM=,z3Bb3ngPxnPG+WylArq+9NIvJMg=
1,87,2GuDMO5+JvOi0BoyKM9sIgHRikM=,TKD542oqyHyoDOAlPS4AR9ArXos=
2,86,2GuDMO5+JvOi0BoyKM9sIgHRikM=,TKD542oqyHyoDOAlPS4AR9ArXos=
6,91,2GuDMO5+JvOi0BoyKM9sIgHRikM=,z3Bb3ngPxnPG+WylArq+9NIvJMg=
2,88,2GuDMO5+JvOi0BoyKM9sIgHRikM=,z3Bb3ngPxnPG+WylArq+9NIvJMg=
13,90,2GuDMO5+JvOi0BoyKM9sIgHRikM=,z3Bb3ngPxnPG+WylArq+9NIvJMg=
12,90,2GuDMO5+JvOi0BoyKM9sIgHRikM=,z3Bb3ngPxnPG+WylArq+9NIvJMg=
11,90,2GuDMO5+JvOi0BoyKM9sIgHRikM=,z3Bb3ngPxnPG+WylArq+9NIvJMg=
9,89,2GuDMO5+JvOi0BoyKM9sIgHRikM=,z3Bb3ngPxnPG+WylArq+9NIvJMg=
4,91,2GuDMO5+JvOi0BoyKM9sIgHRikM=,z3Bb3ngPxnPG+WylArq+9NIvJMg=
10,90,2GuDMO5+JvOi0BoyKM9sIgHRikM=,z3Bb3ngPxnPG+WylArq+9NIvJMg=
8,86,2GuDMO5+JvOi0BoyKM9sIgHRikM=,div7x7ABeoA6J72fxkXtri/u7fY=
3,91,2GuDMO5+JvOi0BoyKM9sIgHRikM=,z3Bb3ngPxnPG+WylArq+9NIvJMg=
4,90,2GuDMO5+JvOi0BoyKM9sIgHRikM=,z3Bb3ngPxnPG+WylArq+9NIvJMg=
8,81,2GuDMO5+JvOi0BoyKM9sIgHRikM=,div7x7ABeoA6J72fxkXtri/u7fY=
2,91,2GuDMO5+JvOi0BoyKM9sIgHRikM=,z3Bb3ngPxnPG+WylArq+9NIvJMg=
9,90,2GuDMO5+JvOi0BoyKM9sIgHRikM=,z3Bb3ngPxnPG+WylArq+9NIvJMg=
10,89,2GuDMO5+JvOi0BoyKM9sIgHRikM=,z3Bb3ngPxnPG+WylArq+9NIvJMg=
4,83,2GuDMO5+JvOi0BoyKM9sIgHRikM=,TKD542oqyHyoDOAlPS4AR9ArXos=
8,90,2GuDMO5+JvOi0BoyKM9sIgHRikM=,z3Bb3ngPxnPG+WylArq+9NIvJMg=
4,84,2GuDMO5+JvOi0BoyKM9sIgHRikM=,TKD542oqyHyoDOAlPS4AR9ArXos=
5,90,2GuDMO5+JvOi0BoyKM9sIgHRikM=,z3Bb3ngPxnPG+WylArq+9NIvJMg=
1,91,2GuDMO5+JvOi0BoyKM9sIgHRikM=,z3Bb3ngPxnPG+WylArq+9NIvJMg=
3,88,2GuDMO5+JvOi0BoyKM9sIgHRikM=,z3Bb3ngPxnPG+WylArq+9NIvJMg=
14,89,2GuDMO5+JvOi0BoyKM9sIgHRikM=,z3Bb3ngPxnPG+WylArq+9NIvJMg=
5,82,2GuDMO5+JvOi0BoyKM9sIgHRikM=,TKD542oqyHyoDOAlPS4AR9ArXos=
11,89,2GuDMO5+JvOi0BoyKM9sIgHRikM=,z3Bb3ngPxnPG+WylArq+9NIvJMg=
1,86,2GuDMO5+JvOi0BoyKM9sIgHRikM=,TKD542oqyHyoDOAlPS4AR9ArXos=
2,84,2GuDMO5+JvOi0BoyKM9sIgHRikM=,TKD542oqyHyoDOAlPS4AR9ArXos=
3,84,2GuDMO5+JvOi0BoyKM9sIgHRikM=,TKD542oqyHyoDOAlPS4AR9ArXos=
13,89,2GuDMO5+JvOi0BoyKM9sIgHRikM=,z3Bb3ngPxnPG+WylArq+9NIvJMg=
15,87,2GuDMO5+JvOi0BoyKM9sIgHRikM=,div7x7ABeoA6J72fxkXtri/u7fY=
6,90,2GuDMO5+JvOi0BoyKM9sIgHRikM=,z3Bb3ngPxnPG+WylArq+9NIvJMg=
4,88,2GuDMO5+JvOi0BoyKM9sIgHRikM=,z3Bb3ngPxnPG+WylArq+9NIvJMg=
15,93,2GuDMO5+JvOi0BoyKM9sIgHRikM=,z3Bb3ngPxnPG+WylArq+9NIvJMg=
8,85,2GuDMO5+JvOi0BoyKM9sIgHRikM=,div7x7ABeoA6J72fxkXtri/u7fY=
12,89,2GuDMO5+JvOi0BoyKM9sIgHRikM=,z3Bb3ngPxnPG+WylArq+9NIvJMg=
15,92,2GuDMO5+JvOi0BoyKM9sIgHRikM=,z3Bb3ngPxnPG+WylArq+9NIvJMg=
4,82,2GuDMO5+JvOi0BoyKM9sIgHRikM=,TKD542oqyHyoDOAlPS4AR9ArXos=
15,90,2GuDMO5+JvOi0BoyKM9sIgHRikM=,z3Bb3ngPxnPG+WylArq+9NIvJMg=
15,91,2GuDMO5+JvOi0BoyKM9sIgHRikM=,z3Bb3ngPxnPG+WylArq+9NIvJMg=
7,90,2GuDMO5+JvOi0BoyKM9sIgHRikM=,z3Bb3ngPxnPG+WylArq+9NIvJMg=
5,88,2GuDMO5+JvOi0BoyKM9sIgHRikM=,z3Bb3ngPxnPG+WylArq+9NIvJMg=
15,89,2GuDMO5+JvOi0BoyKM9sIgHRikM=,z3Bb3ngPxnPG+WylArq+9NIvJMg=
15,88,2GuDMO5+JvOi0BoyKM9sIgHRikM=,z3Bb3ngPxnPG+WylArq+9NIvJMg=
15,94,2GuDMO5+JvOi0BoyKM9sIgHRikM=,z3Bb3ngPxnPG+WylArq+9NIvJMg=
3,83,2GuDMO5+JvOi0BoyKM9sIgHRikM=,TKD542oqyHyoDOAlPS4AR9ArXos=
7,85,2GuDMO5+JvOi0BoyKM9sIgHRikM=,TKD542oqyHyoDOAlPS4AR9ArXos=
7,86,2GuDMO5+JvOi0BoyKM9sIgHRikM=,TKD542oqyHyoDOAlPS4AR9ArXos=
2,83,2GuDMO5+JvOi0BoyKM9sIgHRikM=,TKD542oqyHyoDOAlPS4AR9ArXos=
3,82,2GuDMO5+JvOi0BoyKM9sIgHRikM=,TKD542oqyHyoDOAlPS4AR9ArXos=
6,86,2GuDMO5+JvOi0BoyKM9sIgHRikM=,TKD542oqyHyoDOAlPS4AR9ArXos=
8,84,2GuDMO5+JvOi0BoyKM9sIgHRikM=,div7x7ABeoA6J72fxkXtri/u7fY=
7,88,2GuDMO5+JvOi0BoyKM9sIgHRikM=,z3Bb3ngPxnPG+WylArq+9NIvJMg=
6,85,2GuDMO5+JvOi0BoyKM9sIgHRikM=,TKD542oqyHyoDOAlPS4AR9ArXos=
6,88,2GuDMO5+JvOi0BoyKM9sIgHRikM=,z3Bb3ngPxnPG+WylArq+9NIvJMg=
2,82,2GuDMO5+JvOi0BoyKM9sIgHRikM=,TKD542oqyHyoDOAlPS4AR9ArXos=
1,84,2GuDMO5+JvOi0BoyKM9sIgHRikM=,TKD542oqyHyoDOAlPS4AR9ArXos=
11,95,2GuDMO5+JvOi0BoyKM9sIgHRikM=,z3Bb3ngPxnPG+WylArq+9NIvJMg=
10,95,2GuDMO5+JvOi0BoyKM9sIgHRikM=,z3Bb3ngPxnPG+WylArq+9NIvJMg=
13,95,2GuDMO5+JvOi0BoyKM9sIgHRikM=,z3Bb3ngPxnPG+WylArq+9NIvJMg=
14,95,2GuDMO5+JvOi0BoyKM9sIgHRikM=,z3Bb3ngPxnPG+WylArq+9NIvJMg=
9,95,2GuDMO5+JvOi0BoyKM9sIgHRikM=,z3Bb3ngPxnPG+WylArq+9NIvJMg=
12,95,2GuDMO5+JvOi0BoyKM9sIgHRikM=,z3Bb3ngPxnPG+WylArq+9NIvJMg=
1,95,2GuDMO5+JvOi0BoyKM9sIgHRikM=,z3Bb3ngPxnPG+WylArq+9NIvJMg=
4,95,2GuDMO5+JvOi0BoyKM9sIgHRikM=,z3Bb3ngPxnPG+WylArq+9NIvJMg=
3,95,2GuDMO5+JvOi0BoyKM9sIgHRikM=,z3Bb3ngPxnPG+WylArq+9NIvJMg=
7,95,2GuDMO5+JvOi0BoyKM9sIgHRikM=,z3Bb3ngPxnPG+WylArq+9NIvJMg=
8,95,2GuDMO5+JvOi0BoyKM9sIgHRikM=,z3Bb3ngPxnPG+WylArq+9NIvJMg=
2,95,2GuDMO5+JvOi0BoyKM9sIgHRikM=,z3Bb3ngPxnPG+WylArq+9NIvJMg=
6,95,2GuDMO5+JvOi0BoyKM9sIgHRikM=,z3Bb3ngPxnPG+WylArq+9NIvJMg=
0,89,2GuDMO5+JvOi0BoyKM9sIgHRikM=,z3Bb3ngPxnPG+WylArq+9NIvJMg=
5,95,2GuDMO5+JvOi0BoyKM9sIgHRikM=,z3Bb3ngPxnPG+WylArq+9NIvJMg=
0,83,2GuDMO5+JvOi0BoyKM9sIgHRikM=,TKD542oqyHyoDOAlPS4AR9ArXos=
0,88,2GuDMO5+JvOi0BoyKM9sIgHRikM=,z3Bb3ngPxnPG+WylArq+9NIvJMg=
0,94,2GuDMO5+JvOi0BoyKM9sIgHRikM=,z3Bb3ngPxnPG+WylArq+9NIvJMg=
0,93,2GuDMO5+JvOi0BoyKM9sIgHRikM=,z3Bb3ngPxnPG+WylArq+9NIvJMg=
0,82,2GuDMO5+JvOi0BoyKM9sIgHRikM=,TKD542oqyHyoDOAlPS4AR9ArXos=
0,85,2GuDMO5+JvOi0BoyKM9sIgHRikM=,TKD542oqyHyoDOAlPS4AR9ArXos=
0,90,2GuDMO5+JvOi0BoyKM9sIgHRikM=,z3Bb3ngPxnPG+WylArq+9NIvJMg=
0,87,2GuDMO5+JvOi0BoyKM9sIgHRikM=,TKD542oqyHyoDOAlPS4AR9ArXos=
0,81,2GuDMO5+JvOi0BoyKM9sIgHRikM=,TKD542oqyHyoDOAlPS4AR9ArXos=
0,86,2GuDMO5+JvOi0BoyKM9sIgHRikM=,TKD542oqyHyoDOAlPS4AR9ArXos=
0,92,2GuDMO5+JvOi0BoyKM9sIgHRikM=,z3Bb3ngPxnPG+WylArq+9NIvJMg=
0,84,2GuDMO5+JvOi0BoyKM9sIgHRikM=,TKD542oqyHyoDOAlPS4AR9ArXos=
0,91,2GuDMO5+JvOi0BoyKM9sIgHRikM=,z3Bb3ngPxnPG+WylArq+9NIvJMg=
0,95,2GuDMO5+JvOi0BoyKM9sIgHRikM=,z3Bb3ngPxnPG+WylArq+9NIvJMg=
15,95,2GuDMO5+JvOi0BoyKM9sIgHRikM=,z3Bb3ngPxnPG+WylArq+9NIvJMg=
4,80,2GuDMO5+JvOi0BoyKM9sIgHRikM=,TKD542oqyHyoDOAlPS4AR9ArXos=
3,80,2GuDMO5+JvOi0BoyKM9sIgHRikM=,TKD542oqyHyoDOAlPS4AR9ArXos=
1,80,2GuDMO5+JvOi0BoyKM9sIgHRikM=,TKD542oqyHyoDOAlPS4AR9ArXos=
2,80,2GuDMO5+JvOi0BoyKM9sIgHRikM=,TKD542oqyHyoDOAlPS4AR9ArXos=
5,80,2GuDMO5+JvOi0BoyKM9sIgHRikM=,TKD542oqyHyoDOAlPS4AR9ArXos=
0,80,2GuDMO5+JvOi0BoyKM9sIgHRikM=,TKD542oqyHyoDOAlPS4AR9ArXos=
7,80,2GuDMO5+JvOi0BoyKM9sIgHRikM=,TKD542oqyHyoDOAlPS4AR9ArXos=
11,80,2GuDMO5+JvOi0BoyKM9sIgHRikM=,div7x7ABeoA6J72fxkXtri/u7fY=
8,80,2GuDMO5+JvOi0BoyKM9sIgHRikM=,div7x7ABeoA6J72fxkXtri/u7fY=
6,80,2GuDMO5+JvOi0BoyKM9sIgHRikM=,TKD542oqyHyoDOAlPS4AR9ArXos=
15,80,2GuDMO5+JvOi0BoyKM9sIgHRikM=,div7x7ABeoA6J72fxkXtri/u7fY=
13,80,2GuDMO5+JvOi0BoyKM9sIgHRikM=,div7x7ABeoA6J72fxkXtri/u7fY=
10,80,2GuDMO5+JvOi0BoyKM9sIgHRikM=,div7x7ABeoA6J72fxkXtri/u7fY=
14,80,2GuDMO5+JvOi0BoyKM9sIgHRikM=,div7x7ABeoA6J72fxkXtri/u7fY=
12,80,2GuDMO5+JvOi0BoyKM9sIgHRikM=,div7x7ABeoA6J72fxkXtri/u7fY=
9,80,2GuDMO5+JvOi0BoyKM9sIgHRikM=,div7x7ABeoA6J72fxkXtri/u7fY=
28,83,leZOI9GI0F8MpCrfFC0UvbVH+bU=,ztU/QTdOq1EejXfoxtdH4JBKR5A=
26,83,leZOI9GI0F8MpCrfFC0UvbVH+bU=,ztU/QTdOq1EejXfoxtdH4JBKR5A=
25,83,K/qTAJZ9V4VU2lXuakTwNBLKLyQ=,ztU/QTdOq1EejXfoxtdH4JBKR5A=
27,83,K/qTAJZ9V4VU2lXuakTwNBLKLyQ=,ztU/QTdOq1EejXfoxtdH4JBKR5A=
27,82,K/qTAJZ9V4VU2lXuakTwNBLKLyQ=,ztU/QTdOq1EejXfoxtdH4JBKR5A=
28,82,K/qTAJZ9V4VU2lXuakTwNBLKLyQ=,ztU/QTdOq1EejXfoxtdH4JBKR5A=
30,86,K/qTAJZ9V4VU2lXuakTwNBLKLyQ=,ztU/QTdOq1EejXfoxtdH4JBKR5A=
29,82,K/qTAJZ9V4VU2lXuakTwNBLKLyQ=,ztU/QTdOq1EejXfoxtdH4JBKR5A=
29,86,K/qTAJZ9V4VU2lXuakTwNBLKLyQ=,ztU/QTdOq1EejXfoxtdH4JBKR5A=
30,82,K/qTAJZ9V4VU2lXuakTwNBLKLyQ=,ztU/QTdOq1EejXfoxtdH4JBKR5A=
26,82,K/qTAJZ9V4VU2lXuakTwNBLKLyQ=,ztU/QTdOq1EejXfoxtdH4JBKR5A=
25,82,K/qTAJZ9V4VU2lXuakTwNBLKLyQ=,ztU/QTdOq1EejXfoxtdH4JBKR5A=
28,93,K/qTAJZ9V4VU2lXuakTwNBLKLyQ=,z3Bb3ngPxnPG+WylArq+9NIvJMg=
30,87,K/qTAJZ9V4VU2lXuakTwNBLKLyQ=,ztU/QTdOq1EejXfoxtdH4JBKR5A=
27,86,K/qTAJZ9V4VU2lXuakTwNBLKLyQ=,ztU/QTdOq1EejXfoxtdH4JBKR5A=
26,86,K/qTAJZ9V4VU2lXuakTwNBLKLyQ=,ztU/QTdOq1EejXfoxtdH4JBKR5A=
27,93,K/qTAJZ9V4VU2lXuakTwNBLKLyQ=,z3Bb3ngPxnPG+WylArq+9NIvJMg=
30,81,K/qTAJZ9V4VU2lXuakTwNBLKLyQ=,ztU/QTdOq1EejXfoxtdH4JBKR5A=
29,87,K/qTAJZ9V4VU2lXuakTwNBLKLyQ=,ztU/QTdOq1EejXfoxtdH4JBKR5A=
24,94,K/qTAJZ9V4VU2lXuakTwNBLKLyQ=,z3Bb3ngPxnPG+WylArq+9NIvJMg=
25,86,K/qTAJZ9V4VU2lXuakTwNBLKLyQ=,ztU/QTdOq1EejXfoxtdH4JBKR5A=
28,86,K/qTAJZ9V4VU2lXuakTwNBLKLyQ=,ztU/QTdOq1EejXfoxtdH4JBKR5A=
30,85,K/qTAJZ9V4VU2lXuakTwNBLKLyQ=,ztU/QTdOq1EejXfoxtdH4JBKR5A=
29,81,K/qTAJZ9V4VU2lXuakTwNBLKLyQ=,ztU/QTdOq1EejXfoxtdH4JBKR5A=
26,93,K/qTAJZ9V4VU2lXuakTwNBLKLyQ=,z3Bb3ngPxnPG+WylArq+9NIvJMg=
29,93,K/qTAJZ9V4VU2lXuakTwNBLKLyQ=,z3Bb3ngPxnPG+WylArq+9NIvJMg=
24,93,K/qTAJZ9V4VU2lXuakTwNBLKLyQ=,z3Bb3ngPxnPG+WylArq+9NIvJMg=
25,93,K/qTAJZ9V4VU2lXuakTwNBLKLyQ=,z3Bb3ngPxnPG+WylArq+9NIvJMg=
23,94,K/qTAJZ9V4VU2lXuakTwNBLKLyQ=,z3Bb3ngPxnPG+WylArq+9NIvJMg=
30,92,K/qTAJZ9V4VU2lXuakTwNBLKLyQ=,z3Bb3ngPxnPG+WylArq+9NIvJMg=
17,89,K/qTAJZ9V4VU2lXuakTwNBLKLyQ=,z3Bb3ngPxnPG+WylArq+9NIvJMg=
29,92,K/qTAJZ9V4VU2lXuakTwNBLKLyQ=,z3Bb3ngPxnPG+WylArq+9NIvJMg=
20,87,K/qTAJZ9V4VU2lXuakTwNBLKLyQ=,cI3uCypiy9FgArVGHTzD7pjEZrg=
29,85,K/qTAJZ9V4VU2lXuakTwNBLKLyQ=,ztU/QTdOq1EejXfoxtdH4JBKR5A=
28,87,K/qTAJZ9V4VU2lXuakTwNBLKLyQ=,ztU/QTdOq1EejXfoxtdH4JBKR5A=
27,87,K/qTAJZ9V4VU2lXuakTwNBLKLyQ=,ztU/QTdOq1EejXfoxtdH4JBKR5A=
30,93,K/qTAJZ9V4VU2lXuakTwNBLKLyQ=,z3Bb3ngPxnPG+WylArq+9NIvJMg=
28,81,K/qTAJZ9V4VU2lXuakTwNBLKLyQ=,ztU/QTdOq1EejXfoxtdH4JBKR5A=
28,85,K/qTAJZ9V4VU2lXuakTwNBLKLyQ=,ztU/QTdOq1EejXfoxtdH4JBKR5A=
27,81,K/qTAJZ9V4VU2lXuakTwNBLKLyQ=,ztU/QTdOq1EejXfoxtdH4JBKR5A=
18,89,K/qTAJZ9V4VU2lXuakTwNBLKLyQ=,z3Bb3ngPxnPG+WylArq+9NIvJMg=
22,94,K/qTAJZ9V4VU2lXuakTwNBLKLyQ=,z3Bb3ngPxnPG+WylArq+9NIvJMg=
21,87,K/qTAJZ9V4VU2lXuakTwNBLKLyQ=,cI3uCypiy9FgArVGHTzD7pjEZrg=
26,87,K/qTAJZ9V4VU2lXuakTwNBLKLyQ=,ztU/QTdOq1EejXfoxtdH4JBKR5A=
25,87,K/qTAJZ9V4VU2lXuakTwNBLKLyQ=,ztU/QTdOq1EejXfoxtdH4JBKR5A=
21,94,K/qTAJZ9V4VU2lXuakTwNBLKLyQ=,z3Bb3ngPxnPG+WylArq+9NIvJMg=
20,94,K/qTAJZ9V4VU2lXuakTwNBLKLyQ=,z3Bb3ngPxnPG+WylArq+9NIvJMg=
25,88,K/qTAJZ9V4VU2lXuakTwNBLKLyQ=,z3Bb3ngPxnPG+WylArq+9NIvJMg=
19,94,K/qTAJZ9V4VU2lXuakTwNBLKLyQ=,z3Bb3ngPxnPG+WylArq+9NIvJMg=
26,81,K/qTAJZ9V4VU2lXuakTwNBLKLyQ=,ztU/QTdOq1EejXfoxtdH4JBKR5A=
28,92,K/qTAJZ9V4VU2lXuakTwNBLKLyQ=,z3Bb3ngPxnPG+WylArq+9NIvJMg=
24,92,K/qTAJZ9V4VU2lXuakTwNBLKLyQ=,z3Bb3ngPxnPG+WylArq+9NIvJMg=
18,94,K/qTAJZ9V4VU2lXuakTwNBLKLyQ=,z3Bb3ngPxnPG+WylArq+9NIvJMg=
20,81,K/qTAJZ9V4VU2lXuakTwNBLKLyQ=,cI3uCypiy9FgArVGHTzD7pjEZrg=
26,88,K/qTAJZ9V4VU2lXuakTwNBLKLyQ=,z3Bb3ngPxnPG+WylArq+9NIvJMg=
17,94,K/qTAJZ9V4VU2lXuakTwNBLKLyQ=,z3Bb3ngPxnPG+WylArq+9NIvJMg=
26,92,K/qTAJZ9V4VU2lXuakTwNBLKLyQ=,z3Bb3ngPxnPG+WylArq+9NIvJMg=
19,89,K/qTAJZ9V4VU2lXuakTwNBLKLyQ=,z3Bb3ngPxnPG+WylArq+9NIvJMg=
27,92,K/qTAJZ9V4VU2lXuakTwNBLKLyQ=,z3Bb3ngPxnPG+WylArq+9NIvJMg=
25,81,K/qTAJZ9V4VU2lXuakTwNBLKLyQ=,ztU/QTdOq1EejXfoxtdH4JBKR5A=
27,85,K/qTAJZ9V4VU2lXuakTwNBLKLyQ=,ztU/QTdOq1EejXfoxtdH4JBKR5A=
26,85,K/qTAJZ9V4VU2lXuakTwNBLKLyQ=,ztU/QTdOq1EejXfoxtdH4JBKR5A=
23,93,K/qTAJZ9V4VU2lXuakTwNBLKLyQ=,z3Bb3ngPxnPG+WylArq+9NIvJMg=
18,83,K/qTAJZ9V4VU2lXuakTwNBLKLyQ=,cI3uCypiy9FgArVGHTzD7pjEZrg=
30,84,K/qTAJZ9V4VU2lXuakTwNBLKLyQ=,ztU/QTdOq1EejXfoxtdH4JBKR5A=
27,88,K/qTAJZ9V4VU2lXuakTwNBLKLyQ=,z3Bb3ngPxnPG+WylArq+9NIvJMg=
22,93,K/qTAJZ9V4VU2lXuakTwNBLKLyQ=,z3Bb3ngPxnPG+WylArq+9NIvJMg=
21,93,K/qTAJZ9V4VU2lXuakTwNBLKLyQ=,z3Bb3ngPxnPG+WylArq+9NIvJMg=
29,84,K/qTAJZ9V4VU2lXuakTwNBLKLyQ=,ztU/QTdOq1EejXfoxtdH4JBKR5A=
20,93,K/qTAJZ9V4VU2lXuakTwNBLKLyQ=,z3Bb3ngPxnPG+WylArq+9NIvJMg=
27,84,K/qTAJZ9V4VU2lXuakTwNBLKLyQ=,ztU/QTdOq1EejXfoxtdH4JBKR5A=
25,85,K/qTAJZ9V4VU2lXuakTwNBLKLyQ=,ztU/QTdOq1EejXfoxtdH4JBKR5A=
21,81,K/qTAJZ9V4VU2lXuakTwNBLKLyQ=,cI3uCypiy9FgArVGHTzD7pjEZrg=
28,84,K/qTAJZ9V4VU2lXuakTwNBLKLyQ=,ztU/QTdOq1EejXfoxtdH4JBKR5A=
20,89,K/qTAJZ9V4VU2lXuakTwNBLKLyQ=,z3Bb3ngPxnPG+WylArq+9NIvJMg=
26,84,K/qTAJZ9V4VU2lXuakTwNBLKLyQ=,ztU/QTdOq1EejXfoxtdH4JBKR5A=
25,94,K/qTAJZ9V4VU2lXuakTwNBLKLyQ=,z3Bb3ngPxnPG+WylArq+9NIvJMg=
21,86,K/qTAJZ9V4VU2lXuakTwNBLKLyQ=,cI3uCypiy9FgArVGHTzD7pjEZrg=
17,82,K/qTAJZ9V4VU2lXuakTwNBLKLyQ=,cI3uCypiy9FgArVGHTzD7pjEZrg=
25,92,K/qTAJZ9V4VU2lXuakTwNBLKLyQ=,z3Bb3ngPxnPG+WylArq+9NIvJMg=
29,91,K/qTAJZ9V4VU2lXuakTwNBLKLyQ=,z3Bb3ngPxnPG+WylArq+9NIvJMg=
25,84,K/qTAJZ9V4VU2lXuakTwNBLKLyQ=,ztU/QTdOq1EejXfoxtdH4JBKR5A=
22,81,K/qTAJZ9V4VU2lXuakTwNBLKLyQ=,cI3uCypiy9FgArVGHTzD7pjEZrg=
21,89,K/qTAJZ9V4VU2lXuakTwNBLKLyQ=,z3Bb3ngPxnPG+WylArq+9NIvJMg=
19,93,K/qTAJZ9V4VU2lXuakTwNBLKLyQ=,z3Bb3ngPxnPG+WylArq+9NIvJMg=
26,94,K/qTAJZ9V4VU2lXuakTwNBLKLyQ=,z3Bb3ngPxnPG+WylArq+9NIvJMg=
27,91,K/qTAJZ9V4VU2lXuakTwNBLKLyQ=,z3Bb3ngPxnPG+WylArq+9NIvJMg=
26,91,K/qTAJZ9V4VU2lXuakTwNBLKLyQ=,z3Bb3ngPxnPG+WylArq+9NIvJMg=
28,91,K/qTAJZ9V4VU2lXuakTwNBLKLyQ=,z3Bb3ngPxnPG+WylArq+9NIvJMg=
29,83,K/qTAJZ9V4VU2lXuakTwNBLKLyQ=,ztU/QTdOq1EejXfoxtdH4JBKR5A=
30,91,K/qTAJZ9V4VU2lXuakTwNBLKLyQ=,z3Bb3ngPxnPG+WylArq+9NIvJMg=
24,89,K/qTAJZ9V4VU2lXuakTwNBLKLyQ=,z3Bb3ngPxnPG+WylArq+9NIvJMg=
18,93,K/qTAJZ9V4VU2lXuakTwNBLKLyQ=,z3Bb3ngPxnPG+WylArq+9NIvJMg=
17,93,K/qTAJZ9V4VU2lXuakTwNBLKLyQ=,z3Bb3ngPxnPG+WylArq+9NIvJMg=
30,83,K/qTAJZ9V4VU2lXuakTwNBLKLyQ=,ztU/QTdOq1EejXfoxtdH4JBKR5A=
20,86,K/qTAJZ9V4VU2lXuakTwNBLKLyQ=,cI3uCypiy9FgArVGHTzD7pjEZrg=
23,81,K/qTAJZ9V4VU2lXuakTwNBLKLyQ=,cI3uCypiy9FgArVGHTzD7pjEZrg=
25,91,K/qTAJZ9V4VU2lXuakTwNBLKLyQ=,z3Bb3ngPxnPG+WylArq+9NIvJMg=
24,83,K/qTAJZ9V4VU2lXuakTwNBLKLyQ=,ztU/QTdOq1EejXfoxtdH4JBKR5A=
28,88,K/qTAJZ9V4VU2lXuakTwNBLKLyQ=,z3Bb3ngPxnPG+WylArq+9NIvJMg=
22,87,K/qTAJZ9V4VU2lXuakTwNBLKLyQ=,cI3uCypiy9FgArVGHTzD7pjEZrg=
22,89,K/qTAJZ9V4VU2lXuakTwNBLKLyQ=,z3Bb3ngPxnPG+WylArq+9NIvJMg=
23,92,K/qTAJZ9V4VU2lXuakTwNBLKLyQ=,z3Bb3ngPxnPG+WylArq+9NIvJMg=
19,87,K/qTAJZ9V4VU2lXuakTwNBLKLyQ=,cI3uCypiy9FgArVGHTzD7pjEZrg=
24,87,K/qTAJZ9V4VU2lXuakTwNBLKLyQ=,ztU/QTdOq1EejXfoxtdH4JBKR5A=
30,90,K/qTAJZ9V4VU2lXuakTwNBLKLyQ=,z3Bb3ngPxnPG+WylArq+9NIvJMg=
22,92,K/qTAJZ9V4VU2lXuakTwNBLKLyQ=,z3Bb3ngPxnPG+WylArq+9NIvJMg=
18,87,K/qTAJZ9V4VU2lXuakTwNBLKLyQ=,cI3uCypiy9FgArVGHTzD7pjEZrg=
21,92,K/qTAJZ9V4VU2lXuakTwNBLKLyQ=,z3Bb3ngPxnPG+WylArq+9NIvJMg=
27,94,K/qTAJZ9V4VU2lXuakTwNBLKLyQ=,z3Bb3ngPxnPG+WylArq+9NIvJMg=
23,87,K/qTAJZ9V4VU2lXuakTwNBLKLyQ=,cI3uCypiy9FgArVGHTzD7pjEZrg=
23,89,K/qTAJZ9V4VU2lXuakTwNBLKLyQ=,z3Bb3ngPxnPG+WylArq+9NIvJMg=
20,92,K/qTAJZ9V4VU2lXuakTwNBLKLyQ=,z3Bb3ngPxnPG+WylArq+9NIvJMg=
29,90,K/qTAJZ9V4VU2lXuakTwNBLKLyQ=,z3Bb3ngPxnPG+WylArq+9NIvJMg=
24,82,K/qTAJZ9V4VU2lXuakTwNBLKLyQ=,ztU/QTdOq1EejXfoxtdH4JBKR5A=
19,92,K/qTAJZ9V4VU2lXuakTwNBLKLyQ=,z3Bb3ngPxnPG+WylArq+9NIvJMg=
29,88,K/qTAJZ9V4VU2lXuakTwNBLKLyQ=,z3Bb3ngPxnPG+WylArq+9NIvJMg=
23,83,K/qTAJZ9V4VU2lXuakTwNBLKLyQ=,cI3uCypiy9FgArVGHTzD7pjEZrg=
17,83,K/qTAJZ9V4VU2lXuakTwNBLKLyQ=,cI3uCypiy9FgArVGHTzD7pjEZrg=
17,90,K/qTAJZ9V4VU2lXuakTwNBLKLyQ=,z3Bb3ngPxnPG+WylArq+9NIvJMg=
28,90,K/qTAJZ9V4VU2lXuakTwNBLKLyQ=,z3Bb3ngPxnPG+WylArq+9NIvJMg=
21,85,K/qTAJZ9V4VU2lXuakTwNBLKLyQ=,cI3uCypiy9FgArVGHTzD7pjEZrg=
18,82,K/qTAJZ9V4VU2lXuakTwNBLKLyQ=,cI3uCypiy9FgArVGHTzD7pjEZrg=
20,85,K/qTAJZ9V4VU2lXuakTwNBLKLyQ=,cI3uCypiy9FgArVGHTzD7pjEZrg=
18,92,K/qTAJZ9V4VU2lXuakTwNBLKLyQ=,z3Bb3ngPxnPG+WylArq+9NIvJMg=
19,85,K/qTAJZ9V4VU2lXuakTwNBLKLyQ=,cI3uCypiy9FgArVGHTzD7pjEZrg=
17,92,K/qTAJZ9V4VU2lXuakTwNBLKLyQ=,z3Bb3ngPxnPG+WylArq+9NIvJMg=
28,94,K/qTAJZ9V4VU2lXuakTwNBLKLyQ=,z3Bb3ngPxnPG+WylArq+9NIvJMg=
17,87,K/qTAJZ9V4VU2lXuakTwNBLKLyQ=,cI3uCypiy9FgArVGHTzD7pjEZrg=
18,85,K/qTAJZ9V4VU2lXuakTwNBLKLyQ=,cI3uCypiy9FgArVGHTzD7pjEZrg=
24,90,K/qTAJZ9V4VU2lXuakTwNBLKLyQ=,z3Bb3ngPxnPG+WylArq+9NIvJMg=
22,85,K/qTAJZ9V4VU2lXuakTwNBLKLyQ=,cI3uCypiy9FgArVGHTzD7pjEZrg=
17,85,K/qTAJZ9V4VU2lXuakTwNBLKLyQ=,cI3uCypiy9FgArVGHTzD7pjEZrg=
24,86,K/qTAJZ9V4VU2lXuakTwNBLKLyQ=,ztU/QTdOq1EejXfoxtdH4JBKR5A=
23,84,K/qTAJZ9V4VU2lXuakTwNBLKLyQ=,cI3uCypiy9FgArVGHTzD7pjEZrg=
19,86,K/qTAJZ9V4VU2lXuakTwNBLKLyQ=,cI3uCypiy9FgArVGHTzD7pjEZrg=
19,81,K/qTAJZ9V4VU2lXuakTwNBLKLyQ=,cI3uCypiy9FgArVGHTzD7pjEZrg=
29,94,K/qTAJZ9V4VU2lXuakTwNBLKLyQ=,z3Bb3ngPxnPG+WylArq+9NIvJMg=
23,91,K/qTAJZ9V4VU2lXuakTwNBLKLyQ=,z3Bb3ngPxnPG+WylArq+9NIvJMg=
27,90,K/qTAJZ9V4VU2lXuakTwNBLKLyQ=,z3Bb3ngPxnPG+WylArq+9NIvJMg=
18,90,K/qTAJZ9V4VU2lXuakTwNBLKLyQ=,z3Bb3ngPxnPG+WylArq+9NIvJMg=
26,90,K/qTAJZ9V4VU2lXuakTwNBLKLyQ=,z3Bb3ngPxnPG+WylArq+9NIvJMg=
22,91,K/qTAJZ9V4VU2lXuakTwNBLKLyQ=,z3Bb3ngPxnPG+WylArq+9NIvJMg=
21,91,K/qTAJZ9V4VU2lXuakTwNBLKLyQ=,z3Bb3ngPxnPG+WylArq+9NIvJMg=
18,81,K/qTAJZ9V4VU2lXuakTwNBLKLyQ=,cI3uCypiy9FgArVGHTzD7pjEZrg=
20,91,K/qTAJZ9V4VU2lXuakTwNBLKLyQ=,z3Bb3ngPxnPG+WylArq+9NIvJMg=
19,91,K/qTAJZ9V4VU2lXuakTwNBLKLyQ=,z3Bb3ngPxnPG+WylArq+9NIvJMg=
17,81,K/qTAJZ9V4VU2lXuakTwNBLKLyQ=,cI3uCypiy9FgArVGHTzD7pjEZrg=
30,94,K/qTAJZ9V4VU2lXuakTwNBLKLyQ=,z3Bb3ngPxnPG+WylArq+9NIvJMg=
19,90,K/qTAJZ9V4VU2lXuakTwNBLKLyQ=,z3Bb3ngPxnPG+WylArq+9NIvJMg=
22,86,K/qTAJZ9V4VU2lXuakTwNBLKLyQ=,cI3uCypiy9FgArVGHTzD7pjEZrg=
23,82,K/qTAJZ9V4VU2lXuakTwNBLKLyQ=,cI3uCypiy9FgArVGHTzD7pjEZrg=
25,90,K/qTAJZ9V4VU2lXuakTwNBLKLyQ=,z3Bb3ngPxnPG+WylArq+9NIvJMg=
22,83,K/qTAJZ9V4VU2lXuakTwNBLKLyQ=,cI3uCypiy9FgArVGHTzD7pjEZrg=
30,89,K/qTAJZ9V4VU2lXuakTwNBLKLyQ=,z3Bb3ngPxnPG+WylArq+9NIvJMg=
22,82,K/qTAJZ9V4VU2lXuakTwNBLKLyQ=,cI3uCypiy9FgArVGHTzD7pjEZrg=
18,91,K/qTAJZ9V4VU2lXuakTwNBLKLyQ=,z3Bb3ngPxnPG+WylArq+9NIvJMg=
30,88,K/qTAJZ9V4VU2lXuakTwNBLKLyQ=,z3Bb3ngPxnPG+WylArq+9NIvJMg=
20,90,K/qTAJZ9V4VU2lXuakTwNBLKLyQ=,z3Bb3ngPxnPG+WylArq+9NIvJMg=
24,88,K/qTAJZ9V4VU2lXuakTwNBLKLyQ=,z3Bb3ngPxnPG+WylArq+9NIvJMg=
18,86,K/qTAJZ9V4VU2lXuakTwNBLKLyQ=,cI3uCypiy9FgArVGHTzD7pjEZrg=
24,81,K/qTAJZ9V4VU2lXuakTwNBLKLyQ=,ztU/QTdOq1EejXfoxtdH4JBKR5A=
29,89,K/qTAJZ9V4VU2lXuakTwNBLKLyQ=,z3Bb3ngPxnPG+WylArq+9NIvJMg=
21,82,K/qTAJZ9V4VU2lXuakTwNBLKLyQ=,cI3uCypiy9FgArVGHTzD7pjEZrg=
23,90,K/qTAJZ9V4VU2lXuakTwNBLKLyQ=,z3Bb3ngPxnPG+WylArq+9NIvJMg=
17,91,K/qTAJZ9V4VU2lXuakTwNBLKLyQ=,z3Bb3ngPxnPG+WylArq+9NIvJMg=
25,89,K/qTAJZ9V4VU2lXuakTwNBLKLyQ=,z3Bb3ngPxnPG+WylArq+9NIvJMg=
24,85,K/qTAJZ9V4VU2lXuakTwNBLKLyQ=,ztU/QTdOq1EejXfoxtdH4JBKR5A=
17,88,K/qTAJZ9V4VU2lXuakTwNBLKLyQ=,z3Bb3ngPxnPG+WylArq+9NIvJMg=
28,89,K/qTAJZ9V4VU2lXuakTwNBLKLyQ=,z3Bb3ngPxnPG+WylArq+9NIvJMg=
21,90,K/qTAJZ9V4VU2lXuakTwNBLKLyQ=,z3Bb3ngPxnPG+WylArq+9NIvJMg=
22,84,K/qTAJZ9V4VU2lXuakTwNBLKLyQ=,cI3uCypiy9FgArVGHTzD7pjEZrg=
21,83,K/qTAJZ9V4VU2lXuakTwNBLKLyQ=,cI3uCypiy9FgArVGHTzD7pjEZrg=
20,83,K/qTAJZ9V4VU2lXuakTwNBLKLyQ=,cI3uCypiy9FgArVGHTzD7pjEZrg=
24,91,K/qTAJZ9V4VU2lXuakTwNBLKLyQ=,z3Bb3ngPxnPG+WylArq+9NIvJMg=
26,89,K/qTAJZ9V4VU2lXuakTwNBLKLyQ=,z3Bb3ngPxnPG+WylArq+9NIvJMg=
23,86,K/qTAJZ9V4VU2lXuakTwNBLKLyQ=,cI3uCypiy9FgArVGHTzD7pjEZrg=
21,84,K/qTAJZ9V4VU2lXuakTwNBLKLyQ=,cI3uCypiy9FgArVGHTzD7pjEZrg=
18,88,K/qTAJZ9V4VU2lXuakTwNBLKLyQ=,z3Bb3ngPxnPG+WylArq+9NIvJMg=
20,82,K/qTAJZ9V4VU2lXuakTwNBLKLyQ=,cI3uCypiy9FgArVGHTzD7pjEZrg=
27,89,K/qTAJZ9V4VU2lXuakTwNBLKLyQ=,z3Bb3ngPxnPG+WylArq+9NIvJMg=
20,84,K/qTAJZ9V4VU2lXuakTwNBLKLyQ=,cI3uCypiy9FgArVGHTzD7pjEZrg=
31,83,K/qTAJZ9V4VU2lXuakTwNBLKLyQ=,ztU/QTdOq1EejXfoxtdH4JBKR5A=
18,84,K/qTAJZ9V4VU2lXuakTwNBLKLyQ=,cI3uCypiy9FgArVGHTzD7pjEZrg=
19,84,K/qTAJZ9V4VU2lXuakTwNBLKLyQ=,cI3uCypiy9FgArVGHTzD7pjEZrg=
22,90,K/qTAJZ9V4VU2lXuakTwNBLKLyQ=,z3Bb3ngPxnPG+WylArq+9NIvJMg=
17,86,K/qTAJZ9V4VU2lXuakTwNBLKLyQ=,cI3uCypiy9FgArVGHTzD7pjEZrg=
17,84,K/qTAJZ9V4VU2lXuakTwNBLKLyQ=,cI3uCypiy9FgArVGHTzD7pjEZrg=
19,83,K/qTAJZ9V4VU2lXuakTwNBLKLyQ=,cI3uCypiy9FgArVGHTzD7pjEZrg=
31,82,K/qTAJZ9V4VU2lXuakTwNBLKLyQ=,ztU/QTdOq1EejXfoxtdH4JBKR5A=
23,85,K/qTAJZ9V4VU2lXuakTwNBLKLyQ=,cI3uCypiy9FgArVGHTzD7pjEZrg=
31,85,K/qTAJZ9V4VU2lXuakTwNBLKLyQ=,ztU/QTdOq1EejXfoxtdH4JBKR5A=
31,84,K/qTAJZ9V4VU2lXuakTwNBLKLyQ=,ztU/QTdOq1EejXfoxtdH4JBKR5A=
31,86,K/qTAJZ9V4VU2lXuakTwNBLKLyQ=,ztU/QTdOq1EejXfoxtdH4JBKR5A=
19,88,K/qTAJZ9V4VU2lXuakTwNBLKLyQ=,z3Bb3ngPxnPG+WylArq+9NIvJMg=
31,81,K/qTAJZ9V4VU2lXuakTwNBLKLyQ=,ztU/QTdOq1EejXfoxtdH4JBKR5A=
24,84,K/qTAJZ9V4VU2lXuakTwNBLKLyQ=,ztU/QTdOq1EejXfoxtdH4JBKR5A=
23,88,K/qTAJZ9V4VU2lXuakTwNBLKLyQ=,z3Bb3ngPxnPG+WylArq+9NIvJMg=
19,82,K/qTAJZ9V4VU2lXuakTwNBLKLyQ=,cI3uCypiy9FgArVGHTzD7pjEZrg=
22,88,K/qTAJZ9V4VU2lXuakTwNBLKLyQ=,z3Bb3ngPxnPG+WylArq+9NIvJMg=
20,88,K/qTAJZ9V4VU2lXuakTwNBLKLyQ=,z3Bb3ngPxnPG+WylArq+9NIvJMg=
21,88,K/qTAJZ9V4VU2lXuakTwNBLKLyQ=,z3Bb3ngPxnPG+WylArq+9NIvJMg=
31,90,K/qTAJZ9V4VU2lXuakTwNBLKLyQ=,z3Bb3ngPxnPG+WylArq+9NIvJMg=
31,94,K/qTAJZ9V4VU2lXuakTwNBLKLyQ=,z3Bb3ngPxnPG+WylArq+9NIvJMg=
31,89,K/qTAJZ9V4VU2lXuakTwNBLKLyQ=,z3Bb3ngPxnPG+WylArq+9NIvJMg=
31,92,K/qTAJZ9V4VU2lXuakTwNBLKLyQ=,z3Bb3ngPxnPG+WylArq+9NIvJMg=
31,91,K/qTAJZ9V4VU2lXuakTwNBLKLyQ=,z3Bb3ngPxnPG+WylArq+9NIvJMg=
31,88,K/qTAJZ9V4VU2lXuakTwNBLKLyQ=,z3Bb3ngPxnPG+WylArq+9NIvJMg=
31,93,K/qTAJZ9V4VU2lXuakTwNBLKLyQ=,z3Bb3ngPxnPG+WylArq+9NIvJMg=
25,80,K/qTAJZ9V4VU2lXuakTwNBLKLyQ=,ztU/QTdOq1EejXfoxtdH4JBKR5A=
29,80,K/qTAJZ9V4VU2lXuakTwNBLKLyQ=,ztU/QTdOq1EejXfoxtdH4JBKR5A=
28,80,K/qTAJZ9V4VU2lXuakTwNBLKLyQ=,ztU/QTdOq1EejXfoxtdH4JBKR5A=
30,80,K/qTAJZ9V4VU2lXuakTwNBLKLyQ=,ztU/QTdOq1EejXfoxtdH4JBKR5A=
27,80,K/qTAJZ9V4VU2lXuakTwNBLKLyQ=,ztU/QTdOq1EejXfoxtdH4JBKR5A=
26,80,K/qTAJZ9V4VU2lXuakTwNBLKLyQ=,ztU/QTdOq1EejXfoxtdH4JBKR5A=
31,87,K/qTAJZ9V4VU2lXuakTwNBLKLyQ=,ztU/QTdOq1EejXfoxtdH4JBKR5A=
20,80,K/qTAJZ9V4VU2lXuakTwNBLKLyQ=,cI3uCypiy9FgArVGHTzD7pjEZrg=
19,80,K/qTAJZ9V4VU2lXuakTwNBLKLyQ=,cI3uCypiy9FgArVGHTzD7pjEZrg=
17,80,K/qTAJZ9V4VU2lXuakTwNBLKLyQ=,cI3uCypiy9FgArVGHTzD7pjEZrg=
22,80,K/qTAJZ9V4VU2lXuakTwNBLKLyQ=,cI3uCypiy9FgArVGHTzD7pjEZrg=
23,80,K/qTAJZ9V4VU2lXuakTwNBLKLyQ=,cI3uCypiy9FgArVGHTzD7pjEZrg=
24,80,K/qTAJZ9V4VU2lXuakTwNBLKLyQ=,ztU/QTdOq1EejXfoxtdH4JBKR5A=
16,86,K/qTAJZ9V4VU2lXuakTwNBLKLyQ=,cI3uCypiy9FgArVGHTzD7pjEZrg=
18,80,K/qTAJZ9V4VU2lXuakTwNBLKLyQ=,cI3uCypiy9FgArVGHTzD7pjEZrg=
21,80,K/qTAJZ9V4VU2lXuakTwNBLKLyQ=,cI3uCypiy9FgArVGHTzD7pjEZrg=
16,82,K/qTAJZ9V4VU2lXuakTwNBLKLyQ=,cI3uCypiy9FgArVGHTzD7pjEZrg=
16,81,K/qTAJZ9V4VU2lXuakTwNBLKLyQ=,cI3uCypiy9FgArVGHTzD7pjEZrg=
16,83,K/qTAJZ9V4VU2lXuakTwNBLKLyQ=,cI3uCypiy9FgArVGHTzD7pjEZrg=
16,84,K/qTAJZ9V4VU2lXuakTwNBLKLyQ=,cI3uCypiy9FgArVGHTzD7pjEZrg=
16,85,K/qTAJZ9V4VU2lXuakTwNBLKLyQ=,cI3uCypiy9FgArVGHTzD7pjEZrg=
31,80,K/qTAJZ9V4VU2lXuakTwNBLKLyQ=,ztU/QTdOq1EejXfoxtdH4JBKR5A=
16,80,K/qTAJZ9V4VU2lXuakTwNBLKLyQ=,cI3uCypiy9FgArVGHTzD7pjEZrg=
16,87,K/qTAJZ9V4VU2lXuakTwNBLKLyQ=,cI3uCypiy9FgArVGHTzD7pjEZrg=
16,90,K/qTAJZ9V4VU2lXuakTwNBLKLyQ=,z3Bb3ngPxnPG+WylArq+9NIvJMg=
16,93,K/qTAJZ9V4VU2lXuakTwNBLKLyQ=,z3Bb3ngPxnPG+WylArq+9NIvJMg=
16,91,K/qTAJZ9V4VU2lXuakTwNBLKLyQ=,z3Bb3ngPxnPG+WylArq+9NIvJMg=
16,89,K/qTAJZ9V4VU2lXuakTwNBLKLyQ=,z3Bb3ngPxnPG+WylArq+9NIvJMg=
16,92,K/qTAJZ9V4VU2lXuakTwNBLKLyQ=,z3Bb3ngPxnPG+WylArq+9NIvJMg=
16,94,K/qTAJZ9V4VU2lXuakTwNBLKLyQ=,z3Bb3ngPxnPG+WylArq+9NIvJMg=
16,88,K/qTAJZ9V4VU2lXuakTwNBLKLyQ=,z3Bb3ngPxnPG+WylArq+9NIvJMg=
16,95,K/qTAJZ9V4VU2lXuakTwNBLKLyQ=,z3Bb3ngPxnPG+WylArq+9NIvJMg=
20,95,K/qTAJZ9V4VU2lXuakTwNBLKLyQ=,z3Bb3ngPxnPG+WylArq+9NIvJMg=
18,95,K/qTAJZ9V4VU2lXuakTwNBLKLyQ=,z3Bb3ngPxnPG+WylArq+9NIvJMg=
19,95,K/qTAJZ9V4VU2lXuakTwNBLKLyQ=,z3Bb3ngPxnPG+WylArq+9NIvJMg=
22,95,K/qTAJZ9V4VU2lXuakTwNBLKLyQ=,z3Bb3ngPxnPG+WylArq+9NIvJMg=
21,95,K/qTAJZ9V4VU2lXuakTwNBLKLyQ=,z3Bb3ngPxnPG+WylArq+9NIvJMg=
17,95,K/qTAJZ9V4VU2lXuakTwNBLKLyQ=,z3Bb3ngPxnPG+WylArq+9NIvJMg=
28,95,K/qTAJZ9V4VU2lXuakTwNBLKLyQ=,z3Bb3ngPxnPG+WylArq+9NIvJMg=
31,95,K/qTAJZ9V4VU2lXuakTwNBLKLyQ=,z3Bb3ngPxnPG+WylArq+9NIvJMg=
30,95,K/qTAJZ9V4VU2lXuakTwNBLKLyQ=,z3Bb3ngPxnPG+WylArq+9NIvJMg=
23,95,K/qTAJZ9V4VU2lXuakTwNBLKLyQ=,z3Bb3ngPxnPG+WylArq+9NIvJMg=
29,95,K/qTAJZ9V4VU2lXuakTwNBLKLyQ=,z3Bb3ngPxnPG+WylArq+9NIvJMg=
27,95,K/qTAJZ9V4VU2lXuakTwNBLKLyQ=,z3Bb3ngPxnPG+WylArq+9NIvJMg=
25,95,K/qTAJZ9V4VU2lXuakTwNBLKLyQ=,z3Bb3ngPxnPG+WylArq+9NIvJMg=
24,95,K/qTAJZ9V4VU2lXuakTwNBLKLyQ=,z3Bb3ngPxnPG+WylArq+9NIvJMg=
26,95,K/qTAJZ9V4VU2lXuakTwNBLKLyQ=,z3Bb3ngPxnPG+WylArq+9NIvJMg=
27,77,CJ0KHL1/gI1tEmOAVomBaoeAIU8=,cI3uCypiy9FgArVGHTzD7pjEZrg=
26,77,CJ0KHL1/gI1tEmOAVomBaoeAIU8=,cI3uCypiy9FgArVGHTzD7pjEZrg=
28,76,CJ0KHL1/gI1tEmOAVomBaoeAIU8=,cI3uCypiy9FgArVGHTzD7pjEZrg=
25,77,CJ0KHL1/gI1tEmOAVomBaoeAIU8=,cI3uCypiy9FgArVGHTzD7pjEZrg=
25,76,pgTBkMWmfbrru5I+4j27HRH8J1E=,cI3uCypiy9FgArVGHTzD7pjEZrg=
29,76,pgTBkMWmfbrru5I+4j27HRH8J1E=,cI3uCypiy9FgArVGHTzD7pjEZrg=
27,76,pgTBkMWmfbrru5I+4j27HRH8J1E=,cI3uCypiy9FgArVGHTzD7pjEZrg=
30,76,pgTBkMWmfbrru5I+4j27HRH8J1E=,cI3uCypiy9FgArVGHTzD7pjEZrg=
30,75,pgTBkMWmfbrru5I+4j27HRH8J1E=,cI3uCypiy9FgArVGHTzD7pjEZrg=
28,77,pgTBkMWmfbrru5I+4j27HRH8J1E=,cI3uCypiy9FgArVGHTzD7pjEZrg=
26,76,pgTBkMWmfbrru5I+4j27HRH8J1E=,cI3uCypiy9FgArVGHTzD7pjEZrg=
28,67,pgTBkMWmfbrru5I+4j27HRH8J1E=,/VKgLgkYBuWQEK4jWajWow3ASB0=
29,75,pgTBkMWmfbrru5I+4j27HRH8J1E=,cI3uCypiy9FgArVGHTzD7pjEZrg=
27,75,pgTBkMWmfbrru5I+4j27HRH8J1E=,cI3uCypiy9FgArVGHTzD7pjEZrg=
28,75,pgTBkMWmfbrru5I+4j27HRH8J1E=,cI3uCypiy9FgArVGHTzD7pjEZrg=
25,75,pgTBkMWmfbrru5I+4j27HRH8J1E=,cI3uCypiy9FgArVGHTzD7pjEZrg=
26,75,pgTBkMWmfbrru5I+4j27HRH8J1E=,cI3uCypiy9FgArVGHTzD7pjEZrg=
30,78,pgTBkMWmfbrru5I+4j27HRH8J1E=,cI3uCypiy9FgArVGHTzD7pjEZrg=
27,67,pgTBkMWmfbrru5I+4j27HRH8J1E=,/VKgLgkYBuWQEK4jWajWow3ASB0=
29,77,pgTBkMWmfbrru5I+4j27HRH8J1E=,cI3uCypiy9FgArVGHTzD7pjEZrg=
30,74,pgTBkMWmfbrru5I+4j27HRH8J1E=,cI3uCypiy9FgArVGHTzD7pjEZrg=
29,67,pgTBkMWmfbrru5I+4j27HRH8J1E=,/VKgLgkYBuWQEK4jWajWow3ASB0=
17,73,pgTBkMWmfbrru5I+4j27HRH8J1E=,sEp977YQezByhcH+PHdT5cXVLFY=
30,77,pgTBkMWmfbrru5I+4j27HRH8J1E=,cI3uCypiy9FgArVGHTzD7pjEZrg=
29,74,pgTBkMWmfbrru5I+4j27HRH8J1E=,cI3uCypiy9FgArVGHTzD7pjEZrg=
28,78,pgTBkMWmfbrru5I+4j27HRH8J1E=,cI3uCypiy9FgArVGHTzD7pjEZrg=
29,78,pgTBkMWmfbrru5I+4j27HRH8J1E=,cI3uCypiy9FgArVGHTzD7pjEZrg=
26,67,pgTBkMWmfbrru5I+4j27HRH8J1E=,/VKgLgkYBuWQEK4jWajWow3ASB0=
24,77,pgTBkMWmfbrru5I+4j27HRH8J1E=,cI3uCypiy9FgArVGHTzD7pjEZrg=
27,78,pgTBkMWmfbrru5I+4j27HRH8J1E=,cI3uCypiy9FgArVGHTzD7pjEZrg=
30,67,pgTBkMWmfbrru5I+4j27HRH8J1E=,/VKgLgkYBuWQEK4jWajWow3ASB0=
23,78,pgTBkMWmfbrru5I+4j27HRH8J1E=,sEp977YQezByhcH+PHdT5cXVLFY=
24,73,pgTBkMWmfbrru5I+4j27HRH8J1E=,cI3uCypiy9FgArVGHTzD7pjEZrg=
25,73,pgTBkMWmfbrru5I+4j27HRH8J1E=,cI3uCypiy9FgArVGHTzD7pjEZrg=
28,74,pgTBkMWmfbrru5I+4j27HRH8J1E=,cI3uCypiy9FgArVGHTzD7pjEZrg=
21,70,pgTBkMWmfbrru5I+4j27HRH8J1E=,/VKgLgkYBuWQEK4jWajWow3ASB0=
27,74,pgTBkMWmfbrru5I+4j27HRH8J1E=,cI3uCypiy9FgArVGHTzD7pjEZrg=
20,71,pgTBkMWmfbrru5I+4j27HRH8J1E=,/VKgLgkYBuWQEK4jWajWow3ASB0=
22,78,pgTBkMWmfbrru5I+4j27HRH8J1E=,sEp977YQezByhcH+PHdT5cXVLFY=
30,71,pgTBkMWmfbrru5I+4j27HRH8J1E=,/VKgLgkYBuWQEK4jWajWow3ASB0=
24,76,pgTBkMWmfbrru5I+4j27HRH8J1E=,cI3uCypiy9FgArVGHTzD7pjEZrg=
18,73,pgTBkMWmfbrru5I+4j27HRH8J1E=,sEp977YQezByhcH+PHdT5cXVLFY=
25,68,pgTBkMWmfbrru5I+4j27HRH8J1E=,/VKgLgkYBuWQEK4jWajWow3ASB0=
20,70,pgTBkMWmfbrru5I+4j27HRH8J1E=,/VKgLgkYBuWQEK4jWajWow3ASB0=
23,67,pgTBkMWmfbrru5I+4j27HRH8J1E=,/VKgLgkYBuWQEK4jWajWow3ASB0=
25,67,pgTBkMWmfbrru5I+4j27HRH8J1E=,/VKgLgkYBuWQEK4jWajWow3ASB0=
26,74,pgTBkMWmfbrru5I+4j27HRH8J1E=,cI3uCypiy9FgArVGHTzD7pjEZrg=
20,78,pgTBkMWmfbrru5I+4j27HRH8J1E=,sEp977YQezByhcH+PHdT5cXVLFY=
25,74,pgTBkMWmfbrru5I+4j27HRH8J1E=,cI3uCypiy9FgArVGHTzD7pjEZrg=
20,65,pgTBkMWmfbrru5I+4j27HRH8J1E=,/VKgLgkYBuWQEK4jWajWow3ASB0=
26,73,pgTBkMWmfbrru5I+4j27HRH8J1E=,cI3uCypiy9FgArVGHTzD7pjEZrg=
21,78,pgTBkMWmfbrru5I+4j27HRH8J1E=,sEp977YQezByhcH+PHdT5cXVLFY=
26,78,pgTBkMWmfbrru5I+4j27HRH8J1E=,cI3uCypiy9FgArVGHTzD7pjEZrg=
24,78,pgTBkMWmfbrru5I+4j27HRH8J1E=,cI3uCypiy9FgArVGHTzD7pjEZrg=
29,73,pgTBkMWmfbrru5I+4j27HRH8J1E=,cI3uCypiy9FgArVGHTzD7pjEZrg=
30,73,pgTBkMWmfbrru5I+4j27HRH8J1E=,cI3uCypiy9FgArVGHTzD7pjEZrg=
17,66,pgTBkMWmfbrru5I+4j27HRH8J1E=,/VKgLgkYBuWQEK4jWajWow3ASB0=
26,68,pgTBkMWmfbrru5I+4j27HRH8J1E=,/VKgLgkYBuWQEK4jWajWow3ASB0=
21,71,pgTBkMWmfbrru5I+4j27HRH8J1E=,/VKgLgkYBuWQEK4jWajWow3ASB0=
24,67,pgTBkMWmfbrru5I+4j27HRH8J1E=,/VKgLgkYBuWQEK4jWajWow3ASB0=
25,78,pgTBkMWmfbrru5I+4j27HRH8J1E=,cI3uCypiy9FgArVGHTzD7pjEZrg=
19,78,pgTBkMWmfbrru5I+4j27HRH8J1E=,sEp977YQezByhcH+PHdT5cXVLFY=
18,78,pgTBkMWmfbrru5I+4j27HRH8J1E=,sEp977YQezByhcH+PHdT5cXVLFY=
29,71,pgTBkMWmfbrru5I+4j27HRH8J1E=,/VKgLgkYBuWQEK4jWajWow3ASB0=
19,73,pgTBkMWmfbrru5I+4j27HRH8J1E=,sEp977YQezByhcH+PHdT5cXVLFY=
25,72,pgTBkMWmfbrru5I+4j27HRH8J1E=,cI3uCypiy9FgArVGHTzD7pjEZrg=
28,73,pgTBkMWmfbrru5I+4j27HRH8J1E=,cI3uCypiy9FgArVGHTzD7pjEZrg=
21,65,pgTBkMWmfbrru5I+4j27HRH8J1E=,/VKgLgkYBuWQEK4jWajWow3ASB0=
17,78,pgTBkMWmfbrru5I+4j27HRH8J1E=,sEp977YQezByhcH+PHdT5cXVLFY=
19,71,pgTBkMWmfbrru5I+4j27HRH8J1E=,/VKgLgkYBuWQEK4jWajWow3ASB0=
23,77,pgTBkMWmfbrru5I+4j27HRH8J1E=,sEp977YQezByhcH+PHdT5cXVLFY=
23,68,pgTBkMWmfbrru5I+4j27HRH8J1E=,/VKgLgkYBuWQEK4jWajWow3ASB0=
30,66,pgTBkMWmfbrru5I+4j27HRH8J1E=,/VKgLgkYBuWQEK4jWajWow3ASB0=
27,73,pgTBkMWmfbrru5I+4j27HRH8J1E=,cI3uCypiy9FgArVGHTzD7pjEZrg=
26,72,pgTBkMWmfbrru5I+4j27HRH8J1E=,cI3uCypiy9FgArVGHTzD7pjEZrg=
23,65,pgTBkMWmfbrru5I+4j27HRH8J1E=,/VKgLgkYBuWQEK4jWajWow3ASB0=
22,65,pgTBkMWmfbrru5I+4j27HRH8J1E=,/VKgLgkYBuWQEK4jWajWow3ASB0=
20,73,pgTBkMWmfbrru5I+4j27HRH8J1E=,sEp977YQezByhcH+PHdT5cXVLFY=
22,77,pgTBkMWmfbrru5I+4j27HRH8J1E=,sEp977YQezByhcH+PHdT5cXVLFY=
29,66,pgTBkMWmfbrru5I+4j27HRH8J1E=,/VKgLgkYBuWQEK4jWajWow3ASB0=
28,66,pgTBkMWmfbrru5I+4j27HRH8J1E=,/VKgLgkYBuWQEK4jWajWow3ASB0=
27,66,pgTBkMWmfbrru5I+4j27HRH8J1E=,/VKgLgkYBuWQEK4jWajWow3ASB0=
18,71,pgTBkMWmfbrru5I+4j27HRH8J1E=,/VKgLgkYBuWQEK4jWajWow3ASB0=
27,72,pgTBkMWmfbrru5I+4j27HRH8J1E=,cI3uCypiy9FgArVGHTzD7pjEZrg=
22,71,pgTBkMWmfbrru5I+4j27HRH8J1E=,/VKgLgkYBuWQEK4jWajWow3ASB0=
17,71,pgTBkMWmfbrru5I+4j27HRH8J1E=,/VKgLgkYBuWQEK4jWajWow3ASB0=
20,77,pgTBkMWmfbrru5I+4j27HRH8J1E=,sEp977YQezByhcH+PHdT5cXVLFY=
19,77,pgTBkMWmfbrru5I+4j27HRH8J1E=,sEp977YQezByhcH+PHdT5cXVLFY=
21,73,pgTBkMWmfbrru5I+4j27HRH8J1E=,sEp977YQezByhcH+PHdT5cXVLFY=
24,66,pgTBkMWmfbrru5I+4j27HRH8J1E=,/VKgLgkYBuWQEK4jWajWow3ASB0=
17,67,pgTBkMWmfbrru5I+4j27HRH8J1E=,/VKgLgkYBuWQEK4jWajWow3ASB0=
21,77,pgTBkMWmfbrru5I+4j27HRH8J1E=,sEp977YQezByhcH+PHdT5cXVLFY=
28,72,pgTBkMWmfbrru5I+4j27HRH8J1E=,cI3uCypiy9FgArVGHTzD7pjEZrg=
23,71,pgTBkMWmfbrru5I+4j27HRH8J1E=,/VKgLgkYBuWQEK4jWajWow3ASB0=
24,65,pgTBkMWmfbrru5I+4j27HRH8J1E=,/VKgLgkYBuWQEK4jWajWow3ASB0=
22,68,pgTBkMWmfbrru5I+4j27HRH8J1E=,/VKgLgkYBuWQEK4jWajWow3ASB0=
19,70,pgTBkMWmfbrru5I+4j27HRH8J1E=,/VKgLgkYBuWQEK4jWajWow3ASB0=
26,66,pgTBkMWmfbrru5I+4j27HRH8J1E=,/VKgLgkYBuWQEK4jWajWow3ASB0=
22,73,pgTBkMWmfbrru5I+4j27HRH8J1E=,sEp977YQezByhcH+PHdT5cXVLFY=
25,66,pgTBkMWmfbrru5I+4j27HRH8J1E=,/VKgLgkYBuWQEK4jWajWow3ASB0=
27,68,pgTBkMWmfbrru5I+4j27HRH8J1E=,/VKgLgkYBuWQEK4jWajWow3ASB0=
22,67,pgTBkMWmfbrru5I+4j27HRH8J1E=,/VKgLgkYBuWQEK4jWajWow3ASB0=
24,71,pgTBkMWmfbrru5I+4j27HRH8J1E=,/VKgLgkYBuWQEK4jWajWow3ASB0=
24,68,pgTBkMWmfbrru5I+4j27HRH8J1E=,/VKgLgkYBuWQEK4jWajWow3ASB0=
18,77,pgTBkMWmfbrru5I+4j27HRH8J1E=,sEp977YQezByhcH+PHdT5cXVLFY=
21,67,pgTBkMWmfbrru5I+4j27HRH8J1E=,/VKgLgkYBuWQEK4jWajWow3ASB0=
23,76,pgTBkMWmfbrru5I+4j27HRH8J1E=,sEp977YQezByhcH+PHdT5cXVLFY=
23,73,pgTBkMWmfbrru5I+4j27HRH8J1E=,sEp977YQezByhcH+PHdT5cXVLFY=
21,76,pgTBkMWmfbrru5I+4j27HRH8J1E=,sEp977YQezByhcH+PHdT5cXVLFY=
22,76,pgTBkMWmfbrru5I+4j27HRH8J1E=,sEp977YQezByhcH+PHdT5cXVLFY=
17,77,pgTBkMWmfbrru5I+4j27HRH8J1E=,sEp977YQezByhcH+PHdT5cXVLFY=
18,66,pgTBkMWmfbrru5I+4j27HRH8J1E=,/VKgLgkYBuWQEK4jWajWow3ASB0=
29,65,pgTBkMWmfbrru5I+4j27HRH8J1E=,/VKgLgkYBuWQEK4jWajWow3ASB0=
28,65,pgTBkMWmfbrru5I+4j27HRH8J1E=,/VKgLgkYBuWQEK4jWajWow3ASB0=
30,65,pgTBkMWmfbrru5I+4j27HRH8J1E=,/VKgLgkYBuWQEK4jWajWow3ASB0=
20,76,pgTBkMWmfbrru5I+4j27HRH8J1E=,sEp977YQezByhcH+PHdT5cXVLFY=
24,74,pgTBkMWmfbrru5I+4j27HRH8J1E=,cI3uCypiy9FgArVGHTzD7pjEZrg=
19,76,pgTBkMWmfbrru5I+4j27HRH8J1E=,sEp977YQezByhcH+PHdT5cXVLFY=
18,76,pgTBkMWmfbrru5I+4j27HRH8J1E=,sEp977YQezByhcH+PHdT5cXVLFY=
23,66,pgTBkMWmfbrru5I+4j27HRH8J1E=,/VKgLgkYBuWQEK4jWajWow3ASB0=
22,69,pgTBkMWmfbrru5I+4j27HRH8J1E=,/VKgLgkYBuWQEK4jWajWow3ASB0=
29,72,pgTBkMWmfbrru5I+4j27HRH8J1E=,cI3uCypiy9FgArVGHTzD7pjEZrg=
28,71,pgTBkMWmfbrru5I+4j27HRH8J1E=,/VKgLgkYBuWQEK4jWajWow3ASB0=
17,74,pgTBkMWmfbrru5I+4j27HRH8J1E=,sEp977YQezByhcH+PHdT5cXVLFY=
21,68,pgTBkMWmfbrru5I+4j27HRH8J1E=,/VKgLgkYBuWQEK4jWajWow3ASB0=
27,65,pgTBkMWmfbrru5I+4j27HRH8J1E=,/VKgLgkYBuWQEK4jWajWow3ASB0=
22,66,pgTBkMWmfbrru5I+4j27HRH8J1E=,/VKgLgkYBuWQEK4jWajWow3ASB0=
25,65,pgTBkMWmfbrru5I+4j27HRH8J1E=,/VKgLgkYBuWQEK4jWajWow3ASB0=
17,72,pgTBkMWmfbrru5I+4j27HRH8J1E=,sEp977YQezByhcH+PHdT5cXVLFY=
20,67,pgTBkMWmfbrru5I+4j27HRH8J1E=,/VKgLgkYBuWQEK4jWajWow3ASB0=
27,71,pgTBkMWmfbrru5I+4j27HRH8J1E=,/VKgLgkYBuWQEK4jWajWow3ASB0=
18,74,pgTBkMWmfbrru5I+4j27HRH8J1E=,sEp977YQezByhcH+PHdT5cXVLFY=
21,66,pgTBkMWmfbrru5I+4j27HRH8J1E=,/VKgLgkYBuWQEK4jWajWow3ASB0=
30,72,pgTBkMWmfbrru5I+4j27HRH8J1E=,cI3uCypiy9FgArVGHTzD7pjEZrg=
26,65,pgTBkMWmfbrru5I+4j27HRH8J1E=,/VKgLgkYBuWQEK4jWajWow3ASB0=
17,76,pgTBkMWmfbrru5I+4j27HRH8J1E=,sEp977YQezByhcH+PHdT5cXVLFY=
24,70,pgTBkMWmfbrru5I+4j27HRH8J1E=,/VKgLgkYBuWQEK4jWajWow3ASB0=
21,69,pgTBkMWmfbrru5I+4j27HRH8J1E=,/VKgLgkYBuWQEK4jWajWow3ASB0=
26,71,pgTBkMWmfbrru5I+4j27HRH8J1E=,/VKgLgkYBuWQEK4jWajWow3ASB0=
18,72,pgTBkMWmfbrru5I+4j27HRH8J1E=,sEp977YQezByhcH+PHdT5cXVLFY=
19,74,pgTBkMWmfbrru5I+4j27HRH8J1E=,sEp977YQezByhcH+PHdT5cXVLFY=
28,68,pgTBkMWmfbrru5I+4j27HRH8J1E=,/VKgLgkYBuWQEK4jWajWow3ASB0=
20,69,pgTBkMWmfbrru5I+4j27HRH8J1E=,/VKgLgkYBuWQEK4jWajWow3ASB0=
25,71,pgTBkMWmfbrru5I+4j27HRH8J1E=,/VKgLgkYBuWQEK4jWajWow3ASB0=
19,69,pgTBkMWmfbrru5I+4j27HRH8J1E=,/VKgLgkYBuWQEK4jWajWow3ASB0=
30,70,pgTBkMWmfbrru5I+4j27HRH8J1E=,/VKgLgkYBuWQEK4jWajWow3ASB0=
23,70,pgTBkMWmfbrru5I+4j27HRH8J1E=,/VKgLgkYBuWQEK4jWajWow3ASB0=
24,72,pgTBkMWmfbrru5I+4j27HRH8J1E=,cI3uCypiy9FgArVGHTzD7pjEZrg=
24,75,pgTBkMWmfbrru5I+4j27HRH8J1E=,cI3uCypiy9FgArVGHTzD7pjEZrg=
29,68,pgTBkMWmfbrru5I+4j27HRH8J1E=,/VKgLgkYBuWQEK4jWajWow3ASB0=
24,69,pgTBkMWmfbrru5I+4j27HRH8J1E=,/VKgLgkYBuWQEK4jWajWow3ASB0=
18,70,pgTBkMWmfbrru5I+4j27HRH8J1E=,/VKgLgkYBuWQEK4jWajWow3ASB0=
20,74,pgTBkMWmfbrru5I+4j27HRH8J1E=,sEp977YQezByhcH+PHdT5cXVLFY=
20,68,pgTBkMWmfbrru5I+4j27HRH8J1E=,/VKgLgkYBuWQEK4jWajWow3ASB0=
23,75,pgTBkMWmfbrru5I+4j27HRH8J1E=,sEp977YQezByhcH+PHdT5cXVLFY=
18,69,pgTBkMWmfbrru5I+4j27HRH8J1E=,/VKgLgkYBuWQEK4jWajWow3ASB0=
22,75,pgTBkMWmfbrru5I+4j27HRH8J1E=,sEp977YQezByhcH+PHdT5cXVLFY=
30,68,pgTBkMWmfbrru5I+4j27HRH8J1E=,/VKgLgkYBuWQEK4jWajWow3ASB0=
19,72,pgTBkMWmfbrru5I+4j27HRH8J1E=,sEp977YQezByhcH+PHdT5cXVLFY=
21,75,pgTBkMWmfbrru5I+4j27HRH8J1E=,sEp977YQezByhcH+PHdT5cXVLFY=
17,70,pgTBkMWmfbrru5I+4j27HRH8J1E=,/VKgLgkYBuWQEK4jWajWow3ASB0=
31,67,pgTBkMWmfbrru5I+4j27HRH8J1E=,/VKgLgkYBuWQEK4jWajWow3ASB0=
21,74,pgTBkMWmfbrru5I+4j27HRH8J1E=,sEp977YQezByhcH+PHdT5cXVLFY=
17,69,pgTBkMWmfbrru5I+4j27HRH8J1E=,/VKgLgkYBuWQEK4jWajWow3ASB0=
19,67,pgTBkMWmfbrru5I+4j27HRH8J1E=,/VKgLgkYBuWQEK4jWajWow3ASB0=
20,72,pgTBkMWmfbrru5I+4j27HRH8J1E=,sEp977YQezByhcH+PHdT5cXVLFY=
20,75,pgTBkMWmfbrru5I+4j27HRH8J1E=,sEp977YQezByhcH+PHdT5cXVLFY=
31,66,pgTBkMWmfbrru5I+4j27HRH8J1E=,/VKgLgkYBuWQEK4jWajWow3ASB0=
25,69,pgTBkMWmfbrru5I+4j27HRH8J1E=,/VKgLgkYBuWQEK4jWajWow3ASB0=
29,70,pgTBkMWmfbrru5I+4j27HRH8J1E=,/VKgLgkYBuWQEK4jWajWow3ASB0=
22,74,pgTBkMWmfbrru5I+4j27HRH8J1E=,sEp977YQezByhcH+PHdT5cXVLFY=
31,68,pgTBkMWmfbrru5I+4j27HRH8J1E=,/VKgLgkYBuWQEK4jWajWow3ASB0=
31,65,pgTBkMWmfbrru5I+4j27HRH8J1E=,/VKgLgkYBuWQEK4jWajWow3ASB0=
20,66,pgTBkMWmfbrru5I+4j27HRH8J1E=,/VKgLgkYBuWQEK4jWajWow3ASB0=
31,70,pgTBkMWmfbrru5I+4j27HRH8J1E=,/VKgLgkYBuWQEK4jWajWow3ASB0=
19,68,pgTBkMWmfbrru5I+4j27HRH8J1E=,/VKgLgkYBuWQEK4jWajWow3ASB0=
21,72,pgTBkMWmfbrru5I+4j27HRH8J1E=,sEp977YQezByhcH+PHdT5cXVLFY=
28,70,pgTBkMWmfbrru5I+4j27HRH8J1E=,/VKgLgkYBuWQEK4jWajWow3ASB0=
19,75,pgTBkMWmfbrru5I+4j27HRH8J1E=,sEp977YQezByhcH+PHdT5cXVLFY=
26,69,pgTBkMWmfbrru5I+4j27HRH8J1E=,/VKgLgkYBuWQEK4jWajWow3ASB0=
18,68,pgTBkMWmfbrru5I+4j27HRH8J1E=,/VKgLgkYBuWQEK4jWajWow3ASB0=
23,74,pgTBkMWmfbrru5I+4j27HRH8J1E=,sEp977YQezByhcH+PHdT5cXVLFY=
18,75,pgTBkMWmfbrru5I+4j27HRH8J1E=,sEp977YQezByhcH+PHdT5cXVLFY=
17,75,pgTBkMWmfbrru5I+4j27HRH8J1E=,sEp977YQezByhcH+PHdT5cXVLFY=
27,70,pgTBkMWmfbrru5I+4j27HRH8J1E=,/VKgLgkYBuWQEK4jWajWow3ASB0=
22,72,pgTBkMWmfbrru5I+4j27HRH8J1E=,sEp977YQezByhcH+PHdT5cXVLFY=
31,69,pgTBkMWmfbrru5I+4j27HRH8J1E=,/VKgLgkYBuWQEK4jWajWow3ASB0=
17,68,pgTBkMWmfbrru5I+4j27HRH8J1E=,/VKgLgkYBuWQEK4jWajWow3ASB0=
26,70,pgTBkMWmfbrru5I+4j27HRH8J1E=,/VKgLgkYBuWQEK4jWajWow3ASB0=
25,70,pgTBkMWmfbrru5I+4j27HRH8J1E=,/VKgLgkYBuWQEK4jWajWow3ASB0=
18,67,pgTBkMWmfbrru5I+4j27HRH8J1E=,/VKgLgkYBuWQEK4jWajWow3ASB0=
27,69,pgTBkMWmfbrru5I+4j27HRH8J1E=,/VKgLgkYBuWQEK4jWajWow3ASB0=
17,65,pgTBkMWmfbrru5I+4j27HRH8J1E=,/VKgLgkYBuWQEK4jWajWow3ASB0=
23,72,pgTBkMWmfbrru5I+4j27HRH8J1E=,sEp977YQezByhcH+PHdT5cXVLFY=
18,65,pgTBkMWmfbrru5I+4j27HRH8J1E=,/VKgLgkYBuWQEK4jWajWow3ASB0=
19,65,pgTBkMWmfbrru5I+4j27HRH8J1E=,/VKgLgkYBuWQEK4jWajWow3ASB0=
30,69,pgTBkMWmfbrru5I+4j27HRH8J1E=,/VKgLgkYBuWQEK4jWajWow3ASB0=
23,69,pgTBkMWmfbrru5I+4j27HRH8J1E=,/VKgLgkYBuWQEK4jWajWow3ASB0=
28,69,pgTBkMWmfbrru5I+4j27HRH8J1E=,/VKgLgkYBuWQEK4jWajWow3ASB0=
29,69,pgTBkMWmfbrru5I+4j27HRH8J1E=,/VKgLgkYBuWQEK4jWajWow3ASB0=
19,66,pgTBkMWmfbrru5I+4j27HRH8J1E=,/VKgLgkYBuWQEK4jWajWow3ASB0=
31,73,pgTBkMWmfbrru5I+4j27HRH8J1E=,cI3uCypiy9FgArVGHTzD7pjEZrg=
22,70,pgTBkMWmfbrru5I+4j27HRH8J1E=,/VKgLgkYBuWQEK4jWajWow3ASB0=
31,74,pgTBkMWmfbrru5I+4j27HRH8J1E=,cI3uCypiy9FgArVGHTzD7pjEZrg=
31,77,pgTBkMWmfbrru5I+4j27HRH8J1E=,cI3uCypiy9FgArVGHTzD7pjEZrg=
31,78,pgTBkMWmfbrru5I+4j27HRH8J1E=,cI3uCypiy9FgArVGHTzD7pjEZrg=
31,75,pgTBkMWmfbrru5I+4j27HRH8J1E=,cI3uCypiy9FgArVGHTzD7pjEZrg=
31,76,pgTBkMWmfbrru5I+4j27HRH8J1E=,cI3uCypiy9FgArVGHTzD7pjEZrg=
31,71,pgTBkMWmfbrru5I+4j27HRH8J1E=,/VKgLgkYBuWQEK4jWajWow3ASB0=
25,79,pgTBkMWmfbrru5I+4j27HRH8J1E=,cI3uCypiy9FgArVGHTzD7pjEZrg=
31,72,pgTBkMWmfbrru5I+4j27HRH8J1E=,cI3uCypiy9FgArVGHTzD7pjEZrg=
29,79,pgTBkMWmfbrru5I+4j27HRH8J1E=,cI3uCypiy9FgArVGHTzD7pjEZrg=
26,79,pgTBkMWmfbrru5I+4j27HRH8J1E=,cI3uCypiy9FgArVGHTzD7pjEZrg=
30,79,pgTBkMWmfbrru5I+4j27HRH8J1E=,cI3uCypiy9FgArVGHTzD7pjEZrg=
28,79,pgTBkMWmfbrru5I+4j27HRH8J1E=,cI3uCypiy9FgArVGHTzD7pjEZrg=
27,79,pgTBkMWmfbrru5I+4j27HRH8J1E=,cI3uCypiy9FgArVGHTzD7pjEZrg=
24,79,pgTBkMWmfbrru5I+4j27HRH8J1E=,cI3uCypiy9FgArVGHTzD7pjEZrg=
22,79,pgTBkMWmfbrru5I+4j27HRH8J1E=,sEp977YQezByhcH+PHdT5cXVLFY=
20,79,pgTBkMWmfbrru5I+4j27HRH8J1E=,sEp977YQezByhcH+PHdT5cXVLFY=
21,79,pgTBkMWmfbrru5I+4j27HRH8J1E=,sEp977YQezByhcH+PHdT5cXVLFY=
18,79,pgTBkMWmfbrru5I+4j27HRH8J1E=,sEp977YQezByhcH+PHdT5cXVLFY=
17,79,pgTBkMWmfbrru5I+4j27HRH8J1E=,sEp977YQezByhcH+PHdT5cXVLFY=
19,79,pgTBkMWmfbrru5I+4j27HRH8J1E=,sEp977YQezByhcH+PHdT5cXVLFY=
16,73,pgTBkMWmfbrru5I+4j27HRH8J1E=,sEp977YQezByhcH+PHdT5cXVLFY=
16,75,pgTBkMWmfbrru5I+4j27HRH8J1E=,sEp977YQezByhcH+PHdT5cXVLFY=
16,77,pgTBkMWmfbrru5I+4j27HRH8J1E=,sEp977YQezByhcH+PHdT5cXVLFY=
16,76,pgTBkMWmfbrru5I+4j27HRH8J1E=,sEp977YQezByhcH+PHdT5cXVLFY=
16,78,pgTBkMWmfbrru5I+4j27HRH8J1E=,sEp977YQezByhcH+PHdT5cXVLFY=
16,74,pgTBkMWmfbrru5I+4j27HRH8J1E=,sEp977YQezByhcH+PHdT5cXVLFY=
16,79,pgTBkMWmfbrru5I+4j27HRH8J1E=,sEp977YQezByhcH+PHdT5cXVLFY=
31,79,pgTBkMWmfbrru5I+4j27HRH8J1E=,cI3uCypiy9FgArVGHTzD7pjEZrg=
16,70,pgTBkMWmfbrru5I+4j27HRH8J1E=,/VKgLgkYBuWQEK4jWajWow3ASB0=
16,69,pgTBkMWmfbrru5I+4j27HRH8J1E=,/VKgLgkYBuWQEK4jWajWow3ASB0=
16,65,pgTBkMWmfbrru5I+4j27HRH8J1E=,/VKgLgkYBuWQEK4jWajWow3ASB0=
16,68,pgTBkMWmfbrru5I+4j27HRH8J1E=,/VKgLgkYBuWQEK4jWajWow3ASB0=
16,71,pgTBkMWmfbrru5I+4j27HRH8J1E=,/VKgLgkYBuWQEK4jWajWow3ASB0=
16,66,pgTBkMWmfbrru5I+4j27HRH8J1E=,/VKgLgkYBuWQEK4jWajWow3ASB0=
16,67,pgTBkMWmfbrru5I+4j27HRH8J1E=,/VKgLgkYBuWQEK4jWajWow3ASB0=
16,72,pgTBkMWmfbrru5I+4j27HRH8J1E=,sEp977YQezByhcH+PHdT5cXVLFY=
20,64,pgTBkMWmfbrru5I+4j27HRH8J1E=,/VKgLgkYBuWQEK4jWajWow3ASB0=
16,64,pgTBkMWmfbrru5I+4j27HRH8J1E=,/VKgLgkYBuWQEK4jWajWow3ASB0=
18,64,pgTBkMWmfbrru5I+4j27HRH8J1E=,/VKgLgkYBuWQEK4jWajWow3ASB0=
19,64,pgTBkMWmfbrru5I+4j27HRH8J1E=,/VKgLgkYBuWQEK4jWajWow3ASB0=
17,64,pgTBkMWmfbrru5I+4j27HRH8J1E=,/VKgLgkYBuWQEK4jWajWow3ASB0=
22,64,pgTBkMWmfbrru5I+4j27HRH8J1E=,/VKgLgkYBuWQEK4jWajWow3ASB0=
21,64,pgTBkMWmfbrru5I+4j27HRH8J1E=,/VKgLgkYBuWQEK4jWajWow3ASB0=
23,64,pgTBkMWmfbrru5I+4j27HRH8J1E=,/VKgLgkYBuWQEK4jWajWow3ASB0=
29,64,pgTBkMWmfbrru5I+4j27HRH8J1E=,/VKgLgkYBuWQEK4jWajWow3ASB0=
31,64,pgTBkMWmfbrru5I+4j27HRH8J1E=,/VKgLgkYBuWQEK4jWajWow3ASB0=
24,64,pgTBkMWmfbrru5I+4j27HRH8J1E=,/VKgLgkYBuWQEK4jWajWow3ASB0=
30,64,pgTBkMWmfbrru5I+4j27HRH8J1E=,/VKgLgkYBuWQEK4jWajWow3ASB0=
25,64,pgTBkMWmfbrru5I+4j27HRH8J1E=,/VKgLgkYBuWQEK4jWajWow3ASB0=
28,64,pgTBkMWmfbrru5I+4j27HRH8J1E=,/VKgLgkYBuWQEK4jWajWow3ASB0=
27,64,pgTBkMWmfbrru5I+4j27HRH8J1E=,/VKgLgkYBuWQEK4jWajWow3ASB0=
26,64,pgTBkMWmfbrru5I+4j27HRH8J1E=,/VKgLgkYBuWQEK4jWajWow3ASB0=
23,79,pgTBkMWmfbrru5I+4j27HRH8J1E=,sEp977YQezByhcH+PHdT5cXVLFY=
